"","site","core","horizon","carbon.addition","Run.set","run.order","sample.id","timepoint","group","vial.id","unpressurized","picarro.id","sampling.dilution..mL.zero..mL.sample.","dilution.for.analysis.on.picarro..mL.zero..mL.sample.","Rundate","Runtime","Position","X12CO2_mean","X12CO2_stdev","X13CO2_mean","X13CO2_stdev","Delta_30s_iCO2_mean","Delta_30s_iCO2_stdev","H2O","OutletValve","ChemDetect","notes","corrected.12CO2.concentration","corrected.13CO2.concentration","corrected.total.CO2.concentration","corrected.delta13C","initial.12CO2_C_mean_ppm","initial.13CO2_C_mean_ppm","avg.blank.CO2.total.ppm","avg.blank.d13C","avg.blank.13CO2.ppm","combined_CO2_ppm","combined_CO2_ppm_blank_corrected","blank_corrected_13_CO2_ppm","n","moles_13CO2","g_13CO2_C","mg_13CO2_C","mg_CO2_C_total","dry.soil.mass.g","mg_13CO2_C_per_g_dry_soil","mg_CO2_C_per_g_dry_soil"
"1","1","12","M","12CG",10,42,"0112M_12CG_72HR","72HR","R6","53",NA,"53","1:1","5:1",20230609,32241,53,725,0.6,8.1,0,-11.3,0.2,0.2,23580.3,0,NA,814.607087573579,8.95368692328112,823.902500330682,-124.243936526214,9775.28505088295,107.444243079373,24.4289815769401,27.7454545454545,-0.314456864368751,9882.72929396232,9858.30031238538,107.758699943742,0.0052343431798962,5.64046016125008e-07,6.77419265366134e-06,0.00677419265366134,0.61973674133609,10.01,0.000676742522843291,0.0619117623712378
"2","1","12","M","12CG",6,79,"0112M_12CG_24HR","24HR","R6","11","x","11","1:1","5:1",20221220,130056,79,566.8829551,0.411736467,6.331710164,0.005848839,-8.301383282,0.98694007,0.131543905,23213.47584,0,"",625.414515994405,6.85429314086723,632.902985509105,-120.698220393225,7504.97419193286,82.2515176904068,424.976165308335,1.2062514755,4.58384078912491,7587.22570962326,7162.24954431493,77.6676769012819,0.0052343431798962,4.06539274886606e-07,4.88253669138814e-06,0.00488253669138814,0.450250961380544,10.01,0.000487765903235578,0.0449801160220323
"3","1","12","M","12CG",12,28,"0112M_12CG_96HR","96HR","R6","16",NA,"16","1:1","5:1",20230621,185346,78,496.9833141,0.308951644,5.544019173,0.004234274,-12.33536015,0.364142538,0.294076204,24235.56951,0,"",541.777152030166,5.9191107203713,548.459680332893,-125.468198755285,6501.325824362,71.0293286444556,67.0347578488204,20.9810097159091,0.0668402807052713,6572.35515300645,6505.32039515763,70.9624883637504,0.0052343431798962,3.7144201699526e-07,4.46101862411307e-06,0.00446101862411307,0.40895346411563,10.01,0.000445656206205102,0.0408544919196434
"4","1","12","M","12CG",9,178,"0112M_12CG_48HR","48HR","R6","251","","251","1:1","5:1",20230607,50639,58,569,0.35,6.38,0,-10.96,0.39,0.52,23680.98,0,NA,627.94763422358,6.91162502130235,635.489701074264,-123.84190332271,7535.37161068296,82.9395002556282,15.0157647633764,77.7772727272727,-0.0683732947856857,7618.31111093859,7603.29534617521,83.0078735504139,0.0052343431798962,4.34491696796295e-07,5.2182452785235e-06,0.0052182452785235,0.477977068251265,10.01,0.000521303224627722,0.0477499568682582
"5","1","12","M","12CP",10,86,"0112M_12CP_72HR","72HR","R6","269",NA,"269","1:1","5:1",20230609,142323,97,298.2,0.3,3.3,0,-14.7,0.5,0.2,23570.8,0,NA,303.925967767301,3.25490952241014,308.311806955904,-128.264268561248,3647.11161320761,39.0589142689217,24.4289815769401,27.7454545454545,-0.314456864368751,3686.17052747653,3661.74154589959,39.3733711332904,0.0052343431798962,2.0609373666106e-07,2.47518577729934e-06,0.00247518577729934,0.230193410766738,9.99,0.000247766344074008,0.0230423834601339
"6","1","12","M","12CP",9,160,"0112M_12CP_48HR","48HR","R6","233","","233","1:1","5:1",20230607,3624,40,285.03,0.33,3.16,0.01,-20.35,0.23,0.33,23765.81,0,NA,288.167602378714,3.0886951815514,292.411639836306,-134.945114442995,3458.01122854457,37.0643421786168,15.0157647633764,77.7772727272727,-0.0683732947856857,3495.07557072319,3480.05980595981,37.1327154734025,0.0052343431798962,1.9436537598923e-07,2.33432816563066e-06,0.00233432816563066,0.218772086004589,9.99,0.000233666483046112,0.0218991077081671
"7","1","12","M","12CP",12,25,"0112M_12CP_96HR","96HR","R6","258",NA,"258","1:1","5:1",20230621,180844,75,226.3513009,0.372563654,2.50882864,0.006217679,-18.60317928,0.532715278,0.287542475,24241.04729,0,"",217.956487652464,2.31559505020506,221.535993292499,-132.87958523709,2615.47785182957,27.7871406024608,67.0347578488204,20.9810097159091,0.0668402807052713,2643.26499243203,2576.23023458321,27.7203003217555,0.0052343431798962,1.45097564933855e-07,1.7426217548556e-06,0.0017426217548556,0.161953326630378,9.99,0.000174436612097658,0.0162115442072451
"8","1","12","M","12CP",6,47,"0112M_12CP_24HR","24HR","R6","78","x","78","1:1","5:1",20221220,50035,47,431.3066597,0.300496709,4.782611493,0.005126683,-16.15873586,1.104956186,0.171952649,23331.70238,0,"",463.192739157341,5.0151330371143,469.092566119956,-129.989151652015,5558.31286988809,60.1815964453716,424.976165308335,1.2062514755,4.58384078912491,5618.49446633346,5193.51830102513,55.5977556562467,0.0052343431798962,2.9101773313681e-07,3.49512297497309e-06,0.00349512297497309,0.32648773175463,9.99,0.000349862159656966,0.0326814546300931
"9","1","12","M","13CG",12,39,"0112M_13CG_96HR","96HR","R6","269",NA,"269","1:1","5:1",20230621,213852,89,404.5411609,0.199060132,12.39850091,0.016912978,1713.954553,3.309950196,0.293229841,24117.07689,0,"",431.166884191648,14.0570618906835,446.216383590676,1915.78434230137,5174.00261029978,168.684742688202,67.0347578488204,20.9810097159091,0.0668402807052713,5342.68735298798,5275.65259513916,168.617902407497,0.0052343431798962,8.82603967475082e-07,1.06000736493757e-05,0.0106000736493757,0.331651059932229,9.99,0.00106106843337094,0.0331983042975204
"10","1","12","M","13CG",9,182,"0112M_13CG_48HR","48HR","R6","249","","249","1:1","5:1",20230607,60642,62,695.04,0.55,29.1,0.05,2697.57,4.34,0.45,23725.67,0,NA,778.75890025072,33.8858380520917,813.198856649871,3078.86101633907,9345.10680300864,406.6300566251,15.0157647633764,77.7772727272727,-0.0683732947856857,9751.73685963374,9736.72109487036,406.698429919886,0.0052343431798962,2.12879915292564e-06,2.5566877826637e-05,0.025566877826637,0.612093729286408,9.99,0.00255924702969339,0.061270643572213
"11","1","12","M","13CG",6,134,"0112M_13CG_24HR","24HR","R6","51","","51","1:1","5:1",20221221,24632,134,783.6118046,0.758173915,29.51635942,0.040593666,2345.665517,3.054519844,0.10918716,23259.08777,0,"",884.738160692123,34.3801588132033,919.504392306081,2662.75134978704,10616.8579283055,412.561905758439,424.976165308335,1.2062514755,4.58384078912491,11029.4198340639,10604.4436687556,407.978064969314,0.0052343431798962,2.13549720191938e-06,2.56473213950517e-05,0.0256473213950517,0.666642641703672,9.99,0.00256729943894412,0.0667309951655327
"12","1","12","M","13CG",10,37,"0112M_13CG_72HR","72HR","R6","191",NA,"191","1:1","5:1",20230609,20737,48,707.4,0.6,27.4,0,2429.5,3,0.2,23606.4,0,NA,793.548072323835,31.8675210559498,825.933325582622,2761.88148438863,9522.57686788602,382.410252671398,24.4289815769401,27.7454545454545,-0.314456864368751,9904.98712055742,9880.55813898048,382.724709535767,0.0052343431798962,2.00331247313629e-06,2.40597828023669e-05,0.0240597828023669,0.621135967621167,9.99,0.00240838666690359,0.0621757725346514
"13","1","12","M","13CP",8,80,"0112M_13CP_48HR","48HR","R6","209","","209","1:1","5:1",20230605,182948,9,314.96,0.32,3.87,0.01,86.4,0.57,0.39,23720.33,0,NA,323.979893652852,3.93163933876357,329.014278494794,-8.71851304891933,3887.75872383422,47.1796720651628,83.7209787008222,21.8485714285714,0.266522390135628,3934.93839589939,3851.21741719856,46.9131496750272,0.0052343431798962,2.45559525048928e-07,2.94916989583762e-06,0.00294916989583762,0.242104709400349,9.99,0.000295212201785548,0.0242347056456806
"14","1","12","M","13CP",14,200,"0112M_13CP_96HR","96HR","R6","31",NA,"31","1:1","5:1",20230624,63350,79,294.8751231,0.258760739,3.471283154,0.005764786,41.77167596,0.617373657,0.31647746,23995.29887,0,"",299.947636327493,3.45826464056953,304.544514124295,-61.4893015218254,3599.37163592991,41.4991756868344,6.26500140855833,27.9244593812222,-0.56970687437247,3640.87081161675,3634.60581020819,42.0688825612069,0.0052343431798962,2.20202968520107e-07,2.64463765192649e-06,0.00264463765192649,0.228487537352635,9.99,0.000264728493686335,0.0228716253606241
"15","1","12","M","13CP",10,99,"0112M_13CP_72HR","72HR","R6","42",NA,"42","1:1","5:1",20230609,173835,110,393.7,0.2,4.7,0,56.2,0.3,0.2,23593.2,0,NA,418.195056196306,4.91705293099751,424.06884631646,-44.4285211248077,5018.34067435568,59.0046351719701,24.4289815769401,27.7454545454545,-0.314456864368751,5077.34530952765,5052.91632795071,59.3190920363388,0.0052343431798962,3.10496484838045e-07,3.72906278290492e-06,0.00372906278290492,0.317648864418737,9.99,0.00037327955784834,0.0317966831249987
"16","1","12","M","13CP",6,39,"0112M_13CP_24HR","24HR","R6","75","","75","1:1","5:1",20221220,30030,39,595.5178983,0.410578598,7.347797571,0.006215118,95.36890191,0.910088006,0.138662789,23383.96002,0,"",659.67722653556,8.06063813093415,668.324198275416,1.88677038280089,7916.12671842672,96.7276575712098,424.976165308335,1.2062514755,4.58384078912491,8012.85437599793,7587.8782106896,92.1438167820849,0.0052343431798962,4.82312358942911e-07,5.79257143090436e-06,0.00579257143090436,0.477007878329693,9.99,0.000579836980070506,0.0477485363693386
"17","1","12","O","12CG",11,205,"0112O_12CG_72HR","72HR","R6","C3",NA,"C3","1:1","5:1",20230617,91237,76,235.2,9.9,2.6,0.1,-13.9,1.4,0.5,27584.1,0,NA,228.544265452878,2.42383781811645,232.215590162638,-127.318308082416,2742.53118543454,29.0860538173974,735.983183544067,16.8769230769231,7.49645481794392,2771.61723925194,2035.63405570787,21.5895989994535,0.0052343431798962,1.13007370279483e-07,1.35721851705659e-06,0.00135721851705659,0.12796903890747,1.31,0.00103604466950885,0.0976862892423432
"18","1","12","O","12CG",14,174,"0112O_12CG_96HR","96HR","R6","254",NA,"254","1:1","5:1",20230624,333,53,177.048018,0.419743515,1.972845484,0.00736769,-12.79542646,0.966525806,0.251468634,24077.96694,0,"",158.963386149423,1.67925157173417,161.997852089758,-126.012204438912,1907.56063379308,20.15101886081,6.26500140855833,27.9244593812222,-0.56970687437247,1927.71165265389,1921.44665124533,20.7207257351825,0.0052343431798962,1.08459389434452e-07,1.30259726710777e-06,0.00130259726710777,0.12079070920551,1.31,0.000994349058860891,0.0922066482484806
"19","1","12","O","12CG",7,52,"0112O_12CG_48HR","48HR","R6","39","","39","1:1","5:1",20230603,40124,72,208.11,0.64,2.3,0.01,-22.02,0.66,0.37,23774.58,0,NA,196.130133457677,2.06766423056202,199.495411544624,-136.919806942556,2353.56160149212,24.8119707667442,252.991137831703,20.2071428571429,2.26109448044047,2378.37357225886,2125.38243442716,22.5508762863037,0.0052343431798962,1.18039025489897e-07,1.41764869613366e-06,0.00141764869613366,0.133611022414283,1.31,0.00108217457720127,0.101993146881132
"20","1","12","O","12CG",6,131,"0112O_12CG_24HR","24HR","R6","81","","81","1:1","5:1",20221221,20130,131,540.0138487,0.409241523,5.996189756,0.005730141,-14.01196449,0.871383403,0.125000187,23261.8162,0,"",593.264690913463,6.45594811615027,600.404254278941,-127.450700560632,7119.17629096155,77.4713773938033,424.976165308335,1.2062514755,4.58384078912491,7196.64766835535,6771.67150304702,72.8875366046783,0.0052343431798962,3.81518380126132e-07,4.58203574531485e-06,0.00458203574531485,0.425697483107144,1.31,0.00349773721016401,0.324959910768812
"21","1","12","O","12CP",12,57,"0112O_12CP_96HR","96HR","R6","235",NA,"235","1:1","5:1",20230622,20904,107,195.2864193,0.393365696,2.279295677,0.005963266,33.58248676,0.463839223,0.281137689,24098.69078,0,"",180.786270871448,2.04308312055936,184.151588975319,-71.1726131929174,2169.43525045738,24.5169974467124,67.0347578488204,20.9810097159091,0.0668402807052713,2193.95224790409,2126.91749005527,24.4501571660071,0.0052343431798962,1.27980513409279e-07,1.53704596604545e-06,0.00153704596604545,0.133707522859856,1.28,0.001200817160973,0.104459002234262
"22","1","12","O","12CP",9,246,"0112O_12CP_48HR","48HR","R6","75","","75","1:1","5:1",20230607,220744,126,223.85,0.44,2.49,0.01,-17.18,0.47,0.35,23652.32,0,NA,214.963593686708,2.29324083601316,218.525438758387,-131.196746045625,2579.5631242405,27.5188900321579,15.0157647633764,77.7772727272727,-0.0683732947856857,2607.08201427266,2592.06624950928,27.5872633269436,0.0052343431798962,1.44401203647388e-07,1.73425845580513e-06,0.00173425845580513,0.162948849182446,1.28,0.00135488941859776,0.127303788423786
"23","1","12","O","12CP",6,61,"0112O_12CP_24HR","24HR","R6","37","","37","1:1","5:1",20221220,83044,61,414.1948771,0.326474116,4.569114652,0.004901952,-20.36379518,1.124087285,0.120182675,23270.54241,0,"",442.717893093495,4.7616599178126,448.395733775431,-134.961426561843,5312.61471712194,57.1399190137512,424.976165308335,1.2062514755,4.58384078912491,5369.75463613569,4944.77847082735,52.5560782246263,0.0052343431798962,2.75096549617164e-07,3.30390956090214e-06,0.00330390956090214,0.310850836253121,1.28,0.0025811793444548,0.242852215822751
"24","1","12","O","12CP",10,100,"0112O_12CP_72HR","72HR","R6","305",NA,"305","1:1","5:1",20230609,175336,111,228.1,0.3,2.5,0,-16.3,0.6,0.2,23592.9,0,NA,220.048867255539,2.30511328893164,223.61444791913,-130.156189518911,2640.58640706646,27.6613594671797,24.4289815769401,27.7454545454545,-0.314456864368751,2668.24776653364,2643.8187849567,27.9758163315484,0.0052343431798962,1.46435023417069e-07,1.758684631239e-06,0.001758684631239,0.166202244459294,1.28,0.00137397236815547,0.129845503483823
"25","1","12","O","13CG",12,81,"0112O_13CG_96HR","96HR","R6","305",NA,"305","1:1","5:1",20230622,82420,132,178.5390868,0.447678113,2.521784166,0.006060066,249.6988813,1.111923779,0.337848869,24105.54261,0,"",160.74750209247,2.33097643745198,164.434851330106,184.374346885072,1928.97002510964,27.9717172494238,67.0347578488204,20.9810097159091,0.0668402807052713,1956.94174235906,1889.90698451024,27.9048769687185,0.0052343431798962,1.46063702447054e-07,1.75422506638912e-06,0.00175422506638912,0.118807985037463,1.3,0.0013494038972224,0.091390757721125
"26","1","12","O","13CG",6,55,"0112O_13CG_24HR","24HR","R6","9","x","9","1:1","5:1",20221220,70040,55,477.3632916,0.32766357,12.75248348,0.016565758,1372.121887,2.953782922,0.126319345,23305.25642,0,"",518.301109244495,14.4773260303123,533.632794571563,1511.58410178937,6219.61331093395,173.727912363747,424.976165308335,1.2062514755,4.58384078912491,6393.34122329769,5968.36505798936,169.144071574622,0.0052343431798962,8.85358117466499e-07,1.06331509907727e-05,0.0106331509907727,0.375198055946373,1.3,0.00817934691597897,0.288613889189517
"27","1","12","O","13CG",10,79,"0112O_13CG_72HR","72HR","R6","4",NA,"4","1:1","5:1",20230609,123816,90,211.4,0.4,3.2,0,357.5,1.4,0.2,23540,0,NA,200.06673346743,3.13618499322533,204.50079848911,311.843844215098,2400.80080160916,37.6342199187039,24.4289815769401,27.7454545454545,-0.314456864368751,2438.43502152786,2414.00603995092,37.9486767830727,0.0052343431798962,1.98636397505562e-07,2.38562313404179e-06,0.00238562313404179,0.151755189977858,1.3,0.00183509471849369,0.11673476152143
"28","1","12","O","13CG",7,20,"0112O_13CG_48HR","48HR","R6","52","","52","1:1","5:1",20230602,200103,20,204.84,0.6,3.68,0,583.92,3.42,0.48,23832.87,0,NA,192.217464147071,3.70606273331242,197.237611705703,579.574308736378,2306.60956976485,44.4727527997491,252.991137831703,20.2071428571429,2.26109448044047,2351.0823225646,2098.0911847329,42.2116583193086,0.0052343431798962,2.20950305835782e-07,2.65361317308774e-06,0.00265361317308774,0.13189537269612,1.3,0.00204124090237518,0.101457978997015
"29","1","12","O","13CP",12,90,"0112O_13CP_96HR","96HR","R6","251",NA,"251","1:1","5:1",20230622,103926,141,182.9532798,0.392398698,2.127097066,0.006156822,28.498486,0.565817683,0.341538248,24108.74254,0,"",166.029238325556,1.86238603622379,169.236565496012,-77.1841929345539,1992.35085990667,22.3486324346855,67.0347578488204,20.9810097159091,0.0668402807052713,2014.69949234135,1947.66473449253,22.2817921539802,0.0052343431798962,1.16630546797051e-07,1.40073286703258e-06,0.00140073286703258,0.122438894892781,1.28,0.0010943225523692,0.0956553866349852
"30","1","12","O","13CP",6,69,"0112O_13CP_24HR","24HR","R6","39","","39","1:1","5:1",20221220,103050,69,447.8628248,0.360837391,5.124235504,0.004674564,15.96114206,1.000149065,0.126079428,23283.45809,0,"",483.00276945951,5.42072453575632,489.278717195585,-92.0089827805006,5796.03323351412,65.0486944290759,424.976165308335,1.2062514755,4.58384078912491,5861.08192794319,5436.10576263486,60.4648536399509,0.0052343431798962,3.16493794273699e-07,3.80109046922712e-06,0.00380109046922712,0.341737861917345,1.28,0.00296960192908369,0.266982704622926
"31","1","12","O","13CP",11,211,"0112O_13CP_72HR","72HR","R6","270",NA,"270","1:1","5:1",20230617,104320,82,255.3,8.7,2.9,0.1,-2.4,0.4,0.5,27576.1,0,NA,252.594618096051,2.78001140567089,256.585493185913,-113.720126199214,3031.13541715261,33.3601368680507,735.983183544067,16.8769230769231,7.49645481794392,3064.49555402066,2328.5123704766,25.8636820501068,0.0052343431798962,1.3537938774598e-07,1.62590644682922e-06,0.00162590644682922,0.146380676476954,1.28,0.00127023941158533,0.114359903497621
"32","1","12","O","13CP",7,9,"0112O_13CP_48HR","48HR","R6","66","","66","1:1","5:1",20230602,171556,9,233.11,0.7,2.64,0.01,-1.38,0.5,0.61,23844.51,0,NA,226.043507391971,2.47132762979038,229.766653829417,-112.514026588703,2712.52208870365,29.6559315574845,252.991137831703,20.2071428571429,2.26109448044047,2742.17802026114,2489.18688242944,27.3948370770441,0.0052343431798962,1.43393978618593e-07,1.7221616832093e-06,0.0017221616832093,0.156481393162195,1.28,0.00134543881500727,0.122251088407964
"33","1","15","M","12CG",11,178,"0115M_12CG_72HR","72HR","R6","272",NA,"272","1:1","5:1",20230617,22425,49,673.3,13,7.5,0.1,-11.2,0.4,0.5,27599.9,0,NA,752.746230277457,8.24133974817225,761.424758756306,-124.12569146636,9032.95476332949,98.896076978067,735.983183544067,16.8769230769231,7.49645481794392,9131.85084030755,8395.86765676349,91.399622160123,0.0052343431798962,4.78416988898929e-07,5.74578803667614e-06,0.00574578803667614,0.527801699827977,10,0.000574578803667614,0.0527801699827977
"34","1","15","M","12CG",9,204,"0115M_12CG_48HR","48HR","R6","83","x","83","1:1","5:1",20230607,113702,84,699.76,0.55,7.82,0.01,-11.58,0.21,0.33,23680.62,0,NA,784.406545249515,8.62125824156364,793.416229489801,-124.575022693805,9412.87854299418,103.455098898764,15.0157647633764,77.7772727272727,-0.0683732947856857,9516.33364189294,9501.31787712956,103.523472193549,0.0052343431798962,5.41877380635479e-07,6.5079473414321e-06,0.0065079473414321,0.597295232746449,10,0.00065079473414321,0.0597295232746449
"35","1","15","M","12CG",6,37,"0115M_12CG_24HR","24HR","R6","83","","83","1:1","5:1",20221220,23029,37,712.9827914,0.543789145,7.929182298,0.005982055,-12.56899277,0.794506437,0.130837601,23370.30874,0,"",800.22807739365,8.7508844108173,809.342646456914,-125.744457786642,9602.7369287238,105.010612929808,424.976165308335,1.2062514755,4.58384078912491,9707.74754165361,9282.77137634527,100.426772140683,0.0052343431798962,5.25668189833572e-07,6.3132749599012e-06,0.0063132749599012,0.583556424642145,10,0.00063132749599012,0.0583556424642145
"36","1","15","M","12CG",14,215,"0115M_12CG_96HR","96HR","R6","224",NA,"224","1:1","5:1",20230624,101900,94,346.7192481,0.191733688,3.864635698,0.004949091,-13.2437941,0.315860626,0.299262729,24051.64538,0,"",361.980944224345,3.92527059647001,366.947566179578,-126.542377023196,4343.77133069215,47.1032471576402,6.26500140855833,27.9244593812222,-0.56970687437247,4390.87457784979,4384.60957644123,47.6729540320127,0.0052343431798962,2.4953660180297e-07,2.99693458765367e-06,0.00299693458765367,0.275636120307762,10,0.000299693458765367,0.0275636120307762
"37","1","15","M","12CP",6,33,"0115M_12CP_24HR","24HR","R6","59","","59","1:1","5:1",20221220,13026,33,418.8869653,0.302918562,4.717958555,0.008900458,-0.04305717,1.646187928,0.135156129,23338.76003,0,"",448.332140647866,4.93837414086965,454.178726221135,-110.933157739157,5379.9856877744,59.2604896904358,424.976165308335,1.2062514755,4.58384078912491,5439.24617746483,5014.2700121565,54.6766489013109,0.0052343431798962,2.86196344276156e-07,3.43721809475663e-06,0.00343721809475663,0.315219384583875,9.99,0.000344065875351014,0.0315534919503379
"38","1","15","M","12CP",11,170,"0115M_12CP_72HR","72HR","R6","12",NA,"12","1:1","5:1",20230617,2328,41,278.5,9,3.1,0.1,-16.3,1.3,0.5,27607.6,0,NA,280.354229107077,3.01746046404051,284.539205477317,-130.156189518911,3364.25074928492,36.2095255684862,735.983183544067,16.8769230769231,7.49645481794392,3400.46027485341,2664.47709130934,28.7130707505423,0.0052343431798962,1.50294066056978e-07,1.8050317333443e-06,0.0018050317333443,0.167500917765525,9.99,0.000180683857191622,0.0167668586351877
"39","1","15","M","12CP",14,175,"0115M_12CP_96HR","96HR","R6","93",NA,"93","1:1","5:1",20230624,1834,54,198.005191,0.374677266,2.475241651,0.006056153,106.7163768,0.535326194,0.296081394,24027.89901,0,"",184.039376251612,2.27571905564746,187.633519713339,15.3045988583916,2208.47251501934,27.3086286677695,6.26500140855833,27.9244593812222,-0.56970687437247,2235.78114368711,2229.51614227855,27.878335542142,0.0052343431798962,1.45924775511869e-07,1.75255655389754e-06,0.00175255655389754,0.140157331891789,9.99,0.00017543108647623,0.014029762952131
"40","1","15","M","12CP",9,228,"0115M_12CP_48HR","48HR","R6","220","","220","1:1","5:1",20230607,173726,108,214.21,0.42,2.38,0.01,-16.33,0.58,0.21,23714.02,0,NA,203.428996697645,2.16264385390987,206.878058636969,-130.191663036867,2441.14796037173,25.9517262469184,15.0157647633764,77.7772727272727,-0.0683732947856857,2467.09968661865,2452.08392185528,26.0200995417041,0.0052343431798962,1.36198130576339e-07,1.63573954822183e-06,0.00163573954822183,0.154148935522284,9.99,0.000163737692514698,0.0154303238761045
"41","1","15","M","13CG",14,245,"0115M_13CG_96HR","96HR","R6","264",NA,"264","1:1","5:1",20230624,174920,124,439.1166344,0.191977652,16.0860113,0.021964522,2241.502441,3.995333763,0.336753064,24047.65701,0,"",472.53764690208,18.435041239852,491.925462354423,2539.58365822514,5670.45176282496,221.220494878224,6.26500140855833,27.9244593812222,-0.56970687437247,5891.67225770319,5885.40725629463,221.790201752597,0.0052343431798962,1.16092602991151e-06,1.39427216192372e-05,0.0139427216192372,0.369982958408097,10,0.00139427216192372,0.0369982958408097
"42","1","15","M","13CG",9,134,"0115M_13CG_48HR","48HR","R6","544","","544","1:1","5:1",20230606,180602,14,622.88,0.48,27.15,0.05,2855.91,4.7,0.35,23818.9,0,NA,692.416937726772,31.5707097329878,724.666821696199,3266.0902441118,8309.00325272126,378.848516795854,15.0157647633764,77.7772727272727,-0.0683732947856857,8687.85176951712,8672.83600475374,378.916890090639,0.0052343431798962,1.98338103939342e-06,2.38204062831149e-05,0.0238204062831149,0.54521316590201,10,0.00238204062831149,0.054521316590201
"43","1","15","M","13CG",6,114,"0115M_13CG_24HR","24HR","R6","89","","89","1:1","5:1",20221220,214619,114,700.1987216,0.671561194,27.18856862,0.042248715,2446.858608,3.748166213,0.143953968,23379.49085,0,"",784.931490980469,31.6165001454959,817.078079578784,2782.40718080804,9419.17789176563,379.398001745951,424.976165308335,1.2062514755,4.58384078912491,9798.57589351158,9373.59972820324,374.814160956826,0.0052343431798962,1.96190594713288e-06,2.35624904250659e-05,0.0235624904250659,0.589266300078854,10,0.00235624904250659,0.0589266300078854
"44","1","15","M","13CG",11,208,"0115M_13CG_72HR","72HR","R6","81",NA,"81","1:1","5:1",20230617,95758,79,613.5,10.7,24.7,1.1,2571,89.1,0.5,27586.9,0,NA,681.193439826625,28.6619587679599,710.534667148878,2929.19824408195,8174.3212779195,343.943505215519,735.983183544067,16.8769230769231,7.49645481794392,8518.26478313502,7782.28159959095,336.447050397575,0.0052343431798962,1.76107932364474e-06,2.11505626769733e-05,0.0211505626769733,0.489228942704355,10,0.00211505626769733,0.0489228942704355
"45","1","15","M","13CP",11,236,"0115M_13CP_72HR","72HR","R6","219",NA,"219","1:1","5:1",20230617,170118,107,326.4,5.6,3.9,0.1,52.9,3.8,0.5,27640.5,0,NA,337.668253565185,3.96725669751901,342.716375929939,-48.3306080999876,4052.01904278222,47.6070803702281,735.983183544067,16.8769230769231,7.49645481794392,4099.62612315245,3363.64293960838,40.1106255522842,0.0052343431798962,2.09952779300969e-07,2.52153287940464e-06,0.00252153287940464,0.211453602381347,9.99,0.000252405693634098,0.0211665267648996
"46","1","15","M","13CP",7,43,"0115M_13CP_48HR","48HR","R6","22","","22","1:1","5:1",20230603,14618,63,266,0.49,3.22,0.01,70.89,0.61,0.36,23820.62,0,NA,265.397542139929,3.15992989906229,269.750019230839,-27.0583218322647,3184.77050567915,37.9191587887475,252.991137831703,20.2071428571429,2.26109448044047,3222.6896644679,2969.6985266362,35.658064308307,0.0052343431798962,1.86646545720487e-07,2.24162501410305e-06,0.00224162501410305,0.186688498963244,9.99,0.000224386888298603,0.0186875374337582
"47","1","15","M","13CP",13,141,"0115M_13CP_96HR","96HR","R6","36",NA,"36","1:1","5:1",20230623,35150,41,229.1652296,0.285278446,2.711248331,0.005998962,48.1165678,0.625336801,0.254799045,24154.61451,0,"",221.323451709566,2.55591687532216,225.139332399023,-53.98678036795,2655.88142051479,30.671002503866,50.4935566101421,79.34086271525,0.320981432927764,2686.55242301866,2636.05886640851,30.3500210709382,0.0052343431798962,1.58862425802371e-07,1.90793773388648e-06,0.00190793773388648,0.165714421357776,9.99,0.000190984758146795,0.0165880301659435
"48","1","15","M","13CP",6,24,"0115M_13CP_24HR","24HR","R6","48","","48","1:1","5:1",20221219,231520,24,293.1956113,0.466775327,3.690269994,0.006181204,117.7194155,1.421584393,0.12083528,23421.29091,0,"",297.938041747474,3.71825573533623,302.799766494968,28.3151485549582,3575.25650096969,44.6190688240348,424.976165308335,1.2062514755,4.58384078912491,3619.87556979373,3194.89940448539,40.0352280349099,0.0052343431798962,2.0955812282012e-07,2.51679305506964e-06,0.00251679305506964,0.200845630898954,9.99,0.000251931236743707,0.020104667757653
"49","1","15","O","12CG",12,78,"0115O_12CG_96HR","96HR","R6","230",NA,"230","1:1","5:1",20230622,72418,128,609.427366,0.538952453,6.719192335,0.005042692,-23.90714681,0.311556205,0.29767458,24066.04832,0,"",676.320390877044,7.31432952406207,684.189557604491,-139.151264817572,8115.84469052453,87.7719542887449,67.0347578488204,20.9810097159091,0.0668402807052713,8203.61664481327,8136.58188696445,87.7051140080396,0.0052343431798962,4.5907866535e-07,5.5135347708535e-06,0.0055135347708535,0.511501839511469,2.02,0.00272947265883837,0.25321873243142
"50","1","15","O","12CG",6,67,"0115O_12CG_24HR","24HR","R6","46","x","46","1:1","5:1",20221220,100048,67,1115.186745,1.192400365,12.28755706,0.011276,-21.54983911,0.693732517,0.122495916,23284.46473,0,"",1281.47916786919,13.9253443271115,1295.02325994215,-136.363864916765,15377.7500144303,167.104131925338,424.976165308335,1.2062514755,4.58384078912491,15544.8541463556,15119.8779810473,162.520291136213,0.0052343431798962,8.5068697750358e-07,1.0216750599818e-05,0.010216750599818,0.9505029885934,2.02,0.00505779732664257,0.470546033957128
"51","1","15","O","12CG",11,204,"0115O_12CG_72HR","72HR","R6","I3",NA,"I3","1:1","5:1",20230617,85730,75,663.5,13.6,7.3,0.1,-22.5,0.6,0.5,27575.7,0,NA,741.020187695214,8.00389068980262,749.478727862543,-137.487383229855,8892.24225234257,96.0466882776314,735.983183544067,16.8769230769231,7.49645481794392,8988.2889406202,8252.30575707613,88.5502334596875,0.0052343431798962,4.63502310587931e-07,5.56666275016106e-06,0.00556666275016105,0.518776758299214,2.02,0.00275577363869359,0.256820177375849
"52","1","15","O","12CG",9,184,"0115O_12CG_48HR","48HR","R6","972","","972","1:1","5:1",20230607,63643,64,604.01,0.36,6.74,0.01,-15.29,1.01,0.46,23699.85,0,NA,669.838323081166,7.33903332636767,677.742812345501,-128.961914414386,8038.059876974,88.0683999164121,15.0157647633764,77.7772727272727,-0.0683732947856857,8126.12827689041,8111.11251212703,88.1367732111978,0.0052343431798962,4.61338117756091e-07,5.54067079425065e-06,0.00554067079425065,0.509900720975266,2.02,0.00274290633378745,0.252426099492706
"53","1","15","O","12CP",7,60,"0115O_12CP_48HR","48HR","R6","25","","25","1:1","5:1",20230603,60130,80,655.62,0.68,7.23,0.01,-25.02,0.31,0.36,23747.66,0,NA,731.591492231124,7.92078351937325,739.981633302002,-140.467158738174,8779.09790677349,95.0494022324791,252.991137831703,20.2071428571429,2.26109448044047,8874.14730900597,8621.15617117427,92.7883077520386,0.0052343431798962,4.85685845855993e-07,5.83308700873047e-06,0.00583308700873047,0.541964340988946,2.01,0.00290203333767685,0.269634000492013
"54","1","15","O","12CP",6,40,"0115O_12CP_24HR","24HR","R6","94","","94","1:1","5:1",20221220,31530,40,1048.154326,1.073724836,11.5233448,0.011133336,-23.99734197,0.710975408,0.138772628,23328.22432,0,"",1201.2725352585,13.0180369194539,1214.03319478965,-139.257916138499,14415.270423102,156.216443033446,424.976165308335,1.2062514755,4.58384078912491,14571.4868661354,14146.5107008271,151.632602244322,0.0052343431798962,7.93697077407477e-07,9.5323018996638e-06,0.0095323018996638,0.889312778592495,2.01,0.00474243875605164,0.442444168453978
"55","1","15","O","12CP",12,79,"0115O_12CP_96HR","96HR","R6","242",NA,"242","1:1","5:1",20230622,73919,129,672.4176505,0.529134701,7.412808174,0.006232479,-24.4730861,0.256553843,0.322074086,24045.21213,0,"",751.690468256088,8.13782166326611,760.266541692988,-139.820460069769,9020.28561907306,97.6538599591933,67.0347578488204,20.9810097159091,0.0668402807052713,9117.93947903225,9050.90472118343,97.587019678488,0.0052343431798962,5.1080395090049e-07,6.13475545031488e-06,0.00613475545031488,0.568980252204593,2.01,0.00305211713946014,0.283074752340594
"56","1","15","O","12CP",10,73,"0115O_12CP_72HR","72HR","R6","72",NA,"72","1:1","5:1",20230609,110809,84,788.4,0.7,8.7,0,-22.3,0.3,0.2,23587.5,0,NA,890.46740387095,9.66603409838999,900.35709805076,-137.250893110147,10685.6088464514,115.99240918068,24.4289815769401,27.7454545454545,-0.314456864368751,10801.6012556321,10777.1722740551,116.306866045049,0.0052343431798962,6.08790051058001e-07,7.31156851320659e-06,0.00731156851320659,0.677501132477116,2.01,0.00363759627522716,0.337065240038366
"57","1","15","O","13CG",6,137,"0115O_13CG_24HR","24HR","R6","96","","96","1:1","5:1",20221221,33134,137,1033.706679,1.007023481,19.64345643,0.023170611,687.574503,0.997270615,0.119578865,23258.71886,0,"",1183.98542057123,22.6586012214525,1206.47430148851,702.140637850027,14207.8250468547,271.90321465743,424.976165308335,1.2062514755,4.58384078912491,14479.7282615122,14054.7520962038,267.319373868306,0.0052343431798962,1.39924134146169e-06,1.68048885109549e-05,0.0168048885109549,0.883544423316555,2.01,0.0083606410502263,0.439574339958485
"58","1","15","O","13CG",12,93,"0115O_13CG_96HR","96HR","R6","246",NA,"246","1:1","5:1",20230622,112428,144,506.2163272,0.36149799,6.132510073,0.004760545,72.73039367,0.211953205,0.28691206,24100.87681,0,"",552.824774966188,6.61779377069176,560.192479353614,-24.8821472356251,6633.89729959426,79.4135252483012,67.0347578488204,20.9810097159091,0.0668402807052713,6713.31082484256,6646.27606699374,79.3466849675959,0.0052343431798962,4.15327779307508e-07,4.98808662948317e-06,0.00498808662948317,0.417814566533742,2.01,0.00248163513904635,0.207867943549125
"59","1","15","O","13CG",8,98,"0115O_13CG_48HR","48HR","R6","3","","3","1:1","5:1",20230605,225959,67,516.51,0.3,6.82,0,168.37,0.58,0.29,23817.02,0,NA,565.141514311135,7.43401294971552,573.310610272232,88.2069625133512,6781.69817173362,89.2081553965863,83.7209787008222,21.8485714285714,0.266522390135628,6870.90632713021,6787.18534842939,88.9416330064507,0.0052343431798962,4.65551030136145e-07,5.59126787193511e-06,0.00559126787193511,0.426672752644305,2.01,0.00278172530942045,0.212275001315575
"60","1","15","O","13CG",11,165,"0115O_13CG_72HR","72HR","R6","13",NA,"13","1:1","5:1",20230616,230753,36,701.4,15.4,8.7,0.2,96.1,2.9,0.5,27603.7,0,NA,786.368862579605,9.66603409838999,796.426629275029,2.75125775691235,9436.42635095525,115.99240918068,735.983183544067,16.8769230769231,7.49645481794392,9552.41876013594,8816.43557659187,108.495954362736,0.0052343431798962,5.67905058764916e-07,6.82053975576664e-06,0.00682053975576664,0.554240475670247,2.01,0.00339330336107793,0.275741530184203
"61","1","15","O","13CP",8,74,"0115O_13CP_48HR","48HR","R6","203","","203","1:1","5:1",20230605,165944,3,580.6,0.54,6.5,0.01,-11.01,0.27,0.45,23812.47,0,NA,641.827439729093,7.05409445632412,649.490449281753,-123.901025852637,7701.92927674912,84.6491334758895,83.7209787008222,21.8485714285714,0.266522390135628,7786.578410225,7702.85743152418,84.3826110857539,0.0052343431798962,4.41687544838549e-07,5.30466741351097e-06,0.00530466741351097,0.48423598514156,2.02,0.00262607297698563,0.239720784723545
"62","1","15","O","13CP",6,56,"0115O_13CP_24HR","24HR","R6","34","","34","1:1","5:1",20221220,71541,56,985.5757817,1.117272452,11.24340028,0.009968305,13.06175588,0.834309734,0.121508481,23283.60973,0,"",1126.39511942211,12.6856741061052,1138.94224985176,-95.4373637044383,13516.7414330653,152.228089273262,424.976165308335,1.2062514755,4.58384078912491,13668.9695223386,13243.9933570302,147.644248484137,0.0052343431798962,7.72820665103844e-07,9.28157618789716e-06,0.00928157618789716,0.83257651169857,2.02,0.00459483969697879,0.412166589949787
"63","1","15","O","13CP",10,13,"0115O_13CP_72HR","72HR","R6","36",NA,"36","1:1","5:1",20230608,200716,24,664.8,0.6,7.4,0,-11.2,0.2,0.2,23618.7,0,NA,742.575683139797,8.12261521898743,751.15117218767,-124.12569146636,8910.90819767757,97.4713826278492,24.4289815769401,27.7454545454545,-0.314456864368751,9008.37958030542,8983.95059872848,97.785839492218,0.0052343431798962,5.11844642036515e-07,6.14725415085855e-06,0.00614725415085855,0.564771217345195,2.02,0.0030431951241874,0.279589711557027
"64","1","15","O","13CP",14,190,"0115O_13CP_96HR","96HR","R6","47",NA,"47","1:1","5:1",20230624,40344,69,516.8226169,0.303908758,5.762504938,0.004279295,-12.73143169,0.246562209,0.286620539,24035.22591,0,"",565.51557136025,6.17850691620339,572.420776518697,-125.936533784823,6786.18685632301,74.1420829944406,6.26500140855833,27.9244593812222,-0.56970687437247,6860.32893931745,6854.06393790889,74.7117898688131,0.0052343431798962,3.9106714775766e-07,4.69671644456949e-06,0.00469671644456949,0.43087703916387,2.02,0.00232510715077698,0.213305464932609
"65","1","3","M","12CG",13,114,"0103M_12CG_96HR","96HR","R6","206",NA,"206","1:1","5:1",20230622,210627,14,353.413823,0.164805694,3.928417929,0.003865732,-15.12124972,0.451526602,0.248798275,24292.66343,0,"",369.991237116939,4.00099574992834,375.021120487379,-128.762375544796,4439.89484540327,48.01194899914,50.4935566101421,79.34086271525,0.320981432927764,4487.90679440241,4437.41323779227,47.6909675662123,0.0052343431798962,2.49630890822854e-07,2.99806699878247e-06,0.00299806699878247,0.278955594048605,10.01,0.000299507192685562,0.0278676917131473
"66","1","3","M","12CG",11,164,"0103M_12CG_72HR","72HR","R6","84",NA,"84","1:1","5:1",20230616,225246,35,619.4,10.4,6.9,0.1,-11.5,0.8,0.5,27609.2,0,NA,688.252996075118,7.52899257306337,696.318890385301,-124.480426645922,8259.03595290142,90.3479108767605,735.983183544067,16.8769230769231,7.49645481794392,8349.38386377818,7613.40068023411,82.8514560588166,0.0052343431798962,4.33672953965936e-07,5.20841217713089e-06,0.00520841217713089,0.47861233463607,10.01,0.000520320896816273,0.0478134200435634
"67","1","3","M","12CG",6,35,"0103M_12CG_24HR","24HR","R6","65","x","65","1:1","5:1",20221220,20027,35,730.1562273,0.633505914,8.152636111,0.006460976,-8.803946859,0.880643953,0.141441859,23385.47157,0,"",820.776693786184,9.01617889824706,830.125024653601,-121.292476995652,9849.3203254342,108.194146778965,424.976165308335,1.2062514755,4.58384078912491,9957.51447221317,9532.53830690483,103.61030598984,0.0052343431798962,5.42331898524876e-07,6.51340610128376e-06,0.00651340610128376,0.599257888254897,10.01,0.000650689920208168,0.0598659229025871
"68","1","3","M","12CG",9,206,"0103M_12CG_48HR","48HR","R6","31","","31","1:1","5:1",20230607,120704,86,1040.23,1.13,11.62,0.01,-11.87,0.17,0.32,23638.99,0,NA,1191.79080218589,13.1327903505865,1204.68223506935,-124.917933367381,14301.4896262306,157.593484207038,15.0157647633764,77.7772727272727,-0.0683732947856857,14459.0831104377,14444.0673456743,157.661857501824,0.0052343431798962,8.25256268544437e-07,9.91132778521869e-06,0.00991132778521869,0.908018516863508,10.01,0.000990142635885983,0.090711140545805
"69","1","3","M","12CP",10,104,"0103M_12CP_72HR","72HR","R6","257",NA,"257","1:1","5:1",20230609,185340,115,337.7,0.2,3.7,0,-19.9,0.4,0.3,23593,0,NA,351.189098583486,3.72980763914939,355.976470222015,-134.413011673652,4214.26918300184,44.7576916697926,24.4289815769401,27.7454545454545,-0.314456864368751,4259.02687467163,4234.59789309469,45.0721485341614,0.0052343431798962,2.35923093283056e-07,2.8334363503295e-06,0.0028334363503295,0.266205716601889,10,0.00028334363503295,0.0266205716601889
"70","1","3","M","12CP",12,59,"0103M_12CP_96HR","96HR","R6","45",NA,"45","1:1","5:1",20230622,23905,109,260.8515448,0.289827608,3.132720084,0.004990637,63.29557369,0.645433115,0.292801646,24070.06196,0,"",259.237235516667,3.05630722971839,263.49539388611,-36.0383557680871,3110.8468262,36.6756867566207,67.0347578488204,20.9810097159091,0.0668402807052713,3147.52251295662,3080.4877551078,36.6088464759154,0.0052343431798962,1.91623265875075e-07,2.30139542315965e-06,0.00230139542315965,0.193653204161144,10,0.000230139542315965,0.0193653204161144
"71","1","3","M","12CP",6,115,"0103M_12CP_24HR","24HR","R6","54","","54","1:1","5:1",20221220,220119,115,491.0633672,0.337726165,5.485825302,0.006802727,-8.139242209,1.227187831,0.132283441,23327.61584,0,"",534.693728618532,5.85002032101213,541.318174899131,-120.506496584408,6416.32474342238,70.2002438521456,424.976165308335,1.2062514755,4.58384078912491,6486.52498727453,6061.54882196619,65.6164030630207,0.0052343431798962,3.43458771862242e-07,4.12493985006553e-06,0.00412493985006553,0.381056003097757,10,0.000412493985006553,0.0381056003097757
"72","1","3","M","12CP",9,140,"0103M_12CP_48HR","48HR","R6","930","","930","1:1","5:1",20230606,193607,20,322.36,0.21,3.57,0.01,-19.85,0.75,0.32,23824.24,0,NA,332.834252337403,3.57546575120913,337.495960429365,-134.353889143725,3994.01102804884,42.9055890145096,15.0157647633764,77.7772727272727,-0.0683732947856857,4036.91661706335,4021.90085229997,42.9739623092953,0.0052343431798962,2.24940466526776e-07,2.70153500298658e-06,0.00270153500298658,0.252834631650425,10,0.000270153500298658,0.0252834631650425
"73","1","3","M","13CG",13,103,"0103M_13CG_96HR","96HR","R6","256",NA,"256","1:1","5:1",20230622,182117,3,387.4539772,0.26887908,9.292831998,0.008680298,1121.439123,2.642680677,0.360498508,24452.07576,0,"",410.721471571565,10.3698710968724,422.093939477062,1215.16411745407,4928.65765885878,124.438453162469,50.4935566101421,79.34086271525,0.320981432927764,5053.09611202125,5002.60255541111,124.117471729541,0.0052343431798962,6.49673441653483e-07,7.80257803425833e-06,0.00780257803425833,0.314485916197446,10.01,0.000779478325100732,0.0314171744452993
"74","1","3","M","13CG",6,132,"0103M_13CG_24HR","24HR","R6","65","x","65","1:1","5:1",20221221,21630,132,1225.468387,1.486031994,54.18888186,0.085622054,2927.016171,3.333978514,0.117975231,23260.63061,0,"",1413.43500767855,63.6724949181104,1476.82150223187,3350.16977857059,16961.2200921426,764.069939017325,424.976165308335,1.2062514755,4.58384078912491,17725.2900311599,17300.3138658516,759.4860982282,0.0052343431798962,3.97541087848675e-06,4.77446846506259e-05,0.0477446846506259,1.08757491652434,10.01,0.00476969876629629,0.108648842809625
"75","1","3","M","13CG",9,125,"0103M_13CG_48HR","48HR","R6","4","","4","1:1","5:1",20230606,155055,5,957.58,1.33,42.11,0.08,2886.99,2.96,0.39,23799.84,0,NA,1092.89718795911,49.3318992990357,1142.37173792749,3302.8408087144,13114.7662555093,591.982791588429,15.0157647633764,77.7772727272727,-0.0683732947856857,13706.7490470977,13691.7332823344,592.051164883214,0.0052343431798962,3.09899897705605e-06,3.72189777144432e-05,0.0372189777144432,0.860723441035409,10.01,0.00371817959185246,0.0859863577457951
"76","1","3","M","13CG",10,72,"0103M_13CG_72HR","72HR","R6","254",NA,"254","1:1","5:1",20230609,105308,83,524.6,0.3,16.2,0,1745.1,2.7,0.2,23562.7,0,NA,574.821482116273,18.5703737872509,594.180326243634,1952.6122947483,6897.85778539528,222.844485447011,24.4289815769401,27.7454545454545,-0.314456864368751,7120.70227084229,7096.27328926535,223.15894231138,0.0052343431798962,1.16809048772042e-06,1.40287667575222e-05,0.0140287667575222,0.446103399629091,10.01,0.00140147520055167,0.0445657741887204
"77","1","3","M","13CP",9,199,"0103M_13CP_48HR","48HR","R6","250","","250","1:1","5:1",20230607,102158,79,459.14,0.23,5.77,0.01,108.28,0.38,0.5,23658.08,0,NA,496.496303806716,6.187405393275,503.521897790873,17.1535060471216,5957.95564568059,74.2488647192999,15.0157647633764,77.7772727272727,-0.0683732947856857,6032.20451039989,6017.18874563651,74.3172380140856,0.0052343431798962,3.89001927947751e-07,4.6719131546525e-06,0.0046719131546525,0.378267330783176,9.99,0.000467658974439689,0.0378645976759936
"78","1","3","M","13CP",10,136,"0103M_13CP_72HR","72HR","R6","61",NA,"61","1:1","5:1",20230610,25407,147,498.9,0.3,6.1,0,76.8,0.3,0.2,23595.4,0,NA,544.070533711818,6.57919633958488,551.413535643965,-20.0700387948971,6528.84640454182,78.9503560750185,24.4289815769401,27.7454545454545,-0.314456864368751,6607.79676061683,6583.3677790399,79.2648129393873,0.0052343431798962,4.1489923301503e-07,4.98293978851051e-06,0.0049829397885105,0.41385987088194,9.99,0.000498792771622673,0.0414274145026967
"79","1","3","M","13CP",14,217,"0103M_13CP_96HR","96HR","R6","59",NA,"59","1:1","5:1",20230624,104901,96,316.2216152,0.215717727,3.78812241,0.004221342,60.31129445,0.375251639,0.309652572,24058.31868,0,"",325.489460342403,3.8344305555282,330.423596688353,-39.5671185416337,3905.87352410884,46.0131666663384,6.26500140855833,27.9244593812222,-0.56970687437247,3951.88669077518,3945.62168936662,46.5828735407108,0.0052343431798962,2.43830746417787e-07,2.92840726447762e-06,0.00292840726447762,0.248039383142042,9.99,0.00029313386030807,0.0248287670812855
"80","1","3","M","13CP",6,15,"0103M_13CP_24HR","24HR","R6","79","","79","1:1","5:1",20221219,210014,15,757.8755087,0.771863149,9.622334861,0.009063465,127.0317137,0.977146362,0.144600408,23437.57313,0,"",853.943782974509,10.7610718196196,864.994270516533,39.3264811353252,10247.3253956941,129.132861835436,424.976165308335,1.2062514755,4.58384078912491,10376.4582575295,9951.48209222121,124.549021046311,0.0052343431798962,6.51932318876504e-07,7.82970714970682e-06,0.00782970714970682,0.625594563755519,9.99,0.000783754469440122,0.0626220784540059
"81","1","3","O","12CG",10,97,"0103O_12CG_72HR","72HR","R6","251",NA,"251","1:1","5:1",20230609,170833,108,418.8,0.2,4.6,0,-18,0.5,0.2,23610.7,0,NA,448.228083626338,4.79832840181269,453.933923550866,-132.166355536427,5378.73700351606,57.5799408217523,24.4289815769401,27.7454545454545,-0.314456864368751,5436.31694433781,5411.88796276087,57.8943976861211,0.0052343431798962,3.03039145682546e-07,3.63950013964738e-06,0.00363950013964738,0.340215422967359,2.01,0.00181069658688924,0.169261404461372
"82","1","3","O","12CG",6,28,"0103O_12CG_24HR","24HR","R6","55","","55","1:1","5:1",20221220,1522,28,1211.352677,1.375881538,13.406289,0.014006475,-17.25556862,0.639251291,0.124919724,23440.80185,0,"",1396.54506721543,15.2535535557166,1411.2398200338,-131.286102205575,16758.5408065851,183.042642668599,424.976165308335,1.2062514755,4.58384078912491,16941.5834492537,16516.6072839454,178.458801879474,0.0052343431798962,9.34114612510272e-07,1.12187164962484e-05,0.0112187164962484,1.03830762420784,2.01,0.00558145099315839,0.516570957317333
"83","1","3","O","12CG",7,59,"0103O_12CG_48HR","48HR","R6","68","","68","1:1","5:1",20230603,54629,79,453.4,0.26,5.04,0,-17.3,0.37,0.4,23794.46,0,NA,489.628193151402,5.32071633022587,495.792815802608,-131.33864011745,5875.53831781682,63.8485959627104,252.991137831703,20.2071428571429,2.26109448044047,5939.38691377953,5686.39577594783,61.5875014822699,0.0052343431798962,3.22370118350567e-07,3.87166512139031e-06,0.00387166512139031,0.357472208845757,2.01,0.0019262015529305,0.177846870072516
"84","1","3","O","12CG",13,108,"0103O_12CG_96HR","96HR","R6","850",NA,"850","1:1","5:1",20230622,193622,8,300.995478,0.292370373,3.335137296,0.005901935,-18.83786337,0.415892208,0.280660245,24368.67991,0,"",307.270854916865,3.29662611165441,311.693268733341,-133.157087579778,3687.25025900237,39.5595133398529,50.4935566101421,79.34086271525,0.320981432927764,3726.80977234223,3676.31621573209,39.2385319069252,0.0052343431798962,2.05387941876153e-07,2.4667091819326e-06,0.0024667091819326,0.231109639538618,2.01,0.00122721849847393,0.114979920168467
"85","1","3","O","12CP",13,135,"0103O_12CP_96HR","96HR","R6","89",NA,"89","1:1","5:1",20230623,22146,35,315.6029761,0.220504306,3.648533346,0.005355961,24.20546023,0.517506187,0.252845215,24169.9523,0,"",324.749237033256,3.66870409650071,329.517814981187,-82.2604838258352,3896.99084439908,44.0244491580085,50.4935566101421,79.34086271525,0.320981432927764,3941.01529355709,3890.52173694694,43.7034677250807,0.0052343431798962,2.2875894822459e-07,2.74739496817733e-06,0.00274739496817733,0.244575554299514,2,0.00137369748408866,0.122287777149757
"86","1","3","O","12CP",6,59,"0103O_12CP_24HR","24HR","R6","3","","3","1:1","5:1",20221220,80043,59,686.1365379,0.654936944,7.55660438,0.006790635,-22.04812374,1.037155025,0.12503725,23306.47088,0,"",768.105596606435,8.30854303182523,776.826946355761,-136.953061875752,9217.26715927722,99.7025163819027,424.976165308335,1.2062514755,4.58384078912491,9316.96967565913,8891.99351035079,95.1186755927778,0.0052343431798962,4.97883790869815e-07,5.97958432834648e-06,0.00597958432834648,0.558990384494897,2,0.00298979216417324,0.279495192247448
"87","1","3","O","12CP",10,48,"0103O_12CP_72HR","72HR","R6","252",NA,"252","1:1","5:1",20230609,45246,59,377.4,0.2,4.2,0,-20.4,0.3,0.2,23578.9,0,NA,398.691536391146,4.32343028507345,403.999514414939,-135.004236972922,4784.29843669375,51.8811634208814,24.4289815769401,27.7454545454545,-0.314456864368751,4836.17960011463,4811.75061853769,52.1956202852501,0.0052343431798962,2.73209789060551e-07,3.28124956661721e-06,0.00328124956661721,0.302488111942384,2,0.00164062478330861,0.151244055971192
"88","1","3","O","12CP",9,247,"0103O_12CP_48HR","48HR","R6","93","","93","1:1","5:1",20230607,222244,127,365.63,0.16,4.05,0,-19.96,0.28,0.31,23702.03,0,NA,384.60831994288,4.14534349129623,389.759845589575,-134.483958709565,4615.29983931456,49.7441218955547,15.0157647633764,77.7772727272727,-0.0683732947856857,4665.04396121012,4650.02819644674,49.8124951903404,0.0052343431798962,2.60735694473171e-07,3.13143569062278e-06,0.00313143569062278,0.292321518950516,2,0.00156571784531139,0.146160759475258
"89","1","3","O","13CG",14,203,"0103O_13CG_96HR","96HR","R6","E3",NA,"E3","1:1","5:1",20230624,71852,82,306.9677618,0.255660219,3.975402998,0.004604298,146.1778508,0.410131353,0.316431589,24020.8564,0,"",314.41690125891,4.05677855188574,319.592640797083,61.9658424089366,3773.00281510692,48.6813426226289,6.26500140855833,27.9244593812222,-0.56970687437247,3821.68415772955,3815.41915632099,49.2510494970014,0.0052343431798962,2.57796895037359e-07,3.09614070939868e-06,0.00309614070939868,0.239854271004402,2.01,0.00154036851213865,0.119330483086767
"90","1","3","O","13CG",6,41,"0103O_13CG_24HR","24HR","R6","84","","84","1:1","5:1",20221220,33031,41,816.3489939,0.56774715,19.97044814,0.021491639,1172.528721,2.115436071,0.118116606,23278.39718,0,"",923.909352095671,23.0468205896234,947.208764675356,1275.57504318831,11086.912225148,276.561847075481,424.976165308335,1.2062514755,4.58384078912491,11363.4740722235,10938.4979069152,271.978006286356,0.0052343431798962,1.42362622228675e-06,1.70977509296639e-05,0.0170977509296639,0.687642781527618,2.01,0.00850634374610144,0.342110836580905
"91","1","3","O","13CG",7,12,"0103O_13CG_48HR","48HR","R6","43","","43","1:1","5:1",20230602,180058,12,441.77,0.22,6.57,0.01,312.14,0.86,0.48,23843.59,0,NA,475.712491597168,7.13720162675349,483.727324599908,258.207885065353,5708.54989916602,85.6464195210419,252.991137831703,20.2071428571429,2.26109448044047,5794.19631868706,5541.20518085535,83.3853250406014,0.0052343431798962,4.364674074297e-07,5.24197356323069e-06,0.00524197356323069,0.348344880257257,2.01,0.00260794704638343,0.17330591057575
"92","1","3","O","13CG",10,90,"0103O_13CG_72HR","72HR","R6","225",NA,"225","1:1","5:1",20230609,152326,101,402.5,0.2,5.4,0,185.4,0.5,0.2,23620.3,0,NA,428.724563821178,5.74812463529119,435.417575665534,108.344096206476,5144.69476585414,68.9774956234943,24.4289815769401,27.7454545454545,-0.314456864368751,5213.67226147763,5189.24327990069,69.2919524878631,0.0052343431798962,3.62697858926537e-07,4.35600128570771e-06,0.00435600128570771,0.326218984853354,2.01,0.00216716481876006,0.162298002414604
"93","1","3","O","13CP",8,81,"0103O_13CP_48HR","48HR","R6","210","","210","1:1","5:1",20230605,184448,10,423.79,0.19,4.81,0,2.86,0.36,0.4,23767.18,0,NA,454.198793063623,5.0476499131008,460.145859615622,-107.500436050897,5450.38551676348,60.5717989572096,83.7209787008222,21.8485714285714,0.266522390135628,5510.95731572069,5427.23633701987,60.305276567074,0.0052343431798962,3.15658513110618e-07,3.79105874245852e-06,0.00379105874245852,0.341180290251441,2,0.00189552937122926,0.17059014512572
"94","1","3","O","13CP",13,139,"0103O_13CP_96HR","96HR","R6","A3",NA,"A3","1:1","5:1",20230623,32148,39,331.3239569,0.230100406,3.707159635,0.005114156,-8.822268283,0.483711569,0.261726192,24175.81768,0,"",343.559940124627,3.73830788209449,348.368182358849,-121.314141174427,4122.71928149553,44.8596945851339,50.4935566101421,79.34086271525,0.320981432927764,4167.57897608066,4117.08541947052,44.5387131522061,0.0052343431798962,2.33130909429603e-07,2.79990222224953e-06,0.00279990222224953,0.258818358217331,2,0.00139995111112477,0.129409179108666
"95","1","3","O","13CP",6,87,"0103O_13CP_24HR","24HR","R6","32","","32","1:1","5:1",20221220,150101,87,754.8517018,0.635193051,8.653096822,0.007946458,17.82728894,0.82219374,0.129966439,23296.30264,0,"",850.325692314317,9.61034852113678,860.224166696385,-89.8023562852822,10203.9083077718,115.324182253641,424.976165308335,1.2062514755,4.58384078912491,10319.2324900254,9894.25632471711,110.740341464516,0.0052343431798962,5.79652951084168e-07,6.96163194252085e-06,0.00696163194252085,0.621997096692268,2,0.00348081597126043,0.310998548346134
"96","1","3","O","13CP",10,43,"0103O_13CP_72HR","72HR","R6","63",NA,"63","1:1","5:1",20230609,33742,54,460.9,0.2,5.2,0,-6.5,0.4,0.2,23615.4,0,NA,498.60220533169,5.51067557692157,504.94347546723,-118.568173653225,5983.22646398028,66.1281069230588,24.4289815769401,27.7454545454545,-0.314456864368751,6049.35457090334,6024.9255893264,66.4425637874276,0.0052343431798962,3.47783180615539e-07,4.17687599919263e-06,0.00417687599919263,0.378753703296151,2,0.00208843799959631,0.189376851648076
"97","10","15","O","12CG",9,123,"1015O_12CG_48HR","48HR","R5","1","","1","1:1","5:1",20230606,152054,3,699.55,0.57,7.79,0,-16.99,0.62,0.43,23785.72,0,NA,784.155272908467,8.5856408828082,793.12952474835,-130.972080431903,9409.8632749016,103.027690593698,15.0157647633764,77.7772727272727,-0.0683732947856857,9512.8909654953,9497.87520073192,103.096063888484,0.0052343431798962,5.39640178888829e-07,6.48107854845484e-06,0.00648107854845484,0.597078810748281,1.5,0.00432071903230323,0.398052540498854
"98","10","15","O","12CG",14,201,"1015O_12CG_96HR","96HR","R5","89",NA,"89","1:1","5:1",20230624,64851,80,588.9767068,0.451482384,6.50645531,0.004623476,-22.281282,0.294256031,0.313543761,24023.87036,0,"",651.850462242947,7.06175849272904,659.505000637101,-137.228759999843,7822.20554691536,84.7411019127485,6.26500140855833,27.9244593812222,-0.56970687437247,7906.94664882811,7900.68164741955,85.310808787121,0.0052343431798962,4.46546050146295e-07,5.36301806225701e-06,0.00536301806225701,0.496672097963396,1.5,0.003575345374838,0.331114731975597
"99","10","15","O","12CG",4,43,"1015O_12CG_24HR","24HR","R5",NA,"",NA,"1:1","5:1",20221216,100058,43,1004.244522,0.638857301,11.09140198,0.007626472,-20.52074523,0.706467859,0.198248816,23303.87322,0,"",1148.73291980115,12.5052148400613,1161.06240705014,-135.147012242406,13784.7950376138,150.062578080735,793.916531272768,48.7361922282857,9.27033442006797,13934.8576156946,13140.9410844218,140.792243660667,0.0052343431798962,7.36954920387497e-07,8.85082859385384e-06,0.00885082859385384,0.826098186065359,1.5,0.00590055239590256,0.550732124043573
"100","10","15","O","12CG",10,66,"1015O_12CG_72HR","72HR","R5","231",NA,"231","1:1","5:1",20230609,92303,77,655.8,0.6,7.2,0,-21.8,0.2,0.2,23593.5,0,NA,731.806868523451,7.88516616061781,740.160823765409,-136.659667810877,8781.68242228141,94.6219939274137,24.4289815769401,27.7454545454545,-0.314456864368751,8876.30441620883,8851.87543463189,94.9364507917825,0.0052343431798962,4.96929963725517e-07,5.96812886434346e-06,0.00596812886434346,0.556468383264779,1.5,0.00397875257622898,0.370978922176519
"101","10","15","O","12CP",9,245,"1015O_12CP_48HR","48HR","R5","61","","61","1:1","5:1",20230607,215243,125,844.51,0.8,9.34,0.01,-22.05,0.2,0.39,23601.87,0,NA,957.604980329081,10.4258710851728,968.150823372861,-136.955280460512,11491.259763949,125.110453022073,15.0157647633764,77.7772727272727,-0.0683732947856857,11616.370216971,11601.3544522077,125.178826316859,0.0052343431798962,6.55228935799062e-07,7.86929951894674e-06,0.00786929951894674,0.729312901359204,1.5,0.00524619967929783,0.486208600906136
"102","10","15","O","12CP",4,23,"1015O_12CP_24HR","24HR","R5",NA,"",NA,"1:1","5:1",20221216,50046,23,1030.894773,0.906278729,11.36871329,0.009105846,-21.86401511,0.707156683,0.191094904,23322.32316,0,"",1180.62087674539,12.834451387235,1193.23015617504,-136.735362516012,14167.4505209446,154.01341664682,793.916531272768,48.7361922282857,9.27033442006797,14321.4639375914,13527.5474063187,144.743082226752,0.0052343431798962,7.57634965290754e-07,9.09919593314195e-06,0.00909919593314196,0.85040198433891,1.5,0.00606613062209464,0.56693465622594
"103","10","15","O","12CP",11,232,"1015O_12CP_72HR","72HR","R5","240",NA,"240","1:1","5:1",20230617,160050,103,750.1,22.6,8.3,0.2,-21.3,0.6,0.5,27628.5,0,NA,844.640115003611,9.19113598165074,854.125958491901,-136.068442511607,10135.6813800433,110.293631779809,735.983183544067,16.8769230769231,7.49645481794392,10245.9750118231,9509.99182827907,102.797176961865,0.0052343431798962,5.3807570214292e-07,6.46228918273647e-06,0.00646228918273647,0.597840516015325,1.5,0.00430819278849098,0.398560344010217
"104","10","15","O","12CP",13,101,"1015O_12CP_96HR","96HR","R5","232",NA,"232","1:1","5:1",20230622,175116,1,740.319366,0.678985277,8.207912546,0.005220612,-22.21523967,0.28137676,0.51186693,24634.17117,0,"",832.937244517351,9.08180558545096,842.331974942401,-137.150668207206,9995.24693420822,108.981667025412,50.4935566101421,79.34086271525,0.320981432927764,10104.2286012336,10053.7350446235,108.660685592484,0.0052343431798962,5.68767318553862e-07,6.83089549583189e-06,0.00683089549583189,0.632022640554333,1.5,0.00455393033055459,0.421348427036222
"105","10","15","O","13CG",11,196,"1015O_13CG_72HR","72HR","R5","268",NA,"268","1:1","5:1",20230617,65633,67,591,9,7.2,0.1,70.6,2.6,0.5,27576.4,0,NA,654.27140328576,7.88516616061781,662.75054357383,-27.4012325058411,7851.25683942911,94.6219939274137,735.983183544067,16.8769230769231,7.49645481794392,7945.87883335653,7209.89564981246,87.1255391094698,0.0052343431798962,4.56044971432433e-07,5.47710010690351e-06,0.00547710010690351,0.453246208149533,1.51,0.00362721861384339,0.300163051754658
"106","10","15","O","13CG",4,26,"1015O_13CG_24HR","24HR","R5",NA,"",NA,"1:1","5:1",20221216,54548,26,759.3732591,0.724749788,12.73085677,0.008831574,486.2611454,1.698496648,0.218731186,23304.02226,0,"",855.735893685527,14.4516498206866,870.496937647372,464.097537661941,10268.8307242263,173.419797848239,793.916531272768,48.7361922282857,9.27033442006797,10442.2505220746,9648.33399080179,164.149463428171,0.0052343431798962,8.59214624378869e-07,1.03191676387902e-05,0.0103191676387902,0.606537321577589,1.51,0.00683388585350346,0.401680345415622
"107","10","15","O","13CG",14,243,"1015O_13CG_96HR","96HR","R5","45",NA,"45","1:1","5:1",20230624,171919,122,511.3073983,0.277414743,6.074490407,0.004795935,51.24474589,0.274364468,0.325930174,24031.31651,0,"",558.916419507803,6.54891019539866,566.20497814566,-50.2878643130918,6706.99703409364,78.586922344784,6.26500140855833,27.9244593812222,-0.56970687437247,6785.58395643843,6779.31895502987,79.1566292191564,0.0052343431798962,4.14332962296864e-07,4.97613887718533e-06,0.00497613887718533,0.426178236058585,1.51,0.00329545621005651,0.282237242422904
"108","10","15","O","13CG",9,162,"1015O_13CG_48HR","48HR","R5","242","","242","1:1","5:1",20230607,10626,42,682.19,0.66,8.74,0.01,129.12,0.24,0.54,23752.48,0,NA,763.383426048493,9.71352391006392,773.526088051687,41.7957765206817,9160.60111258191,116.562286920767,15.0157647633764,77.7772727272727,-0.0683732947856857,9277.16339950268,9262.1476347393,116.630660215553,0.0052343431798962,6.10484900866069e-07,7.33192365940149e-06,0.00733192365940149,0.582259924230103,1.51,0.00485557858238509,0.385602598827883
"109","10","15","O","13CP",12,8,"1015O_13CP_96HR","96HR","R5","59",NA,"59","1:1","5:1",20230621,135333,58,607.4061879,0.582993128,6.773460659,0.005860027,-13.03475656,0.325442264,0.313809634,24282.93457,0,"",673.901980625319,7.37875933622756,681.839881109557,-126.295200458906,8086.82376750383,88.5451120347307,67.0347578488204,20.9810097159091,0.0668402807052713,8175.36887953856,8108.33412168974,88.4782717540255,0.0052343431798962,4.63125638324685e-07,5.56213891627947e-06,0.00556213891627947,0.509726058956338,1.51,0.00368353570614535,0.337566926461151
"110","10","15","O","13CP",10,46,"1015O_13CP_72HR","72HR","R5","270",NA,"270","1:1","5:1",20230609,42244,57,758.6,0.6,8.5,0,-1.6,0.3,0.2,23592,0,NA,854.810662141271,9.42858504002037,864.519005369474,-112.774165720382,10257.7279456952,113.143020480244,24.4289815769401,27.7454545454545,-0.314456864368751,10370.8709661755,10346.4419845986,113.457477344613,0.0052343431798962,5.93875372747003e-07,7.13244322669151e-06,0.00713244322669151,0.650423504739684,1.51,0.00472347233555729,0.430744042873963
"111","10","15","O","13CP",4,30,"1015O_13CP_24HR","24HR","R5",NA,"",NA,"1:1","5:1",20221216,64551,30,929.0923995,0.682109396,10.55728922,0.007001001,7.830807874,0.790809459,0.192167707,23298.20354,0,"",1058.81077810922,11.8710919804353,1070.64739658529,-101.622701305061,12705.7293373106,142.453103765223,793.916531272768,48.7361922282857,9.27033442006797,12848.1824410758,12054.2659098031,133.182769345155,0.0052343431798962,6.97124320401501e-07,8.37246308802203e-06,0.00837246308802203,0.757784936289131,1.51,0.00554467754173644,0.501844328668298
"112","10","15","O","13CP",9,142,"1015O_13CP_48HR","48HR","R5","222","","222","1:1","5:1",20230606,200609,22,755.95,0.9,8.55,0.01,-0.13,0.22,0.35,23792.28,0,NA,851.639844504236,9.48794730461277,861.413037337095,-111.035963340529,10219.6781340508,113.855367655353,15.0157647633764,77.7772727272727,-0.0683732947856857,10333.5335017062,10318.5177369428,113.923740950139,0.0052343431798962,5.96315956470621e-07,7.16175463721216e-06,0.00716175463721216,0.648668061945484,1.51,0.00474288386570342,0.429581497977142
"113","10","18","O","12CG",4,44,"1018O_12CG_24HR","24HR","R5",NA,"",NA,"1:1","",20221216,101559,44,5940.167641,6.759467614,65.67196756,0.075130278,-22.51208551,0.657832968,0.371316757,23074.68146,0,"",7054.73747858423,77.3057343513239,7122.73352619284,-137.501673748388,14109.4749571685,154.611468702648,793.916531272768,48.7361922282857,9.27033442006797,14264.0864258711,13470.1698945983,145.34113428258,0.0052343431798962,7.60765374990399e-07,9.13679215363469e-06,0.00913679215363469,0.846794977957205,1.51,0.0060508557308839,0.560791376130599
"114","10","18","O","12CG",9,188,"1018O_12CG_48HR","48HR","R5","246","","246","1:1","5:1",20230607,73647,68,622.38,0.56,6.89,0.01,-22.16,0.28,0.43,23730.18,0,NA,691.818670248086,7.51712012014489,699.866861560749,-137.085350026351,8301.82404297703,90.2054414417387,15.0157647633764,77.7772727272727,-0.0683732947856857,8392.02948441877,8377.0137196554,90.2738147365244,0.0052343431798962,4.72524126489339e-07,5.67501475913696e-06,0.00567501475913696,0.526616457222815,1.51,0.00375828791995825,0.348752620677361
"115","10","18","O","12CG",13,120,"1018O_12CG_96HR","96HR","R5","119",NA,"119","1:1","5:1",20230622,223632,20,521.1987151,0.355423503,5.745089605,0.005010248,-23.33454122,0.269848742,0.248688527,24244.25444,0,"",570.751725833442,6.15783064409317,577.627672537227,-138.474186994949,6849.02071000131,73.893967729118,50.4935566101421,79.34086271525,0.320981432927764,6922.91467773042,6872.42112112028,73.5729862961903,0.0052343431798962,3.8510625904406e-07,4.62512617111916e-06,0.00462512617111916,0.432031053602773,1.51,0.00306299746431732,0.286113280531638
"116","10","18","O","12CG",11,194,"1018O_12CG_72HR","72HR","R5","35",NA,"35","1:1","5:1",20230617,62618,65,574.5,7.6,6.6,0.1,14.1,0.7,0.5,27576.1,0,NA,634.528576489125,7.17281898550894,642.322830745496,-94.2096913233143,7614.3429178695,86.0738278261072,735.983183544067,16.8769230769231,7.49645481794392,7700.41674569561,6964.43356215154,78.5773730081633,0.0052343431798962,4.11300936499439e-07,4.93972424735826e-06,0.00493972424735826,0.437815366167836,1.51,0.00327134056116441,0.289943951104527
"117","10","18","O","12CP",10,25,"1018O_12CP_72HR","72HR","R5","58",NA,"58","1:1","5:1",20230608,230726,36,523.3,0.3,6,0,17.2,0.8,0.3,23619.5,0,NA,573.26598667169,6.46047181040006,580.442390715808,-90.5440944678423,6879.19184006028,77.5256617248008,24.4289815769401,27.7454545454545,-0.314456864368751,6956.71750178508,6932.28852020814,77.8401185891695,0.0052343431798962,4.07441893859531e-07,4.89337714525296e-06,0.00489337714525296,0.435794585413258,1.49,0.0032841457350691,0.292479587525677
"118","10","18","O","12CP",13,142,"1018O_12CP_96HR","96HR","R5","45",NA,"45","1:1","5:1",20230623,40651,42,471.6498406,0.282737956,5.198288013,0.004249922,-23.38154966,0.382299238,0.244658058,24153.23185,0,"",511.464765395765,5.50864302841611,517.783223113333,-138.529772152964,6137.57718474918,66.1037163409933,50.4935566101421,79.34086271525,0.320981432927764,6203.68090109017,6153.18734448003,65.7827349080656,0.0052343431798962,3.44329409820953e-07,4.13539621194964e-06,0.00413539621194964,0.386816809476544,1.49,0.00277543369929506,0.259608596964123
"119","10","18","O","12CP",7,21,"1018O_12CP_48HR","48HR","R5","1","","1","1:1","5:1",20230602,201604,21,576.02,0.54,6.36,0.01,-24.9,0.23,0.46,23844.17,0,NA,636.34730962433,6.88788011546539,643.851922699898,-140.325264666349,7636.16771549196,82.6545613855847,252.991137831703,20.2071428571429,2.26109448044047,7718.82227687755,7465.83113904584,80.3934669051442,0.0052343431798962,4.20806995203152e-07,5.05389201238986e-06,0.00505389201238986,0.469335454882104,1.49,0.0033918738338187,0.314990238175909
"120","10","18","O","12CP",4,13,"1018O_12CP_24HR","24HR","R5",NA,"",NA,"1:1","",20221216,23039,13,2309.63831,8.624704014,25.5459998,0.096157519,-21.48718827,0.772663439,0.337724265,23117.596,0,"",2710.68222027913,29.6663680474144,2737.75736625894,-136.289783393508,5421.36444055825,59.3327360948288,793.916531272768,48.7361922282857,9.27033442006797,5480.69717665308,4686.78064538031,50.0624016747608,0.0052343431798962,2.62043790775508e-07,3.14714592721385e-06,0.00314714592721385,0.294631941864859,1.49,0.00211217847464017,0.197739558298563
"121","10","18","O","13CG",4,16,"1018O_13CG_24HR","24HR","R5",NA,"",NA,"1:1","",20221216,31541,16,4997.94595,5.057705592,91.92802405,0.104912775,624.5035448,1.082682333,0.432126126,23184.08975,0,"",5927.33628770877,108.478113801575,6028.51814944474,627.562345575987,11854.6725754175,216.956227603149,793.916531272768,48.7361922282857,9.27033442006797,12071.6288030207,11277.7122717479,207.685893183081,0.0052343431798962,1.08709923854351e-06,1.30560618549076e-05,0.0130560618549076,0.708967309936609,1.52,0.00858951437822867,0.466425861800401
"122","10","18","O","13CG",13,122,"1018O_13CG_96HR","96HR","R5","808",NA,"808","1:1","5:1",20230622,230634,22,436.9518094,0.265214461,5.148370117,0.004546372,44.0108134,0.395417993,0.248717214,24243.8013,0,"",469.947358112988,5.44937824141115,476.273215773764,-58.8416321156855,5639.36829735585,65.3925388969338,50.4935566101421,79.34086271525,0.320981432927764,5704.76083625279,5654.26727964265,65.071557464006,0.0052343431798962,3.40606863016943e-07,4.09068842483349e-06,0.00409068842483349,0.355452468223818,1.52,0.00269124238475887,0.233850308041985
"123","10","18","O","13CG",9,240,"1018O_13CG_48HR","48HR","R5","217","","217","1:1","5:1",20230607,203737,120,536.06,0.28,6.85,0.01,131.08,0.21,0.33,23555.65,0,NA,588.533772727754,7.46963030847097,596.700938762218,44.1133796938188,7062.40527273304,89.6355637016516,15.0157647633764,77.7772727272727,-0.0683732947856857,7152.04083643469,7137.02507167132,89.7039369964373,0.0052343431798962,4.6954119082714e-07,5.63918970183395e-06,0.00563918970183395,0.448665238488898,1.52,0.00370999322489075,0.295174499005854
"124","10","18","O","13CG",11,222,"1018O_13CG_72HR","72HR","R5","255",NA,"255","1:1","5:1",20230617,132938,93,527.3,6.7,6.3,0.1,58.4,2.6,0.4,27591,0,NA,578.052126501177,6.8166453979545,585.579184000125,-41.8271298080211,6936.62551801412,81.799744775454,735.983183544067,16.8769230769231,7.49645481794392,7018.42526278958,6282.44207924551,74.3032899575101,0.0052343431798962,3.88928919032942e-07,4.67103631758564e-06,0.00467103631758564,0.394942338785605,1.52,0.00307305020893792,0.259830486043161
"125","10","18","O","13CP",10,128,"1018O_13CP_72HR","72HR","R5","77",NA,"77","1:1","5:1",20230610,5400,139,579.7,0.3,6.5,0,-8.2,0.2,0.2,23563.4,0,NA,640.750558267458,7.05409445632412,648.415306501315,-120.578339670742,7689.0066992095,84.6491334758895,24.4289815769401,27.7454545454545,-0.314456864368751,7773.65583268539,7749.22685110845,84.9635903402582,0.0052343431798962,4.44728589637025e-07,5.34119036154067e-06,0.00534119036154067,0.487150973737992,1.49,0.00358469151781253,0.326946962240263
"126","10","18","O","13CP",14,246,"1018O_13CP_96HR","96HR","R5","256",NA,"256","1:1","5:1",20230624,180421,125,562.889264,0.395308494,6.287404076,0.004628302,-11.4292972,0.531053681,0.310523526,24056.86758,0,"",620.63592498431,6.80169094648902,628.079181593428,-124.396824077743,7447.63109981172,81.6202913578683,6.26500140855833,27.9244593812222,-0.56970687437247,7529.25139116959,7522.98638976103,82.1899982322407,0.0052343431798962,4.3021065670261e-07,5.16682998699834e-06,0.00516682998699834,0.472928488945388,1.49,0.00346767113221365,0.317401670433146
"127","10","18","O","13CP",4,67,"1018O_13CP_24HR","24HR","R5",NA,"",NA,"1:1","",20221216,160115,67,4967.349843,3.489399741,56.53171814,0.02999547,5.967066492,0.696329138,0.386230474,23080.66497,0,"",5890.72697612378,66.4540162611113,5949.68340910706,-103.82648341773,11781.4539522476,132.908032522223,793.916531272768,48.7361922282857,9.27033442006797,11914.3619847698,11120.445453497,123.637698102155,0.0052343431798962,6.47162141839079e-07,7.77241732348733e-06,0.00777241732348733,0.699080816081207,1.49,0.00521638746542774,0.469181755759199
"128","10","18","O","13CP",7,31,"1018O_13CP_48HR","48HR","R5","67","","67","1:1","5:1",20230602,224610,51,635.64,0.73,7.16,0.01,-4.94,0.23,0.44,23842.25,0,NA,707.684723782836,7.83767634894388,716.029841360009,-116.723550719504,8492.21668539403,94.0521161873266,252.991137831703,20.2071428571429,2.26109448044047,8586.26880158136,8333.27766374966,91.7910217068861,0.0052343431798962,4.80465708447143e-07,5.77039315845019e-06,0.00577039315845019,0.523867013616206,1.49,0.00387274708620818,0.35158859974242
"129","10","5","O","12CG",14,238,"1005O_12CG_96HR","96HR","R5","25",NA,"25","1:1","5:1",20230624,160416,117,688.4042831,0.72633991,7.634867075,0.007420939,-18.40468666,0.269525582,0.311865193,23996.35246,0,"",770.819033012647,8.40146004799132,779.629494634829,-132.644877519765,9249.82839615177,100.817520575896,6.26500140855833,27.9244593812222,-0.56970687437247,9350.64591672767,9344.38091531911,101.387227450268,0.0052343431798962,5.30695542532897e-07,6.37365346582009e-06,0.00637365346582009,0.587429475138578,1.5,0.00424910231054673,0.391619650092385
"130","10","5","O","12CG",10,123,"1005O_12CG_72HR","72HR","R5","220",NA,"220","1:1","5:1",20230609,233856,134,1005,1.1,11.2,0,-8.5,0.2,0.2,23618.6,0,NA,1149.63687563768,12.6341473280103,1162.09463493309,-120.933074850304,13795.6425076521,151.609767936124,24.4289815769401,27.7454545454545,-0.314456864368751,13947.2522755883,13922.8232940113,151.924224800492,0.0052343431798962,7.95223529945473e-07,9.55063459464513e-06,0.00955063459464513,0.875250790198436,1.5,0.00636708972976342,0.583500526798957
"131","10","5","O","12CG",7,2,"1005O_12CG_48HR","48HR","R5","46","","46","1:1","5:1",20230602,153052,2,1154.53,2.22,12.8,0.02,-22.66,0.19,0.52,23853.81,0,NA,1328.55474781348,14.5337397949673,1342.63499983052,-137.676575325621,15942.6569737618,174.404877539607,252.991137831703,20.2071428571429,2.26109448044047,16117.0618513014,15864.0707134697,172.143783059167,0.0052343431798962,9.01059636817281e-07,1.08217262381755e-05,0.0108217262381755,0.997286264036737,1.5,0.0072144841587837,0.664857509357825
"132","10","5","O","12CG",4,35,"1005O_12CG_24HR","24HR","R5",NA,"",NA,"1:1","",20221216,80054,35,8395.864046,9.469036578,92.78349804,0.098938713,-23.37429816,0.61546762,0.398449504,23146.119,1,"",9993.06407185895,109.493771268501,10088.7035562451,-138.521197612448,19986.1281437179,218.987542537001,793.916531272768,48.7361922282857,9.27033442006797,20205.1156862549,19411.1991549821,209.717208116933,0.0052343431798962,1.09773183801374e-06,1.3183759374545e-05,0.013183759374545,1.22027458370496,1.5,0.00878917291636336,0.813516389136637
"133","10","5","O","12CP",13,147,"1005O_12CP_96HR","96HR","R5","209",NA,"209","1:1","5:1",20230623,52156,47,742.3308286,0.644447928,8.210314902,0.00644537,-20.58617785,0.215444526,0.28325435,24165.00488,0,"",835.344029833698,9.08465777130131,844.737744240425,-135.224383083089,10024.1283580044,109.015893255616,50.4935566101421,79.34086271525,0.320981432927764,10133.14425126,10082.6506946498,108.694911822688,0.0052343431798962,5.68946470388505e-07,6.83304710936594e-06,0.00683304710936594,0.633840407324781,1.51,0.0045251967611695,0.419761859155484
"134","10","5","O","12CP",9,179,"1005O_12CP_48HR","48HR","R5","268","","268","1:1","5:1",20230607,52139,59,1159.9,1.56,12.88,0.02,-22.62,0.18,0.63,23639.11,0,NA,1334.98014053457,14.6287194183151,1349.14558666762,-137.629277301679,16019.7616864148,175.544633019782,15.0157647633764,77.7772727272727,-0.0683732947856857,16195.3063194346,16180.2905546712,175.613006314567,0.0052343431798962,9.19218741903723e-07,1.10398170902637e-05,0.0110398170902637,1.01716525409812,1.51,0.00731113714587001,0.673619373574915
"135","10","5","O","12CP",4,69,"1005O_12CP_24HR","24HR","R5",NA,"",NA,"1:1","",20221216,163116,69,6660.625815,5.705566126,73.48838165,0.050579524,-23.96123459,0.704709033,0.340809869,23007.45,0,"",7916.79086909947,86.5857351788117,7992.73259903935,-139.215220945406,15833.5817381989,173.171470357623,793.916531272768,48.7361922282857,9.27033442006797,16006.7532085566,15212.8366772838,163.901135937555,0.0052343431798962,8.57914793071983e-07,1.03035566647945e-05,0.0103035566647945,0.956346786982468,1.51,0.00682354746012881,0.633342243034747
"136","10","5","O","12CP",11,216,"1005O_12CP_72HR","72HR","R5","254",NA,"254","1:1","5:1",20230617,115855,87,849.8,23.5,9.6,0.3,-6.2,0.2,0.4,27571.3,0,NA,963.934650253578,10.7345548610533,974.780870518899,-118.213438473663,11567.2158030429,128.81465833264,735.983183544067,16.8769230769231,7.49645481794392,11696.0304613756,10960.0472778315,121.318203514696,0.0052343431798962,6.35021111164406e-07,7.62660354508452e-06,0.00762660354508452,0.688997471127887,1.51,0.00505073082455928,0.456289715978733
"137","10","5","O","13CG",12,53,"1005O_13CG_96HR","96HR","R5","47",NA,"47","1:1","5:1",20230622,10901,103,677.6540668,0.657666824,8.025052505,0.008113647,48.02834731,0.221418797,0.318226613,24073.53115,0,"",757.956023410389,8.86470586270656,767.253369751494,-54.0910967391539,9095.47228092467,106.376470352479,67.0347578488204,20.9810097159091,0.0668402807052713,9201.84875127715,9134.81399342833,106.309630071773,0.0052343431798962,5.56461087123475e-07,6.68309765635293e-06,0.00668309765635293,0.574255163426724,1.52,0.0043967747739164,0.377799449622845
"138","10","5","O","13CG",10,87,"1005O_13CG_72HR","72HR","R5","247",NA,"247","1:1","5:1",20230609,143824,98,979.9,1,11.8,0,69.1,0.2,0.2,23611.8,0,NA,1119.60384820765,13.3464945031192,1132.82685924337,-29.1749084036501,13435.2461784918,160.15793403743,24.4289815769401,27.7454545454545,-0.314456864368751,13595.4041125292,13570.9751309523,160.472390901799,0.0052343431798962,8.39967564878467e-07,1.00880104541904e-05,0.0100880104541904,0.853132044866102,1.52,0.00663684898301999,0.561271082148751
"139","10","5","O","13CG",7,15,"1005O_13CG_48HR","48HR","R5","82","","82","1:1","5:1",20230602,184600,15,1101.76,1.83,14.02,0.02,122.26,0.2,0.52,23862.19,0,NA,1265.41359811297,15.982179051022,1281.05321057318,33.6841654147018,15184.9631773557,191.786148612264,252.991137831703,20.2071428571429,2.26109448044047,15376.7493259679,15123.7581881362,189.525054131823,0.0052343431798962,9.92039174514368e-07,1.19143904859176e-05,0.0119143904859176,0.950746915722906,1.52,0.00783841479336681,0.625491391922965
"140","10","5","O","13CG",4,50,"1005O_13CG_24HR","24HR","R5",NA,"",NA,"1:1","",20221216,114604,50,5472.315262,18.28421947,81.81528458,0.269852287,324.0445051,0.723515643,0.27846759,23019.28814,0,"",6494.93575222117,96.4718114781305,6583.1204852523,272.284374246163,12989.8715044423,192.943622956261,793.916531272768,48.7361922282857,9.27033442006797,13182.8151273986,12388.8985961258,183.673288536193,0.0052343431798962,9.61409025178528e-07,1.15465223923941e-05,0.0115465223923941,0.778821439945413,1.52,0.00759639631078561,0.512382526279877
"141","10","5","O","13CP",13,130,"1005O_13CP_96HR","96HR","R5","216",NA,"216","1:1","5:1",20230623,10641,30,631.1688344,0.518488817,7.018131018,0.006197397,-15.31326622,0.178387338,0.277765562,24212.85473,0,"",702.334817842238,7.6692430680051,710.519095996953,-128.989425570151,8428.01781410685,92.0309168160612,50.4935566101421,79.34086271525,0.320981432927764,8520.04873092292,8469.55517431277,91.7099353831334,0.0052343431798962,4.80041274801425e-07,5.76529571036512e-06,0.00576529571036512,0.532434025944658,1.49,0.00386932598011082,0.357338272446079
"142","10","5","O","13CP",11,163,"1005O_13CP_72HR","72HR","R5","212",NA,"212","1:1","5:1",20230616,223739,34,1118.1,38.9,12.5,0.4,-12.5,1,0.5,27603.1,0,NA,1284.96497931643,14.1775662074129,1298.75722835773,-125.662877244461,15419.5797517971,170.130794488954,735.983183544067,16.8769230769231,7.49645481794392,15589.7105462861,14853.727362742,162.63433967101,0.0052343431798962,8.51283946673874e-07,1.02239201995532e-05,0.0102239201995532,0.933771573271647,1.49,0.00686169140909613,0.626692331054796
"143","10","5","O","13CP",7,42,"1005O_13CP_48HR","48HR","R5","71","","71","1:1","5:1",20230603,13118,62,1051.76,1.61,11.74,0.02,-15.49,0.13,0.48,23805.96,0,NA,1205.58685024438,13.2752597856083,1218.59936106059,-129.198404534094,14467.0422029326,159.303117427299,252.991137831703,20.2071428571429,2.26109448044047,14626.3453203599,14373.3541825282,157.042022946859,0.0052343431798962,8.22011841768993e-07,9.8723622196456e-06,0.0098723622196456,0.903573171934963,1.49,0.00662574645613799,0.606424947607358
"144","10","5","O","13CP",4,33,"1005O_13CP_24HR","24HR","R5",NA,"",NA,"1:1","",20221216,73052,33,6789.64101,7.482749692,75.85813372,0.07708902,-12.6866784,0.63901113,0.401463184,23108.46927,0.181268882,"",8071.16205994911,89.3992121667665,8149.68546270671,-125.883615230275,16142.3241198982,178.798424333533,793.916531272768,48.7361922282857,9.27033442006797,16321.1225442318,15527.206012959,169.528089913465,0.0052343431798962,8.87368201239375e-07,1.06572920968849e-05,0.0106572920968849,0.976109446010269,1.49,0.00715254503146637,0.655107010745147
"145","11","15","O","12CG",14,242,"1115O_12CG_96HR","96HR","R4","206",NA,"206","1:1","5:1",20230624,170419,121,946.6922752,1.015504478,10.8259067,0.010833242,11.99380043,0.149122098,0.319465939,24018.39578,0,"",1079.86964462966,12.1900068188734,1091.99315374062,-96.7001682655042,12958.435735556,146.28008182648,6.26500140855833,27.9244593812222,-0.56970687437247,13104.7158173825,13098.4508159739,146.849788700853,0.0052343431798962,7.68662189955507e-07,9.23163290136564e-06,0.00923163290136564,0.823427058216543,1.49,0.00619572677944003,0.552635609541304
"146","11","15","O","12CG",4,72,"1115O_12CG_24HR","24HR","R4",NA,"",NA,"1:1","5:1",20221216,171619,72,1251.621452,0.858470518,13.7840838,0.008809779,-23.27728352,0.735199689,0.195868977,23307.72268,0,"",1444.72806419347,15.7020886533013,1459.79633788943,-138.406482593313,17336.7367703216,188.425063839616,793.916531272768,48.7361922282857,9.27033442006797,17525.1618341612,16731.2453028884,179.154729419548,0.0052343431798962,9.37757336083357e-07,1.12624656063611e-05,0.0112624656063611,1.05180072770556,1.49,0.00755870174923565,0.705906528661448
"147","11","15","O","12CG",11,229,"1115O_12CG_72HR","72HR","R4","247",NA,"247","1:1","5:1",20230617,151529,100,779.2,22.7,8.6,0.2,-23.7,0.7,0.5,27619,0,NA,879.45928226313,9.54730956920518,889.247289319562,-138.906323948102,10553.5113871576,114.567714830462,735.983183544067,16.8769230769231,7.49645481794392,10668.079101988,9932.09591844395,107.071260012518,0.0052343431798962,5.60447719609417e-07,6.7309771125091e-06,0.0067309771125091,0.624375862378711,1.49,0.00451743430369738,0.419044202938732
"148","11","15","O","12CG",9,127,"1115O_12CG_48HR","48HR","R4","119","","119","1:1","5:1",20230606,162056,7,852.44,0.97,9.45,0.01,-19.49,0.58,0.34,23858.5,0,NA,967.093502541039,10.5564680672761,977.755432211446,-133.928206928251,11605.1220304925,126.677616807313,15.0157647633764,77.7772727272727,-0.0683732947856857,11731.7996472998,11716.7838825364,126.745990102099,0.0052343431798962,6.63432008870111e-07,7.96781842653003e-06,0.00796781842653003,0.736569310348524,1.49,0.00534752914532217,0.494341819025855
"149","11","15","O","12CP",4,53,"1115O_12CP_24HR","24HR","R4",NA,"",NA,"1:1","5:1",20221216,123106,53,1180.027943,0.872360573,13.0355131,0.011570089,-20.31351587,0.955691072,0.197882899,23317.90693,0,"",1359.06392795406,14.8133516141108,1373.37626598791,-134.901973761639,16308.7671354487,177.76021936933,793.916531272768,48.7361922282857,9.27033442006797,16486.527354818,15692.6108235452,168.489884949262,0.0052343431798962,8.81933880165665e-07,1.05920259007896e-05,0.0105920259007896,0.98650753037226,1.5,0.00706135060052642,0.65767168691484
"150","11","15","O","12CP",7,27,"1115O_12CP_48HR","48HR","R4","23","","23","1:1","5:1",20230602,214608,27,927.16,1.24,10.24,0.01,-26.49,0.23,0.55,23820.43,0,NA,1056.49859455586,11.4943918478361,1067.95991149024,-142.205361118027,12677.9831346703,137.932702174033,252.991137831703,20.2071428571429,2.26109448044047,12815.9158368443,12562.9246990126,135.671607693593,0.0052343431798962,7.10151754436509e-07,8.52892257078248e-06,0.00852892257078248,0.789761497206093,1.5,0.00568594838052165,0.526507664804062
"151","11","15","O","12CP",14,196,"1115O_12CP_96HR","96HR","R4","209",NA,"209","1:1","5:1",20230624,53348,75,1017.522763,1.132472524,11.23941776,0.010901728,-22.36725951,0.168414596,0.311252463,24023.12735,0,"",1164.62079933006,12.6809458779855,1177.10145487829,-137.330424158004,13975.4495919607,152.171350535826,6.26500140855833,27.9244593812222,-0.56970687437247,14127.6209424966,14121.355941088,152.741057410198,0.0052343431798962,7.99499112145205e-07,9.60198433686392e-06,0.00960198433686392,0.887731438165059,1.5,0.00640132289124261,0.591820958776706
"152","11","15","O","12CP",10,77,"1115O_12CP_72HR","72HR","R4","262",NA,"262","1:1","5:1",20230609,120814,88,952.1,1.1,10.5,0,-25.2,0.2,0.2,23580.3,0,NA,1086.34017639271,11.8030756237166,1098.06390934253,-140.679999845911,13036.0821167125,141.636907484599,24.4289815769401,27.7454545454545,-0.314456864368751,13177.7190241971,13153.2900426202,141.951364348968,0.0052343431798962,7.43022155856981e-07,8.92369609184234e-06,0.00892369609184234,0.826874496673705,1.5,0.0059491307278949,0.551249664449136
"153","11","15","O","13CG",9,130,"1115O_13CG_48HR","48HR","R4","28","","28","1:1","5:1",20230606,170559,10,847.62,1.04,10.17,0.01,60.69,0.25,0.36,23811.69,0,NA,961.326204046507,11.4112846774067,972.857559545003,-39.119317937366,11535.9144485581,136.935416128881,15.0157647633764,77.7772727272727,-0.0683732947856857,11672.849864687,11657.8340999236,137.003789423666,0.0052343431798962,7.17124850789703e-07,8.61266945798434e-06,0.00861266945798434,0.732863464003689,1.5,0.00574177963865622,0.488575642669126
"154","11","15","O","13CG",4,49,"1115O_13CG_24HR","24HR","R4",NA,"",NA,"1:1","5:1",20221216,113103,49,1215.925266,0.779679784,18.72534326,0.010094394,365.6816566,0.869908951,0.201134853,23285.40449,0,"",1402.01632979962,21.5685756829863,1423.05640763121,321.518248958812,16824.1959575955,258.822908195835,793.916531272768,48.7361922282857,9.27033442006797,17083.0188657913,16289.1023345185,249.552573775767,0.0052343431798962,1.30624381256873e-06,1.56879881889505e-05,0.0156879881889505,1.02400564805293,1.5,0.0104586587926336,0.682670432035288
"155","11","15","O","13CG",13,125,"1115O_13CG_96HR","96HR","R4","224",NA,"224","1:1","5:1",20230622,235136,25,847.7236266,0.807313901,9.766298414,0.010399673,14.65683147,0.143709329,0.589333432,24206.9605,0,"",961.450196895921,10.9319918701166,972.499089039683,-93.5512656183273,11537.402362751,131.183902441399,50.4935566101421,79.34086271525,0.320981432927764,11668.5862651924,11618.0927085823,130.862921008472,0.0052343431798962,6.84981438081988e-07,8.22662707136467e-06,0.00822662707136467,0.73036514283416,1.5,0.00548441804757645,0.486910095222773
"156","11","15","O","13CG",10,94,"1115O_13CG_72HR","72HR","R4","8",NA,"8","1:1","5:1",20230609,162330,105,939.6,1.1,10.9,0,29.4,0.2,0.2,23604.2,0,NA,1071.38348942556,12.2779737404559,1083.60921196107,-76.1181971656623,12856.6018731068,147.33568488547,24.4289815769401,27.7454545454545,-0.314456864368751,13003.9375579922,12979.5085764153,147.650141749839,0.0052343431798962,7.72851512478977e-07,9.28194666487251e-06,0.00928194666487251,0.815949818366317,1.5,0.00618796444324834,0.543966545577545
"157","11","15","O","13CP",12,74,"1115O_13CP_96HR","96HR","R4","808",NA,"808","1:1","5:1",20230622,62415,124,964.0566933,1.113448507,10.89916599,0.011854274,0.247792566,0.154842424,0.333406022,24065.57156,0,"",1100.64677790073,12.27698356601,1112.82425702226,-110.589242294739,13207.7613348088,147.32380279212,67.0347578488204,20.9810097159091,0.0668402807052713,13355.0851376009,13288.0503797521,147.256962511415,0.0052343431798962,7.70793477413854e-07,9.25722966374038e-06,0.00925722966374038,0.835346132711264,1.5,0.00617148644249359,0.556897421807509
"158","11","15","O","13CP",4,68,"1115O_13CP_24HR","24HR","R4",NA,"",NA,"1:1","5:1",20221216,161616,68,1239.345252,0.875562242,13.87392389,0.009872553,-7.361965621,0.732796518,0.206748772,23340.19537,0,"",1430.03916174978,15.808750877173,1445.23847469269,-119.587405417697,17160.4699409974,189.705010526076,793.916531272768,48.7361922282857,9.27033442006797,17350.1749515234,16556.2584202507,180.434676106008,0.0052343431798962,9.44457016292263e-07,1.13429287656701e-05,0.0113429287656701,1.04080027154312,1.5,0.00756195251044672,0.693866847695415
"159","11","15","O","13CP",10,125,"1115O_13CP_72HR","72HR","R4","80",NA,"80","1:1","5:1",20230610,858,136,129.7,0.6,1.5,0,-0.5,0.7,0.2,23601.2,0,NA,102.309827450155,1.11786799708352,104.870900835133,-111.473470061989,1227.71792940186,13.4144159650022,24.4289815769401,27.7454545454545,-0.314456864368751,1241.13234536686,1216.70336378992,13.728872829371,0.0052343431798962,7.18616318620803e-08,8.63058198663584e-07,0.000863058198663584,0.0764874018800685,1.5,0.000575372132442389,0.050991601253379
"160","11","15","O","13CP",9,152,"1115O_13CP_48HR","48HR","R4","238","x","238","1:1","5:1",20230606,223618,32,787.37,0.82,8.74,0.01,-17.73,0.29,0.35,23736.94,0,NA,889.234972864857,9.71352391006392,899.174440992278,-131.847093874822,10670.8196743783,116.562286920767,15.0157647633764,77.7772727272727,-0.0683732947856857,10787.3819612991,10772.3661965357,116.630660215553,0.0052343431798962,6.10484900866069e-07,7.33192365940149e-06,0.00733192365940149,0.677199001001492,1.5,0.00488794910626766,0.451466000667661
"161","11","7","O","12CG",4,61,"1107O_12CG_24HR","24HR","R4",NA,"",NA,"1:1","",20221216,143111,61,5094.03204,6.377471202,56.38685857,0.067140507,-21.81106592,0.620388759,0.400530058,23107.74456,0,"",6042.30665331094,66.2820324186497,6100.84530332238,-136.672752714604,12084.6133066219,132.564064837299,793.916531272768,48.7361922282857,9.27033442006797,12217.1773714592,11423.2608401864,123.293730417231,0.0052343431798962,6.45361696933396e-07,7.75079398017008e-06,0.00775079398017008,0.718117142326771,1.52,0.00509920656590137,0.472445488372876
"162","11","7","O","12CG",11,199,"1107O_12CG_72HR","72HR","R4","280",NA,"280","1:1","5:1",20230617,74154,70,531,6.4,5.9,0.1,-19.1,0.9,0.5,27595.1,0,NA,582.479305843452,6.34174728121525,589.521374195067,-133.467051194821,6989.75167012143,76.100967374583,735.983183544067,16.8769230769231,7.49645481794392,7065.85263749601,6329.86945395194,68.6045125566391,0.0052343431798962,3.59099562410947e-07,4.31278574455547e-06,0.00431278574455547,0.397923835161179,1.52,0.0028373590424707,0.261791996816565
"163","11","7","O","12CG",14,206,"1107O_12CG_96HR","96HR","R4","207",NA,"207","1:1","5:1",20230624,80354,85,453.6865458,0.242131184,5.237475796,0.004431544,21.70454468,0.270977019,0.31611134,24035.66559,0,"",489.97105521799,5.55516853928083,496.371029496515,-85.2176929148291,5879.65266261588,66.6620224713699,6.26500140855833,27.9244593812222,-0.56970687437247,5946.31468508725,5940.04968367869,67.2317293457424,0.0052343431798962,3.51913943973514e-07,4.2264864671219e-06,0.0042264864671219,0.373418025185597,1.52,0.00278058320205388,0.245669753411577
"164","11","7","O","12CG",9,186,"1107O_12CG_48HR","48HR","R4","267","","267","1:1","5:1",20230607,70645,66,573.39,0.37,6.38,0,-19.02,0.49,0.57,23660.55,0,NA,633.200422686442,6.91162502130235,640.734008636626,-133.372455146938,7598.40507223731,82.9395002556282,15.0157647633764,77.7772727272727,-0.0683732947856857,7681.34457249294,7666.32880772956,83.0078735504139,0.0052343431798962,4.34491696796295e-07,5.2182452785235e-06,0.0052182452785235,0.481939632874067,1.52,0.00343305610429178,0.317065547943465
"165","11","7","O","12CP",11,226,"1107O_12CP_72HR","72HR","R4","203",NA,"203","1:1","5:1",20230617,143007,97,443.8,1.9,4.9,0,-17.9,1.1,0.4,27608.8,0,NA,478.141457560633,5.15450198936713,484.157381712084,-132.048110476574,5737.69749072759,61.8540238724056,735.983183544067,16.8769230769231,7.49645481794392,5799.5515146,5063.56833105593,54.3575690544617,0.0052343431798962,2.84526170855958e-07,3.41715931198006e-06,0.00341715931198006,0.318318496858808,1.51,0.00226301941190732,0.210806951562124
"166","11","7","O","12CP",14,176,"1107O_12CP_96HR","96HR","R4","14",NA,"14","1:1","5:1",20230624,3334,55,452.246794,0.218441706,5.001650179,0.004258646,-20.26703166,0.399687799,0.260517664,24067.38432,0,"",488.248341859351,5.2751856858004,494.369379537678,-134.847008479702,5858.98010231221,63.3022282296048,6.26500140855833,27.9244593812222,-0.56970687437247,5922.28233054182,5916.01732913326,63.8719351039773,0.0052343431798962,3.34327627898276e-07,4.01527481105829e-06,0.00401527481105829,0.371907244156346,1.51,0.00265912239142933,0.24629618818301
"167","11","7","O","12CP",9,172,"1107O_12CP_48HR","48HR","R4","63","","63","1:1","5:1",20230607,33635,52,512.19,0.26,5.68,0,-21.73,0.29,0.52,23757.53,0,NA,559.972483295289,6.08055331700867,566.788077404237,-136.576896268979,6719.66979954347,72.966639804104,15.0157647633764,77.7772727272727,-0.0683732947856857,6792.63643934757,6777.6206745842,73.0350130988897,0.0052343431798962,3.82290322707803e-07,4.59130677572071e-06,0.00459130677572071,0.426071474572738,1.51,0.00304060051372232,0.282166539452145
"168","11","7","O","12CP",4,66,"1107O_12CP_24HR","24HR","R4",NA,"",NA,"1:1","",20221216,154615,66,3798.483778,3.403071526,42.04729854,0.026951907,-21.95340141,0.74396535,0.410285584,23094.00585,0,"",4492.13786886568,49.2574572858587,4536.04926438905,-136.841057399948,8984.27573773137,98.5149145717174,793.916531272768,48.7361922282857,9.27033442006797,9082.79065230308,8288.87412103032,89.2445801516494,0.0052343431798962,4.67136759459486e-07,5.61031248110842e-06,0.00561031248110842,0.521075608810442,1.51,0.00371543872921088,0.345083184642677
"169","11","7","O","13CG",12,55,"1107O_13CG_96HR","96HR","R4","44",NA,"44","1:1","5:1",20230622,13903,105,514.9902426,0.370959143,6.42508197,0.006197165,104.4838812,0.311442979,0.300584218,24077.53895,0,"",563.323071455311,6.96514837793209,571.023333088401,12.6647830999352,6759.87685746373,83.5817805351851,67.0347578488204,20.9810097159091,0.0668402807052713,6843.45863799891,6776.42388015009,83.5149402544798,0.0052343431798962,4.37145857940475e-07,5.2501217538651e-06,0.0052501217538651,0.425996238735004,1.51,0.00347690182375172,0.282116714394042
"170","11","7","O","13CG",7,17,"1107O_13CG_48HR","48HR","R4","29","","29","1:1","5:1",20230602,191602,17,567.64,0.54,8.25,0.01,283.86,0.69,0.45,23823.84,0,NA,626.320346681555,9.13177371705834,636.098948649846,224.768182138661,7515.84416017866,109.5812846047,252.991137831703,20.2071428571429,2.26109448044047,7625.42544478336,7372.43430695165,107.32019012426,0.0052343431798962,5.61750705242081e-07,6.7466259699574e-06,0.0067466259699574,0.46346411331824,1.51,0.00446796421851483,0.306929876369695
"171","11","7","O","13CG",4,65,"1107O_13CG_24HR","24HR","R4",NA,"",NA,"1:1","",20221216,153114,65,4215.40095,8.826805192,74.07534654,0.15183015,554.9612757,0.898645353,0.324993715,23080.64544,0,"",4990.99383949227,87.2826064809443,5072.36061116174,545.332047854907,9981.98767898454,174.565212961889,793.916531272768,48.7361922282857,9.27033442006797,10156.5528919464,9362.63636067366,165.294878541821,0.0052343431798962,8.65210120167149e-07,1.03911735432075e-05,0.0103911735432075,0.588577093881887,1.51,0.00688157188291885,0.389786154888667
"172","11","7","O","13CG",11,190,"1107O_13CG_72HR","72HR","R4","D3",NA,"D3","1:1","5:1",20230617,52550,61,510.4,4.6,6.6,0.1,147.5,6.8,0.5,27583.6,0,NA,557.830685721594,7.17281898550894,565.74877271648,63.5292185218349,6693.96822865912,86.0738278261072,735.983183544067,16.8769230769231,7.49645481794392,6780.04205648523,6044.05887294116,78.5773730081633,0.0052343431798962,4.11300936499439e-07,4.93972424735826e-06,0.00493972424735826,0.379956506869053,1.51,0.00327134056116441,0.251626825741095
"173","11","7","O","13CP",13,124,"1107O_13CP_96HR","96HR","R4","84",NA,"84","1:1","5:1",20230622,233635,24,434.1790154,0.213166521,4.921134325,0.003838103,4.144284906,0.244167227,0.258665442,24242.69282,0,"",466.629613162397,5.17959361721977,472.68937091602,-105.981832595102,5599.55535794877,62.1551234066372,50.4935566101421,79.34086271525,0.320981432927764,5661.7104813554,5611.21692474526,61.8341419737095,0.0052343431798962,3.23661119324819e-07,3.88717004309108e-06,0.00388717004309108,0.352746130841911,1.5,0.00259144669539405,0.235164087227941
"174","11","7","O","13CP",9,148,"1107O_13CP_48HR","48HR","R4","228","","228","1:1","5:1",20230606,213614,28,519.37,0.32,5.81,0,-9.52,0.29,0.34,23807.42,0,NA,568.563604289219,6.23489520494892,575.520625987577,-122.139174460814,6822.76325147062,74.8187424593871,15.0157647633764,77.7772727272727,-0.0683732947856857,6897.58199393001,6882.56622916663,74.8871157541727,0.0052343431798962,3.91984863609951e-07,4.70773821195551e-06,0.00470773821195551,0.432668820357885,1.5,0.00313849214130368,0.28844588023859
"175","11","7","O","13CP",10,139,"1107O_13CP_72HR","72HR","R4","249",NA,"249","1:1","5:1",20230610,33910,150,504.3,0.3,5.6,0,-7.4,0.2,0.2,23557.3,0,NA,550.531822481626,5.98557369366082,557.267090781909,-119.63237919191,6606.38186977951,71.8268843239298,24.4289815769401,27.7454545454545,-0.314456864368751,6678.20875410344,6653.7797725265,72.1413411882985,0.0052343431798962,3.77612537237535e-07,4.5351265722228e-06,0.0045351265722228,0.418286282941993,1.5,0.0030234177148152,0.278857521961329
"176","11","7","O","13CP",4,71,"1107O_13CP_24HR","24HR","R4",NA,"",NA,"1:1","",20221216,170118,71,4028.561311,3.743623035,45.24242955,0.039388315,-7.284107169,0.702947413,0.384478894,23045.1687,0,"",4767.43368000604,53.0508615343191,4814.71750948242,-119.495341644528,9534.86736001209,106.101723068638,793.916531272768,48.7361922282857,9.27033442006797,9640.96908308072,8847.05255180796,96.8313886485703,0.0052343431798962,5.06848718772522e-07,6.08725311245799e-06,0.00608725311245799,0.556165195332738,1.5,0.00405816874163866,0.370776796888492
"177","11","9","O","12CG",4,10,"1109O_12CG_24HR","24HR","R4",NA,"",NA,"1:1","",20221216,14537,10,8468.881551,10.033285,93.45443453,0.10237491,-25.10591219,0.633895057,0.416577601,23161.65532,0.359872611,"",10080.4320690915,110.290337457382,10176.7319961003,-140.568745658661,20160.864138183,220.580674914765,793.916531272768,48.7361922282857,9.27033442006797,20381.4448130978,19587.528281825,211.310340494697,0.0052343431798962,1.10607083960996e-06,1.32839107837156e-05,0.0132839107837156,1.23135941932667,1.49,0.0089153763649098,0.826415717668904
"178","11","9","O","12CG",9,205,"1109O_12CG_48HR","48HR","R4","39","","39","1:1","5:1",20230607,115203,85,770.43,0.65,8.49,0.01,-24.99,0.18,0.36,23694.98,0,NA,868.965670686979,9.41671258710189,878.639213885901,-140.431685220218,10427.5880482437,113.000551045223,15.0157647633764,77.7772727272727,-0.0683732947856857,10540.588599289,10525.5728345256,113.068924340008,0.0052343431798962,5.91841552977322e-07,7.10801705125763e-06,0.00710801705125763,0.661684469174605,1.49,0.00477048124245479,0.444083536358796
"179","11","9","O","12CG",13,156,"1109O_12CG_96HR","96HR","R4","72",NA,"72","1:1","5:1",20230623,73703,56,769.3943611,0.772325971,8.477928759,0.007603796,-25.10735376,0.171336029,0.334151469,24172.06625,0,"",867.726492539915,9.40238106305787,877.387616114691,-140.57045024397,10412.717910479,112.828572756694,50.4935566101421,79.34086271525,0.320981432927764,10525.5464832357,10475.0529266255,112.507591323767,0.0052343431798962,5.88903343332107e-07,7.0727291534186e-06,0.0070727291534186,0.658508562364864,1.49,0.00474679808954268,0.441952055278432
"180","11","9","O","12CG",10,41,"1109O_12CG_72HR","72HR","R4","1",NA,"1","1:1","5:1",20230609,30741,52,847,0.8,9.3,0,-24.9,0.2,0.2,23550.8,0,NA,960.584352372937,10.3783812734989,971.077600941833,-140.325264666349,11527.0122284752,124.540575281986,24.4289815769401,27.7454545454545,-0.314456864368751,11651.5528037572,11627.1238221803,124.855032146355,0.0052343431798962,6.53534085990994e-07,7.84894437275184e-06,0.00784894437275184,0.73093287892806,1.49,0.00526774790117573,0.490558979146349
"181","11","9","O","12CP",12,85,"1109O_12CP_96HR","96HR","R4","850",NA,"850","1:1","5:1",20230622,92423,136,811.5710065,0.853100144,9.109121426,0.008294799,-6.996671965,0.220940635,0.335470442,24100.3622,0,"",918.192323145689,10.1517615852027,928.525991719047,-119.155463715517,11018.3078777483,121.821139022432,67.0347578488204,20.9810097159091,0.0668402807052713,11140.1290167707,11073.0942589219,121.754298741727,0.0052343431798962,6.37303783241802e-07,7.65401843673405e-06,0.00765401843673405,0.696104108728571,1.49,0.00513692512532486,0.467183965589645
"182","11","9","O","12CP",11,198,"1109O_12CP_72HR","72HR","R4","G3",NA,"G3","1:1","5:1",20230617,72647,69,821.6,22.5,9.1,0.2,-24.6,0.6,0.5,27586.1,0,NA,930.192364455693,10.1409322151292,940.495761853802,-139.970529486787,11162.3083734683,121.691186581551,735.983183544067,16.8769230769231,7.49645481794392,11283.9995600499,10548.0163765058,114.194731763607,0.0052343431798962,5.97734415386912e-07,7.17879032879681e-06,0.00717879032879681,0.663095370357376,1.49,0.00481798008644081,0.445030449904279
"183","11","9","O","12CP",4,46,"1109O_12CP_24HR","24HR","R4",NA,"",NA,"1:1","",20221216,104600,46,7846.269658,8.670197317,86.4659668,0.090482676,-26.09729088,0.600878486,0.397008576,23109.04782,0,"",9335.4551742416,101.993312047707,9424.60946009988,-141.741001984031,18670.9103484832,203.986624095415,793.916531272768,48.7361922282857,9.27033442006797,18874.8969725786,18080.9804413058,194.716289675347,0.0052343431798962,1.01921188287684e-06,1.22407347133509e-05,0.0122407347133509,1.13665110047202,1.49,0.00821525819687978,0.762853087565112
"184","11","9","O","12CP",9,216,"1109O_12CP_48HR","48HR","R4","12","","12","1:1","5:1",20230607,143714,96,941.75,0.96,10.36,0.01,-26.09,0.15,0.29,23670.6,0,NA,1073.95603958391,11.6368612828579,1085.53252293497,-141.732380878611,12887.472475007,139.642335394294,15.0157647633764,77.7772727272727,-0.0683732947856857,13027.1148104013,13012.0990456379,139.71070868908,0.0052343431798962,7.31293795185151e-07,8.78283848017366e-06,0.00878283848017366,0.817998600666978,1.49,0.00589452246991521,0.548992349440925
"185","11","9","O","13CG",9,169,"1109O_13CG_48HR","48HR","R4","261","","261","1:1","5:1",20230607,25132,49,843.44,0.94,10.17,0.01,64.26,0.19,0.47,23768.75,0,NA,956.324687924693,11.4112846774067,967.864118631411,-34.8979693005805,11475.8962550963,136.935416128881,15.0157647633764,77.7772727272727,-0.0683732947856857,11612.8316712252,11597.8159064618,137.003789423666,0.0052343431798962,7.17124850789703e-07,8.61266945798434e-06,0.00861266945798434,0.729090452586078,1.48,0.00581937125539482,0.492628684179782
"186","11","9","O","13CG",4,55,"1109O_13CG_24HR","24HR","R4",NA,"",NA,"1:1","",20221216,130107,55,8205.819985,9.286145932,124.4731809,0.138182444,340.8341167,0.92414446,0.38556621,23080.80687,0,"",9765.66970943156,147.117198044196,9899.53292690276,292.137260531826,19531.3394188631,294.234396088392,793.916531272768,48.7361922282857,9.27033442006797,19825.5738149515,19031.6572836787,284.964061668324,0.0052343431798962,1.49159969270911e-06,1.79141123094364e-05,0.0179141123094364,1.1964148883144,1.48,0.0121041299388084,0.808388438050268
"187","11","9","O","13CG",12,95,"1109O_13CG_96HR","96HR","R4","191",NA,"191","1:1","5:1",20230622,115430,146,752.5429553,0.900188493,8.697541025,0.009107799,23.52127296,0.22213741,0.279299526,24093.81575,0,"",847.563196419357,9.66311469189847,857.519224177107,-83.0695014727597,10170.7583570323,115.957376302782,67.0347578488204,20.9810097159091,0.0668402807052713,10286.7157333351,10219.6809754862,115.890536022076,0.0052343431798962,6.0661083684167e-07,7.28539615046846e-06,0.00728539615046845,0.642454742151164,1.48,0.00492256496653274,0.43409104199403
"188","11","9","O","13CG",10,83,"1109O_13CG_72HR","72HR","R4","226",NA,"226","1:1","5:1",20230609,133820,94,724.1,1,8.5,0,37.2,0.2,0.2,23677.1,0,NA,813.530206111944,9.42858504002037,823.305198785994,-66.8950824970554,9762.36247334333,113.143020480244,24.4289815769401,27.7454545454545,-0.314456864368751,9875.50549382357,9851.07651224663,113.457477344613,0.0052343431798962,5.93875372747003e-07,7.13244322669151e-06,0.00713244322669151,0.61928262102973,1.48,0.00481921839641318,0.418434203398466
"189","11","9","O","13CP",10,36,"1109O_13CP_72HR","72HR","R4","129",NA,"129","1:1","5:1",20230609,15236,47,685.6,0.5,7.7,0,-8.6,0.2,0.2,23627.6,0,NA,767.46361025313,8.47878880654187,776.357297373508,-121.051319910158,9209.56332303757,101.745465678502,24.4289815769401,27.7454545454545,-0.314456864368751,9311.30878871607,9286.87980713913,102.059922542871,0.0052343431798962,5.34216659503012e-07,6.41594208063117e-06,0.00641594208063117,0.583814698931983,1.5,0.00427729472042078,0.389209799287989
"190","11","9","O","13CP",9,171,"1109O_13CP_48HR","48HR","R4","46","","46","1:1","5:1",20230607,32134,51,760.04,0.8,8.48,0.01,-15.24,0.22,0.47,23719.65,0,NA,856.533672479886,9.4048401341834,866.215341756388,-128.902791884459,10278.4040697586,112.858081610201,15.0157647633764,77.7772727272727,-0.0683732947856857,10391.2621513688,10376.2463866055,112.926454904987,0.0052343431798962,5.91095819061772e-07,7.09906078693188e-06,0.00709906078693188,0.652297142424876,1.5,0.00473270719128792,0.434864761616584
"191","11","9","O","13CP",12,4,"1109O_13CP_96HR","96HR","R4","7",NA,"7","1:1","5:1",20230621,125331,54,692.1773534,0.664239398,7.713983336,0.005414734,-13.96199104,0.455690266,0.326923896,24274.9848,0,"",775.333643523219,8.4953904563722,784.231328601453,-127.391609424768,9304.00372227862,101.944685476466,67.0347578488204,20.9810097159091,0.0668402807052713,9405.94840775509,9338.91364990627,101.877845195761,0.0052343431798962,5.33263604182953e-07,6.40449588623726e-06,0.00640449588623726,0.587085778442027,1.5,0.00426966392415818,0.391390518961351
"192","11","9","O","13CP",4,14,"1109O_13CP_24HR","24HR","R4",NA,"",NA,"1:1","",20221216,24540,14,7189.145518,8.172861187,80.78885371,0.093725117,-7.477297388,0.571356097,0.431846194,23182.19792,0,"",8549.18316939873,95.2531862603154,8632.82503551614,-119.723779534616,17098.3663387975,190.506372520631,793.916531272768,48.7361922282857,9.27033442006797,17288.8727113181,16494.9561800453,181.236038100563,0.0052343431798962,9.48651619983089e-07,1.13933059559969e-05,0.0113933059559969,1.03694653921832,1.5,0.00759553730399793,0.691297692812213
"193","12","11","O","12CG",12,54,"1211O_12CG_96HR","96HR","R1","89",NA,"89","1:1","5:1",20230622,12402,104,212.0161348,0.391149695,2.355807511,0.00695117,-16.93024014,0.746631476,0.327908162,24102.94231,0,"",200.803960294083,2.13392143524653,204.228360069275,-130.901417349677,2409.647523529,25.6070572229584,67.0347578488204,20.9810097159091,0.0668402807052713,2435.25458075196,2368.21982290313,25.5402169422531,0.0052343431798962,1.33686260364752e-07,1.60557198698067e-06,0.00160557198698067,0.148876864094881,1.5,0.00107038132465378,0.0992512427299207
"194","12","11","O","12CG",10,8,"1211O_12CG_72HR","72HR","R1","593",NA,"593","1:1","5:1",20230608,185212,19,211.7,1,2.4,0,-8,1,0.2,23704.5,0,NA,200.425693954641,2.18638875974683,203.903496944422,-120.341849551034,2405.1083274557,26.236665116962,24.4289815769401,27.7454545454545,-0.314456864368751,2431.34499257266,2406.91601099572,26.5511219813307,0.0052343431798962,1.3897768426157e-07,1.66912198798146e-06,0.00166912198798146,0.151309479124928,1.5,0.00111274799198764,0.100872986083285
"195","12","11","O","12CG",8,112,"1211O_12CG_48HR","48HR","R1","219","","219","1:1","5:1",20230606,23008,82,312.3,0.25,3.47,0.01,-18.19,0.49,0.36,23750.5,0,NA,320.797110666243,3.45674122202432,325.358793041303,-132.39102115015,3849.56532799492,41.4808946642918,83.7209787008222,21.8485714285714,0.266522390135628,3891.04622265921,3807.32524395839,41.2143722741562,0.0052343431798962,2.15730168426932e-07,2.59091932280746e-06,0.00259091932280746,0.239345451561566,1.5,0.00172727954853831,0.159563634374377
"196","12","11","O","12CG",2,15,"1211O_12CG_24HR","24HR","R1",NA,"",NA,"1:1","1:1",20221214,212154,15,2972.4,3.4,33,0,-19.2,0.7,0.5,23268.8,0,"low",3503.69975077093,38.5160946902993,3538.39910032028,-133.585296254675,14014.7990030837,154.064378761197,833.323106549533,3.46,9.12547353237872,14168.8633818449,13335.5402752954,144.938905228819,0.0052343431798962,7.58659970086088e-07,9.11150624073391e-06,0.00911150624073392,0.838331559425584,1.5,0.00607433749382261,0.558887706283722
"197","12","11","O","12CP",10,39,"1211O_12CP_72HR","72HR","R1","44",NA,"44","1:1","5:1",20230609,23739,50,251.7,0.4,2.8,0,-14.9,0.5,0.2,23529.3,0,NA,248.287092249513,2.66128687648608,252.165461755221,-128.500758680955,2979.44510699415,31.9354425178329,24.4289815769401,27.7454545454545,-0.314456864368751,3011.38054951199,2986.95156793505,32.2498993822017,0.0052343431798962,1.68807040883566e-07,2.02737256101163e-06,0.00202737256101163,0.187773102115296,1.51,0.00134263083510704,0.124353047758474
"198","12","11","O","12CP",1,8,"1211O_12CP_24HR","24HR","R1",NA,"",NA,"1:1","1:1",20221212,234405,8,848.1,1.4,9.4,0,-18.4,0.8,0.5,24197.7761,0,"low",961.900540826046,10.4971058026837,972.511124649084,-132.639335775843,3847.60216330418,41.9884232107347,2257.42722379298,35.4888888888889,26.264018900924,3889.59058651492,1632.16336272193,15.7244043098107,0.0052343431798962,8.23069284569879e-08,9.88506210768424e-07,0.000988506210768424,0.102605071025341,1.51,0.000654639874681076,0.0679503781624778
"199","12","11","O","12CP",14,182,"1211O_12CP_96HR","96HR","R1","242",NA,"242","1:1","5:1",20230624,20339,61,218.5741196,0.422040577,2.424898052,0.00622343,-17.88018467,0.567674163,0.296169658,24049.03681,0,"",208.650818357196,2.21594885476002,212.145084745162,-132.024679827755,2503.80982028635,26.5913862571202,6.26500140855833,27.9244593812222,-0.56970687437247,2530.40120654347,2524.13620513491,27.1610931314927,0.0052343431798962,1.42170482591354e-07,1.70746749592216e-06,0.00170746749592216,0.158678463517029,1.51,0.00113077317610739,0.10508507517684
"200","12","11","O","12CP",8,109,"1211O_12CP_48HR","48HR","R1","35","","35","1:1","5:1",20230606,14506,79,253.24,0.25,2.81,0.01,-18.48,0.69,0.29,23800.51,0,NA,250.129756083865,2.67315932940456,254.017096543754,-132.733931823726,3001.55707300638,32.0779119528547,83.7209787008222,21.8485714285714,0.266522390135628,3033.63498495924,2949.91400625842,31.8113895627191,0.0052343431798962,1.6651173000064e-07,1.99980587730768e-06,0.00199980587730768,0.185444755741868,1.51,0.0013243747531839,0.122811096517793
"201","12","11","O","13CG",2,9,"1211O_13CG_24HR","24HR","R1",NA,"",NA,"1:1","1:1",20221214,195151,9,2811.4,2.6,59.8,0.1,877.7,1.5,0.5,23281,0,"low",3311.05762263407,70.334268511829,3378.08336572599,926.954645575268,13244.2304905363,281.337074047316,833.323106549533,3.46,9.12547353237872,13525.5675645836,12692.2444580341,272.211600514937,0.0052343431798962,1.42484893464399e-06,1.71124357050743e-05,0.0171124357050743,0.797891114229996,1.5,0.0114082904700495,0.531927409486664
"202","12","11","O","13CG",9,223,"1211O_13CG_48HR","48HR","R1","27","","27","1:1","5:1",20230607,162220,103,296.46,0.43,4.8,0.01,435.05,1.14,0.23,23706.6,0,NA,301.843996941474,5.03577746018232,308.025102214453,403.542888131825,3622.12796329769,60.4293295221878,15.0157647633764,77.7772727272727,-0.0683732947856857,3682.55729281987,3667.5415280565,60.4977028169735,0.0052343431798962,3.16665738139412e-07,3.80315551505434e-06,0.00380315551505434,0.230558023522267,1.5,0.00253543701003623,0.153705349014845
"203","12","11","O","13CG",14,173,"1211O_13CG_96HR","96HR","R1","270",NA,"270","1:1","5:1",20230623,234832,52,210.8038316,0.435875171,2.741674476,0.006605287,152.0290338,0.430938433,0.2667192,24068.29217,0,"",199.353397136349,2.5920401727225,203.241096789771,68.8845772494499,2392.24076563619,31.10448207267,6.26500140855833,27.9244593812222,-0.56970687437247,2423.34524770886,2417.0802463003,31.6741889470425,0.0052343431798962,1.65793574893695e-07,1.99118083447328e-06,0.00199118083447328,0.151948448304831,1.5,0.00132745388964885,0.101298965536554
"204","12","11","O","13CG",11,195,"1211O_13CG_72HR","72HR","R1","69",NA,"69","1:1","5:1",20230617,64126,66,254.3,9.4,3.4,0.1,190.8,16,0.5,27571.9,0,NA,251.398083138679,3.37363405159495,255.988191641225,114.729329438589,3016.77699766415,40.4836086191394,735.983183544067,16.8769230769231,7.49645481794392,3057.26060628329,2321.27742273923,32.9871538011955,0.0052343431798962,1.72666083523474e-07,2.07371966311693e-06,0.00207371966311693,0.145925855382809,1.5,0.00138247977541129,0.0972839035885391
"205","12","11","O","13CP",10,7,"1211O_13CP_72HR","72HR","R1","877",NA,"877","1:1","5:1",20230608,183711,18,250.6,0.4,2.9,0,26,1.5,0.2,23639,0,NA,246.970903796404,2.78001140567089,250.970858665845,-80.1385292006961,2963.65084555685,33.3601368680507,24.4289815769401,27.7454545454545,-0.314456864368751,2997.0109824249,2972.58200084796,33.6745937324194,0.0052343431798962,1.76264380039065e-07,2.11693520426917e-06,0.00211693520426917,0.186869767017076,1.5,0.00141129013617945,0.124579844678051
"206","12","11","O","13CP",12,3,"1211O_13CP_96HR","96HR","R1","203",NA,"203","1:1","5:1",20230621,123830,53,229.4077118,0.364660708,2.618416821,0.007311758,9.563358459,0.914898104,0.335871667,24302.85814,0,"",221.613590138406,2.44570310213951,225.318105575624,-99.5740458288283,2659.36308166087,29.3484372256742,67.0347578488204,20.9810097159091,0.0668402807052713,2688.71151888655,2621.67676103773,29.2815969449689,0.0052343431798962,1.53269927265367e-07,1.84077182645706e-06,0.00184077182645706,0.164810298047102,1.5,0.00122718121763804,0.109873532031402
"207","12","11","O","13CP",1,7,"1211O_13CP_24HR","24HR","R1",NA,"",NA,"1:1","1:1",20221212,232904,7,851.2,1.4,9.8,0,14.9,0.6,0.5,24258.69575,0,"low",965.609799193898,10.9720039194229,976.692235461901,-93.2637308444829,3862.43919677559,43.8880156776917,2257.42722379298,35.4888888888889,26.264018900924,3906.32721245328,1648.8999886603,17.6239967767677,0.0052343431798962,9.22500473309864e-08,1.10792306844515e-06,0.00110792306844515,0.103657210003799,1.5,0.000738615378963431,0.0691048066691996
"208","12","11","O","13CP",9,195,"1211O_13CP_48HR","48HR","R1","247","","247","1:1","5:1",20230607,92153,75,268.92,0.3,3.11,0,22.05,0.28,0.42,23683.75,0,NA,268.891424215455,3.029332916959,273.106853911986,-84.8092090649265,3226.69709058546,36.3519950035079,15.0157647633764,77.7772727272727,-0.0683732947856857,3263.04908558897,3248.03332082559,36.4203682982936,0.0052343431798962,1.90636706411481e-07,2.28954684400189e-06,0.00228954684400189,0.204185865941878,1.5,0.00152636456266792,0.136123910627918
"209","12","13","O","12CG",2,8,"1213O_12CG_24HR","24HR","R1",NA,"",NA,"1:1","1:1",20221214,193650,8,2435,2.2,27.2,0,-14.5,0.7,0.5,23292,0,"high",2860.68186467933,31.6300719975802,2889.49070217111,-128.02777844154,11442.7274587173,126.520287990321,833.323106549533,3.46,9.12547353237872,11569.2477467076,10735.9246401581,117.394814457942,0.0052343431798962,6.14484746413109e-07,7.37996180442144e-06,0.00737996180442144,0.674908122180295,1.5,0.00491997453628096,0.449938748120197
"210","12","13","O","12CG",10,121,"1213O_12CG_72HR","72HR","R1","11",NA,"11","1:1","5:1",20230609,230854,132,225.3,0.3,2.5,0,-11.7,0.5,0.2,23588,0,NA,216.698569374898,2.30511328893164,220.269559268876,-124.71691676563,2600.38283249877,27.6613594671797,24.4289815769401,27.7454545454545,-0.314456864368751,2628.04419196595,2603.61521038901,27.9758163315484,0.0052343431798962,1.46435023417069e-07,1.758684631239e-06,0.001758684631239,0.16367486839008,1.5,0.001172456420826,0.10911657892672
"211","12","13","O","12CG",14,213,"1213O_12CG_96HR","96HR","R1","241",NA,"241","1:1","5:1",20230624,94859,92,195.1698049,0.438129024,2.17280629,0.007058434,-14.60398655,0.740971929,0.306613501,24043.50675,0,"",180.646737665316,1.91665409721182,183.885068502117,-128.150737399827,2167.76085198379,22.9998491665419,6.26500140855833,27.9244593812222,-0.56970687437247,2190.76070115033,2184.49569974177,23.5695560409143,0.0052343431798962,1.23371144915941e-07,1.48168745044045e-06,0.00148168745044045,0.137327146011145,1.5,0.000987791633626969,0.0915514306740969
"212","12","13","O","12CG",8,72,"1213O_12CG_48HR","48HR","R1","201","","201","1:1","5:1",20230605,162943,1,302.59,0.25,3.39,0,-12.66,0.4,0.53,24145.9,0,NA,309.178756230163,3.36176159867647,313.663628796309,-125.852069340227,3710.14507476195,40.3411391841176,83.7209787008222,21.8485714285714,0.266522390135628,3750.48621394607,3666.76523524525,40.074616793982,0.0052343431798962,2.09764297102533e-07,2.51926920820142e-06,0.00251926920820142,0.230509222292651,1.5,0.00167951280546762,0.153672814861767
"213","12","13","O","12CP",10,64,"1213O_12CP_72HR","72HR","R1","66",NA,"66","1:1","5:1",20230609,85301,75,208,0.3,2.3,0,-14.7,0.5,0.2,23591.2,0,NA,195.998514612366,2.06766423056202,199.364005204792,-128.264268561248,2351.98217534839,24.8119707667442,24.4289815769401,27.7454545454545,-0.314456864368751,2376.79414611513,2352.36516453819,25.126427631113,0.0052343431798962,1.31520345106071e-07,1.57955934472392e-06,0.00157955934472392,0.147880169533067,1.51,0.00104606579120789,0.0979338871079913
"214","12","13","O","12CP",2,3,"1213O_12CP_24HR","24HR","R1",NA,"",NA,"1:1","1:1",20221214,182147,3,1544.9,2.1,17.2,0,-20.2,0.7,0.5,23320.3,0,"high",1795.64609912271,19.757619079099,1814.22846142357,-134.767746853214,7182.58439649082,79.0304763163961,833.323106549533,3.46,9.12547353237872,7261.61487280722,6428.29176625769,69.9050027840173,0.0052343431798962,3.65906774563146e-07,4.39454036250338e-06,0.00439454036250338,0.404111100832776,1.51,0.00291029163079694,0.26762324558462
"215","12","13","O","12CP",14,235,"1213O_12CP_96HR","96HR","R1","240",NA,"240","1:1","5:1",20230624,151914,114,178.9937698,0.376707622,1.99778308,0.005336047,-12.41277115,0.564459084,0.333523572,24056.92084,0,"",161.291546196493,1.70885861517518,164.35204373042,-125.559733438569,1935.49855435791,20.5063033821021,6.26500140855833,27.9244593812222,-0.56970687437247,1956.00485774001,1949.73985633145,21.0760102564746,0.0052343431798962,1.103190705454e-07,1.32493203725026e-06,0.00132493203725026,0.12256934630992,1.51,0.00087743843526507,0.0811717525231256
"216","12","13","O","12CP",7,33,"1213O_12CP_48HR","48HR","R1","30","","30","1:1","5:1",20230602,231612,53,233.75,0.41,2.59,0.01,-20.68,0.46,0.38,23845.53,0,NA,226.809289764689,2.41196536519797,230.471469652149,-135.335323140513,2721.71147717627,28.9435843823757,252.991137831703,20.2071428571429,2.26109448044047,2750.65506155865,2497.66392372694,26.6824899019352,0.0052343431798962,1.39665309040844e-07,1.67738036158053e-06,0.00167738036158053,0.157014297799243,1.51,0.00111084792157651,0.103982978674995
"217","12","13","O","13CG",9,217,"1213O_13CG_48HR","48HR","R1","22","","22","1:1","5:1",20230607,145214,97,300.66,0.38,6,0,767.5,2.6,0.29,23699.69,0,NA,306.869443762435,6.46047181040006,314.475958897085,796.648589616232,3682.43332514923,77.5256617248008,15.0157647633764,77.7772727272727,-0.0683732947856857,3759.95898687403,3744.94322211065,77.5940350195865,0.0052343431798962,4.06153808005399e-07,4.87790723414484e-06,0.00487790723414484,0.235423839345178,1.51,0.00323040214181778,0.155909827380913
"218","12","13","O","13CG",14,218,"1213O_13CG_96HR","96HR","R1","58",NA,"58","1:1","5:1",20230624,110402,97,194.5789104,0.387595631,3.110851873,0.004884458,415.3827323,1.937152835,0.308438304,24059.70303,0,"",179.939711739947,3.0303442991675,184.299776258349,380.287315668326,2159.27654087936,36.36413159001,6.26500140855833,27.9244593812222,-0.56970687437247,2195.64067246937,2189.37567106081,36.9338384643824,0.0052343431798962,1.93324385473428e-07,2.32182586953587e-06,0.00232182586953587,0.137633922780694,1.51,0.0015376330261827,0.0911482932322479
"219","12","13","O","13CG",10,16,"1213O_13CG_72HR","72HR","R1","211",NA,"211","1:1","5:1",20230608,205218,27,220.5,0.4,3.9,0,553.3,1.8,0.2,23592.9,0,NA,210.955201579513,3.96725669751901,216.207908764997,543.367671409103,2531.46241895416,47.6070803702281,24.4289815769401,27.7454545454545,-0.314456864368751,2579.06949932438,2554.64051774744,47.9215372345969,0.0052343431798962,2.50837771594054e-07,3.01256163684459e-06,0.00301256163684459,0.160596100705605,1.51,0.00199507393168516,0.106355033579871
"220","12","13","O","13CG",2,14,"1213O_13CG_24HR","24HR","R1",NA,"",NA,"1:1","1:1",20221214,210653,14,2498.7,3,60.1,0.1,1124.1,1.3,0.5,23265.5,0,"high",2936.90114146391,70.6904420993834,3004.88936060485,1218.31047305536,11747.6045658557,282.761768397534,833.323106549533,3.46,9.12547353237872,12030.3663342532,11197.0432277037,273.636294865155,0.0052343431798962,1.43230627379949e-06,1.72019983483319e-05,0.0172019983483319,0.703896093915742,1.51,0.0113920518863125,0.466156353586584
"221","12","13","O","13CP",7,69,"1213O_13CP_48HR","48HR","R1","14","","14","1:1","5:1",20230603,81636,89,280.91,0.44,3.26,0.01,25.17,1.42,0.35,23807.26,0,NA,283.237878354343,3.20741971073621,287.609335417014,-81.1199631974837,3398.85454025211,38.4890365288346,252.991137831703,20.2071428571429,2.26109448044047,3437.34357678095,3184.35243894924,36.2279420483941,0.0052343431798962,1.89629481382686e-07,2.27745007140606e-06,0.00227745007140606,0.20018260158911,1.5,0.00151830004760404,0.133455067726073
"222","12","13","O","13CP",11,150,"1213O_13CP_72HR","72HR","R1","14",NA,"14","1:1","5:1",20230616,192152,21,301.7,6.4,3.4,0.1,8.7,0.7,0.5,27637.7,0,NA,308.113840118102,3.37363405159495,312.612378077658,-100.594924555427,3697.36608141722,40.4836086191394,735.983183544067,16.8769230769231,7.49645481794392,3737.84969003636,3001.8665064923,32.9871538011955,0.0052343431798962,1.72666083523474e-07,2.07371966311693e-06,0.00207371966311693,0.188710721697353,1.5,0.00138247977541129,0.125807147798236
"223","12","13","O","13CP",13,155,"1213O_13CP_96HR","96HR","R1","263",NA,"263","1:1","5:1",20230623,72202,55,209.0860588,0.443097532,2.374157541,0.007230223,4.465383959,0.81613101,0.341030646,24173.72112,0,"",197.298021932327,2.1557074219693,200.750003230096,-105.602148827692,2367.57626318792,25.8684890636316,50.4935566101421,79.34086271525,0.320981432927764,2393.44475225155,2342.95119564141,25.5475076307039,0.0052343431798962,1.33724422330121e-07,1.60603031218475e-06,0.00160603031218475,0.147288365446941,1.5,0.00107068687478983,0.0981922436312937
"224","12","13","O","13CP",2,6,"1213O_13CP_24HR","24HR","R1",NA,"",NA,"1:1","1:1",20221214,190649,6,2204.1,1.7,25.6,0,25.6,0.7,0.5,23289,0,"high",2584.40194302219,29.7304795306232,2611.74548389114,-80.6115094401118,10337.6077720887,118.921918122493,833.323106549533,3.46,9.12547353237872,10456.5296902112,9623.20658366171,109.796444590114,0.0052343431798962,5.74712270917115e-07,6.90229437371455e-06,0.00690229437371455,0.604957700656561,1.5,0.00460152958247637,0.403305133771041
"225","12","5","O","12CG",11,184,"1205O_12CG_72HR","72HR","R1","74",NA,"74","1:1","5:1",20230617,35507,55,647.6,12.4,7.2,0.1,-21.5,0.7,0.5,27594.3,0,NA,721.995281873003,7.88516616061781,730.365078432524,-136.304932631315,8663.94338247603,94.6219939274137,735.983183544067,16.8769230769231,7.49645481794392,8758.56537640345,8022.58219285938,87.1255391094698,0.0052343431798962,4.56044971432433e-07,5.47710010690351e-06,0.00547710010690351,0.504335310120065,1.5,0.00365140007126901,0.336223540080044
"226","12","5","O","12CG",2,5,"1205O_12CG_24HR","24HR","R1",NA,"",NA,"1:1","1:1",20221214,185148,5,6961.9,8.2,77.1,0.1,-22.9,0.5,0.5,23335.4,0,"control",8277.27596320567,90.8736120608014,8356.95012162821,-137.96036346927,33109.1038528227,363.494448243206,833.323106549533,3.46,9.12547353237872,33472.5983010659,32639.2751945163,354.368974710827,0.0052343431798962,1.85488882594443e-06,2.22772147995926e-05,0.0222772147995926,2.05185046180917,1.5,0.0148514765330617,1.36790030787278
"227","12","5","O","12CG",8,119,"1205O_12CG_48HR","48HR","R1","213","","213","1:1","5:1",20230606,41513,89,792.92,0.9,8.74,0.01,-23.58,0.21,0.28,23796.04,0,NA,895.87574187827,9.71352391006392,905.804488138316,-138.764429876277,10750.5089025392,116.562286920767,83.7209787008222,21.8485714285714,0.266522390135628,10867.07118946,10783.3502107592,116.295764530631,0.0052343431798962,6.08731941921724e-07,7.31087062247991e-06,0.00731087062247991,0.677889505141756,1.5,0.00487391374831994,0.451926336761171
"228","12","5","O","12CG",14,193,"1205O_12CG_96HR","96HR","R1","95",NA,"95","1:1","5:1",20230624,44846,72,558.0944766,0.412119008,6.157821912,0.004440816,-23.32907787,0.289307345,0.305190035,24036.31698,0,"",614.898794247044,6.64784513237253,622.196514499043,-138.467726853472,7378.78553096453,79.7741415884704,6.26500140855833,27.9244593812222,-0.56970687437247,7458.559672553,7452.29467114444,80.3438484628429,0.0052343431798962,4.20547275248095e-07,5.05077277572962e-06,0.00505077277572962,0.468484492115645,1.5,0.00336718185048641,0.312322994743763
"229","12","5","O","12CP",2,7,"1205O_12CP_24HR","24HR","R1",NA,"",NA,"1:1","1:1",20221214,192149,7,4288.9,5.2,47.4,0.1,-24.8,0.6,0.5,23275.5,0,"control",5078.93802215088,55.6124268929123,5128.29635197109,-140.207019606495,20315.7520886035,222.449707571649,833.323106549533,3.46,9.12547353237872,20538.2017961752,19704.8786896257,213.32423403927,0.0052343431798962,1.11661224955003e-06,1.34105131170959e-05,0.0134105131170959,1.23873658953048,1.49,0.00900034437388988,0.831366838611063
"230","12","5","O","12CP",13,138,"1205O_12CP_96HR","96HR","R1","251",NA,"251","1:1","5:1",20230623,30648,38,477.6163236,0.243665297,5.289291643,0.00446678,-19.49650523,0.563544848,0.290851924,24182.08024,0,"",518.603870877829,5.6166866596747,525.019515355386,-133.935899041358,6223.24645053395,67.4002399160964,50.4935566101421,79.34086271525,0.320981432927764,6290.64669045005,6240.1531338399,67.0792584831686,0.0052343431798962,3.51115859153868e-07,4.21690146843795e-06,0.00421690146843795,0.39228386700145,1.49,0.00283013521371675,0.263277763088221
"231","12","5","O","12CP",8,79,"1205O_12CP_48HR","48HR","R1","208","","208","1:1","5:1",20230605,181447,8,608.14,0.5,6.77,0.01,-17.4,0.86,0.42,23770.08,0,NA,674.780012455112,7.37465068512312,682.712361197306,-131.456885177304,8097.36014946134,88.4958082214774,83.7209787008222,21.8485714285714,0.266522390135628,8185.85595768282,8102.134978982,88.2292858313418,0.0052343431798962,4.61822360558396e-07,5.54648655030634e-06,0.00554648655030634,0.509336353187692,1.49,0.00372247419483647,0.341836478649458
"232","12","5","O","12CP",10,131,"1205O_12CP_72HR","72HR","R1","20",NA,"20","1:1","5:1",20230610,13903,142,485.3,1,5.4,0,-21.8,0.3,0.2,23602.3,0,NA,527.797658291562,5.74812463529119,534.330711465885,-136.659667810877,6333.57189949874,68.9774956234943,24.4289815769401,27.7454545454545,-0.314456864368751,6402.54939512224,6378.1204135453,69.2919524878631,0.0052343431798962,3.62697858926537e-07,4.35600128570771e-06,0.00435600128570771,0.400957105757242,1.49,0.00292349079577699,0.269098728696136
"233","12","5","O","13CG",2,4,"1205O_13CG_24HR","24HR","R1",NA,"",NA,"1:1","1:1",20221214,183648,4,6182.5,8.4,96.9,0.1,382.4,0.9,0.5,23297.2,0,"control",7344.6966174301,114.381068839394,7449.52961493803,341.286864118728,29378.7864697204,457.524275357577,833.323106549533,3.46,9.12547353237872,29836.310745078,29002.9876385284,448.398801825198,0.0052343431798962,2.34707321020735e-06,2.81883492545903e-05,0.0281883492545903,1.82325720241356,1.5,0.0187922328363935,1.21550480160904
"234","12","5","O","13CG",12,64,"1205O_13CG_96HR","96HR","R1","94",NA,"94","1:1","5:1",20230622,35408,114,485.054555,0.259732301,5.710937341,0.004464925,41.83578708,0.253278903,0.326373825,24070.06322,0,"",527.50397476895,6.11728352945322,534.408948818774,-61.4134932896084,6330.0476972274,73.4074023534386,67.0347578488204,20.9810097159091,0.0668402807052713,6403.45509958084,6336.42034173202,73.3405620727333,0.0052343431798962,3.83889670895165e-07,4.61051494745094e-06,0.00461051494745094,0.398335653194413,1.5,0.00307367663163396,0.265557102129609
"235","12","5","O","13CG",7,26,"1205O_13CG_48HR","48HR","R1","7","","7","1:1","5:1",20230602,213107,26,757.48,1.04,9.73,0.01,134.53,0.26,0.43,23809.05,0,NA,853.470542989014,10.8888967489936,864.650411709305,48.1928342587796,10241.6465158682,130.666760987923,252.991137831703,20.2071428571429,2.26109448044047,10372.3132768561,10119.3221390244,128.405666507482,0.0052343431798962,6.72119324743465e-07,8.07215309016901e-06,0.00807215309016901,0.636145737931135,1.5,0.00538143539344601,0.424097158620756
"236","12","5","O","13CG",11,221,"1205O_13CG_72HR","72HR","R1","226",NA,"226","1:1","5:1",20230617,131431,92,575,9.5,6.9,0.1,60.4,2.4,0.4,27605,0,NA,635.126843967811,7.52899257306337,643.278513216997,-39.4622286109424,7621.52212761373,90.3479108767605,735.983183544067,16.8769230769231,7.49645481794392,7711.87003849049,6975.88685494642,82.8514560588166,0.0052343431798962,4.33672953965936e-07,5.20841217713089e-06,0.00520841217713089,0.438535371252825,1.5,0.00347227478475393,0.29235691416855
"237","12","5","O","13CP",9,201,"1205O_13CP_48HR","48HR","R1","72","","72","1:1","5:1",20230607,105200,81,715.77,0.76,8,0.01,-10.9,0.27,0.33,23748.82,0,NA,803.563069917037,8.83496239409631,812.756853506802,-123.770956286798,9642.75683900445,106.019548729156,15.0157647633764,77.7772727272727,-0.0683732947856857,9748.7763877336,9733.76062297023,106.087922023941,0.0052343431798962,5.55300591115377e-07,6.66916009929568e-06,0.00666916009929568,0.611907620814352,1.49,0.00447594637536623,0.410676255580102
"238","12","5","O","13CP",2,11,"1205O_13CP_24HR","24HR","R1",NA,"",NA,"1:1","1:1",20221214,202152,11,5894.1,6.7,66.6,0.1,-2.4,0.6,0.5,23249,0,"control",6999.61593572407,78.4075364963962,7068.80961035383,-113.720126199214,27998.4637428963,313.630145985585,833.323106549533,3.46,9.12547353237872,28312.0938888819,27478.7707823324,304.504672453206,0.0052343431798962,1.59388195550196e-06,1.91425222855786e-05,0.0191425222855786,1.72743813040155,1.49,0.0128473303930058,1.15935444993393
"239","12","5","O","13CP",10,117,"1205O_13CP_72HR","72HR","R1","217",NA,"217","1:1","5:1",20230609,220850,128,609.8,0.3,6.8,0,-10.5,0.3,0.2,23635.8,0,NA,676.766260484349,7.41026804387856,684.731240418352,-123.297976047382,8121.19512581219,88.9232165265427,24.4289815769401,27.7454545454545,-0.314456864368751,8210.11834233873,8185.68936076179,89.2376733909115,0.0052343431798962,4.67100607103522e-07,5.6098782913133e-06,0.0056098782913133,0.514588954411811,1.49,0.00376501898745859,0.345361714370343
"240","12","5","O","13CP",14,214,"1205O_13CP_96HR","96HR","R1","222",NA,"222","1:1","5:1",20230624,100400,93,536.2764429,0.397459343,5.977182429,0.005092563,-13.69403649,0.193629766,0.321286586,24067.3473,0,"",588.792754223879,6.4333817566589,595.916831552453,-127.074766406739,7065.51305068654,77.2005810799069,6.26500140855833,27.9244593812222,-0.56970687437247,7142.71363176645,7136.44863035789,77.7702879542793,0.0052343431798962,4.07076376352045e-07,4.88898727998806e-06,0.00488898727998806,0.44862900081609,1.49,0.00328119951677051,0.301093289138316
"241","2","11","M","12CG",12,27,"0211M_12CG_96HR","96HR","R5","241",NA,"241","1:1","5:1",20230621,183845,77,394.2188945,0.175901665,4.397008777,0.004416824,-12.53141081,0.389657832,0.293236912,24244.26673,0,"",418.815931604744,4.55732802801945,424.32676503817,-125.700018975546,5025.79117925693,54.6879363362334,67.0347578488204,20.9810097159091,0.0668402807052713,5080.47911559316,5013.44435774434,54.6210960555282,0.0052343431798962,2.85905561616709e-07,3.43372579501667e-06,0.00343372579501667,0.315167480263796,10,0.000343372579501667,0.0315167480263796
"242","2","11","M","12CG",9,192,"0211M_12CG_48HR","48HR","R5","254","","254","1:1","5:1",20230607,83650,72,832.71,0.75,9.32,0.01,-11.78,0.22,0.46,23683.1,0,NA,943.485867832094,10.4021261793358,954.030614856434,-124.811512813513,11321.8304139851,124.82551415203,15.0157647633764,77.7772727272727,-0.0683732947856857,11446.6559281372,11431.6401633738,124.893887446816,0.0052343431798962,6.53737467967963e-07,7.85138699029523e-06,0.00785138699029523,0.718643903967438,10,0.000785138699029523,0.0718643903967438
"243","2","11","M","12CG",10,15,"0211M_12CG_72HR","72HR","R5","14",NA,"14","1:1","5:1",20230608,203717,26,674.6,0.4,7.5,0,-11.4,0.2,0.2,23632.4,0,NA,754.301725722041,8.24133974817225,762.977742772495,-124.362181586068,9051.62070866449,98.896076978067,24.4289815769401,27.7454545454545,-0.314456864368751,9150.51678564256,9126.08780406562,99.2105338424357,0.0052343431798962,5.19301981192014e-07,6.23681679411609e-06,0.00623681679411609,0.5737065962307,10,0.000623681679411609,0.05737065962307
"244","2","11","M","12CG",6,68,"0211M_12CG_24HR","24HR","R5","27","x","27","1:1","5:1",20221220,101549,68,622.1530633,0.466514069,6.913651125,0.005529545,-13.35930095,0.980249339,0.131976519,23274.13061,0,"",691.547132553426,7.54519980694805,699.624015984828,-126.678958167114,8298.56559064111,90.5423976833766,424.976165308335,1.2062514755,4.58384078912491,8389.10798832448,7964.13182301615,85.9585568942517,0.0052343431798962,4.49936586033146e-07,5.40373839825808e-06,0.00540373839825808,0.500660859090102,10,0.000540373839825808,0.0500660859090102
"245","2","11","M","12CP",10,134,"0211M_12CP_72HR","72HR","R5","64",NA,"64","1:1","5:1",20230610,22406,145,328.2,0.3,3.8,0,15.4,0.4,0.2,23553.7,0,NA,339.822016488454,3.8485321683342,344.747201181879,-92.6725055452132,4077.86419786145,46.1823860200104,24.4289815769401,27.7454545454545,-0.314456864368751,4124.04658388146,4099.61760230452,46.4968428843791,0.0052343431798962,2.43380432438555e-07,2.92299899358704e-06,0.00292299899358704,0.257720253296029,10.02,0.000291716466425853,0.0257205841612803
"246","2","11","M","12CP",6,124,"0211M_12CP_24HR","24HR","R5","83","","83","1:1","5:1",20221221,1625,124,299.8292078,0.445693626,3.31527605,0.00620163,-18.22081614,1.370398743,0.129283931,23272.49239,0,"",305.875371852824,3.27304594085067,310.276312443543,-132.427459713338,3670.50446223388,39.2765512902081,424.976165308335,1.2062514755,4.58384078912491,3709.78101352409,3284.80484821576,34.6927105010832,0.0052343431798962,1.81593552603458e-07,2.18093856676753e-06,0.00218093856676753,0.206497488213123,10.02,0.000217658539597558,0.0206085317577967
"247","2","11","M","12CP",7,5,"0211M_12CP_48HR","48HR","R5","31","","31","1:1","5:1",20230602,161554,5,298.02,0.43,3.3,0.01,-22.16,0.4,0.45,23871.16,0,NA,303.710591474974,3.25490952241014,308.096778399816,-137.085350026351,3644.52709769969,39.0589142689217,252.991137831703,20.2071428571429,2.26109448044047,3683.58601196861,3430.5948741369,36.7978197884812,0.0052343431798962,1.92612417044886e-07,2.31327512870908e-06,0.00231327512870908,0.215662499697929,10.02,0.000230865781308291,0.0215232035626675
"248","2","11","M","12CP",14,168,"0211M_12CP_96HR","96HR","R5","2",NA,"2","1:1","5:1",20230623,223329,47,271.0735713,0.300544518,3.029850767,0.007689965,-10.49615811,1.162591899,0.289945226,24074.89525,0,"",271.468247559098,2.93417611743451,275.583770318806,-123.293433202252,3257.61897070917,35.2101134092141,6.26500140855833,27.9244593812222,-0.56970687437247,3292.82908411838,3286.56408270983,35.7798202835866,0.0052343431798962,1.87283858279303e-07,2.24927913793443e-06,0.00224927913793443,0.206608081542404,10.02,0.000224478955881679,0.020619569016208
"249","2","11","M","13CG",8,78,"0211M_13CG_48HR","48HR","R5","207","x","207","1:1","5:1",20230605,175946,7,800.78,0.98,34.15,0.07,2766.06,3.37,0.44,23760.08,0,NA,905.280506643213,39.8814267759247,945.548932921863,3159.84705783303,10863.3660797186,478.577121311096,83.7209787008222,21.8485714285714,0.266522390135628,11341.9432010296,11258.2222223288,478.31059892096,0.0052343431798962,2.50364182133399e-06,3.00687382742213e-05,0.0300687382742213,0.707742078473504,10.04,0.00299489425042045,0.0704922388917833
"250","2","11","M","13CG",13,106,"0211M_13CG_96HR","96HR","R5","401",NA,"401","1:1","5:1",20230622,190620,6,403.8976806,0.193599737,10.88474396,0.012420968,1386.666328,2.847411477,0.287619323,24454.80001,0,"",430.396937518318,12.2598610787936,443.639341307309,1528.78218475524,5164.76325021982,147.118332945523,50.4935566101421,79.34086271525,0.320981432927764,5311.88158316534,5261.3880265552,146.797351512596,0.0052343431798962,7.68387715716779e-07,9.22833646575852e-06,0.00922833646575852,0.330754325508377,10.04,0.000919157018501844,0.032943657919161
"251","2","11","M","13CG",10,112,"0211M_13CG_72HR","72HR","R5","243",NA,"243","1:1","5:1",20230609,205346,123,627,0.4,22.8,0,2228.2,2.9,0.2,23579.3,0,NA,697.346661751144,26.4061927134485,724.392062985643,2523.85417890266,8368.15994101372,316.874312561382,24.4289815769401,27.7454545454545,-0.314456864368751,8685.03425357511,8660.60527199817,317.188769425751,0.0052343431798962,1.66027487198335e-06,1.993990121252e-05,0.01993990121252,0.544444287472472,10.04,0.00198604593750199,0.054227518672557
"252","2","11","M","13CG",6,31,"0211M_13CG_24HR","24HR","R5","77","x","77","1:1","5:1",20221220,10024,31,686.9962967,0.616053641,25.22884094,0.039934711,2259.296666,3.594080952,0.154145146,23416.60833,0,"",769.134328065543,29.2898226841115,798.965325265123,2560.62445022694,9229.61193678652,351.477872209338,424.976165308335,1.2062514755,4.58384078912491,9581.08980899586,9156.11364368752,346.894031420213,0.0052343431798962,1.81576240751109e-06,2.18073065142082e-05,0.0218073065142082,0.575594154472335,10.04,0.00217204248149484,0.0573300950669657
"253","2","11","M","13CP",10,78,"0211M_13CP_72HR","72HR","R5","19",NA,"19","1:1","5:1",20230609,122315,89,394.3,0.2,4.9,0,98.5,0.3,0.2,23538.4,0,NA,418.912977170729,5.15450198936713,425.024528787961,5.5891391934068,5026.95572604875,61.8540238724056,24.4289815769401,27.7454545454545,-0.314456864368751,5088.80974992116,5064.38076834422,62.1684807367743,0.0052343431798962,3.25411163149043e-07,3.90818806942e-06,0.00390818806942,0.318369570291512,10.07,0.000388102092295929,0.0316156474966745
"254","2","11","M","13CP",6,14,"0211M_13CP_24HR","24HR","R5","62","x","62","1:1","5:1",20221219,204513,14,450.7200428,0.330116003,5.693641781,0.00617784,121.0554762,1.061254557,0.15900887,23464.94955,0,"",486.421530677342,6.09674945727334,493.37217314302,32.2598755264369,5837.0583681281,73.1609934872801,424.976165308335,1.2062514755,4.58384078912491,5910.21936161538,5485.24319630704,68.5771526981552,0.0052343431798962,3.58956351522289e-07,4.31106578178269e-06,0.00431106578178268,0.344826860229088,10.07,0.000428109809511687,0.0342429851270197
"255","2","11","M","13CP",8,88,"0211M_13CP_48HR","48HR","R5","8","","8","1:1","5:1",20230605,202953,57,418.66,0.23,5.21,0.01,101.62,0.28,0.28,23777.29,0,NA,448.060568732306,5.52254802984005,454.495387002872,9.27838506084957,5376.72682478767,66.2705763580806,83.7209787008222,21.8485714285714,0.266522390135628,5442.99740114575,5359.27642244493,66.004053967945,0.0052343431798962,3.45487869732613e-07,4.14930931548868e-06,0.00414930931548868,0.336908026811947,10.07,0.000412046605311687,0.0334566064361417
"256","2","11","M","13CP",12,62,"0211M_13CP_96HR","96HR","R5","261",NA,"261","1:1","5:1",20230622,32407,112,363.1143195,0.184491838,4.413627927,0.003843453,75.99499054,0.304596526,0.302454278,24095.58987,0,"",381.598220283052,4.57705903561147,387.188996937369,-21.0219227127039,4579.17864339662,54.9247084273377,67.0347578488204,20.9810097159091,0.0668402807052713,4634.10335182396,4567.06859397514,54.8578681466324,0.0052343431798962,2.8714490799697e-07,3.44861034504361e-06,0.00344861034504361,0.287106308207372,10.07,0.000342463787988442,0.028511053446611
"257","2","11","O","12CG",12,50,"0211O_12CG_96HR","96HR","R5","240",NA,"240","1:1","5:1",20230622,2400,100,225.7083342,0.257208741,2.500505019,0.004806902,-19.22476479,0.311729605,0.296595062,24139.19699,0,"",217.187155519488,2.30571287036169,220.757959862952,-133.614579395433,2606.24586623386,27.6685544443402,67.0347578488204,20.9810097159091,0.0668402807052713,2633.9144206782,2566.87966282938,27.601714163635,0.0052343431798962,1.44476844285867e-07,1.73516689987326e-06,0.00173516689987326,0.16136550797151,0.63,0.002754233174402,0.256135726938904
"258","2","11","O","12CG",6,66,"0211O_12CG_24HR","24HR","R5","38","","38","1:1","5:1",20221220,94548,66,468.7448308,0.34516302,5.233693091,0.006146986,-8.427830973,1.272657381,0.118213616,23263.52589,0,"",507.988819618557,5.55067754057913,514.355184447143,-120.847738541131,6095.86583542269,66.6081304869495,424.976165308335,1.2062514755,4.58384078912491,6162.47396590964,5737.4978006013,62.0242896978246,0.0052343431798962,3.24656417767714e-07,3.89912357739025e-06,0.00389912357739025,0.360684710111785,0.63,0.00618908504347658,0.572515412875849
"259","2","11","O","12CG",8,90,"0211O_12CG_48HR","48HR","R5","69","","69","1:1","5:1",20230605,205954,59,281.01,0.23,3.11,0,-19.59,0.54,0.28,23821.21,0,NA,283.35753185008,3.029332916959,287.549605262545,-134.046451988105,3400.29038220096,36.3519950035079,83.7209787008222,21.8485714285714,0.266522390135628,3436.64237720446,3352.92139850364,36.0854726133723,0.0052343431798962,1.88883747467136e-07,2.26849380708031e-06,0.00226849380708031,0.210779598472377,0.63,0.00360078382076239,0.334570791225994
"260","2","11","O","12CG",10,47,"0211O_12CG_72HR","72HR","R5","808",NA,"808","1:1","5:1",20230609,43745,58,257.4,0.4,2.9,0,-18.2,0.5,0.2,23596.1,0,NA,255.107341506532,2.78001140567089,259.094159673603,-132.402845656135,3061.28809807838,33.3601368680507,24.4289815769401,27.7454545454545,-0.314456864368751,3094.64823494643,3070.21925336949,33.6745937324194,0.0052343431798962,1.76264380039065e-07,2.11693520426917e-06,0.00211693520426917,0.193007680328024,0.63,0.00336021460995106,0.306361397346069
"261","2","11","O","12CP",8,117,"0211O_12CP_48HR","48HR","R5","212","","212","1:1","5:1",20230606,34511,87,296.31,0.31,3.28,0.01,-21.89,0.42,0.37,23780.87,0,NA,301.664516697868,3.23116461657318,306.030115055195,-136.766088364746,3619.97420037442,38.7739753988781,83.7209787008222,21.8485714285714,0.266522390135628,3658.74817577329,3575.02719707247,38.5074530087425,0.0052343431798962,2.01561224031484e-07,2.42075030061813e-06,0.00242075030061813,0.224742159915546,0.75,0.00322766706749084,0.299656213220728
"262","2","11","O","12CP",6,96,"0211O_12CP_24HR","24HR","R5","22","x","22","1:1","5:1",20221220,171607,96,388.7435445,0.291989064,4.28385158,0.005134294,-21.6395962,1.184148144,0.134708348,23287.12053,0,"",412.264483925899,4.42298267864247,417.650717075633,-136.469998241559,4947.17380711078,53.0757921437097,424.976165308335,1.2062514755,4.58384078912491,5000.24959925449,4575.27343394616,48.4919513545848,0.0052343431798962,2.53823514852729e-07,3.04842041338127e-06,0.00304842041338127,0.287622101054587,0.75,0.00406456055117503,0.38349613473945
"263","2","11","O","12CP",12,19,"0211O_12CP_96HR","96HR","R5","19",NA,"19","1:1","5:1",20230621,163840,69,250.9774882,0.27946946,2.783601425,0.00637758,-18.36959028,0.862755347,0.305072005,24282.37732,0,"",247.422581623699,2.64181774552431,251.282757138474,-132.603377784228,2969.07097948439,31.7018129462917,67.0347578488204,20.9810097159091,0.0668402807052713,3000.77279243068,2933.73803458186,31.6349726655864,0.0052343431798962,1.65588303418315e-07,1.98871552405396e-06,0.00198871552405396,0.184427861991717,0.75,0.00265162069873862,0.245903815988956
"264","2","11","O","12CP",11,201,"0211O_12CP_72HR","72HR","R5","7",NA,"7","1:1","5:1",20230617,81209,72,287.8,7.3,3.3,0.1,10.7,1,0.5,27594.5,0,NA,291.482004210634,3.25490952241014,295.887934826391,-98.2300233583481,3497.78405052761,39.0589142689217,735.983183544067,16.8769230769231,7.49645481794392,3536.84296479653,2800.85978125247,31.5624594509777,0.0052343431798962,1.65208744367976e-07,1.98415701985939e-06,0.00198415701985939,0.176074542139071,0.75,0.00264554269314585,0.234766056185428
"265","2","11","O","13CG",14,195,"0211O_13CG_96HR","96HR","R5","850",NA,"850","1:1","5:1",20230624,51847,74,265.6964317,0.38302255,3.340318047,0.005334283,112.8875422,0.685449848,0.308133332,24052.05501,0,"",265.034312057029,3.3027769338874,269.531107912477,22.6016970793069,3180.41174468435,39.6333232066488,6.26500140855833,27.9244593812222,-0.56970687437247,3220.045067891,3213.78006648244,40.2030300810213,0.0052343431798962,2.10436456315755e-07,2.52734184035222e-06,0.00252734184035222,0.202032553549871,0.68,0.00371667917698856,0.29710669639687
"266","2","11","O","13CG",7,3,"0211O_13CG_48HR","48HR","R5","53","","53","1:1","5:1",20230602,154553,3,316.42,0.5,4.19,0.01,167.77,0.75,0.53,23848.69,0,NA,325.726834690615,4.31155783215497,331.140671993883,87.4974921542276,3908.72201628738,51.7386939858596,252.991137831703,20.2071428571429,2.26109448044047,3960.46071027324,3707.46957244153,49.4775995054191,0.0052343431798962,2.58982735528826e-07,3.1103826537012e-06,0.0031103826537012,0.233068078534896,0.68,0.00457409213779588,0.342747174316023
"267","2","11","O","13CG",10,11,"0211O_13CG_72HR","72HR","R5","206",NA,"206","1:1","5:1",20230608,193714,22,305.3,0.2,3.9,0,120.1,0.4,0.2,23606.8,0,NA,312.42136596464,3.96725669751901,317.510250744101,31.1300721218567,3749.05639157569,47.6070803702281,24.4289815769401,27.7454545454545,-0.314456864368751,3796.66347194591,3772.23449036897,47.9215372345969,0.0052343431798962,2.50837771594054e-07,3.01256163684459e-06,0.00301256163684459,0.237139490230361,0.68,0.00443023770124204,0.348734544456413
"268","2","11","O","13CG",6,82,"0211O_13CG_24HR","24HR","R5","17","x","17","1:1","5:1",20221220,134558,82,315.6893366,0.362542943,5.863084803,0.007685718,648.9368789,1.763758478,0.133330835,23228.11983,0,"",324.852570390443,6.29791988737936,332.266491513401,656.453556106844,3898.23084468531,75.5750386485523,424.976165308335,1.2062514755,4.58384078912491,3973.80588333386,3548.82971802553,70.9911978594274,0.0052343431798962,3.71592292348155e-07,4.46282343110134e-06,0.00446282343110134,0.22309526950023,0.68,0.00656297563397256,0.328081278676809
"269","2","11","O","13CP",11,153,"0211O_13CP_72HR","72HR","R5","252",NA,"252","1:1","5:1",20230616,200654,24,258.3,8.4,3,0.1,20.9,1.7,0.5,27615.6,0,NA,256.184222968167,2.8987359348557,260.28876276298,-86.1690272532468,3074.210675618,34.7848312182684,735.983183544067,16.8769230769231,7.49645481794392,3108.99550683627,2373.0123232922,27.2883764003245,0.0052343431798962,1.42836726901479e-07,1.71546909008676e-06,0.00171546909008676,0.149178142051512,0.67,0.00256040162699517,0.222653943360466
"270","2","11","O","13CP",14,247,"0211O_13CP_96HR","96HR","R5","1",NA,"1","1:1","5:1",20230624,181922,126,233.1502065,0.34756013,2.605491652,0.007228455,-11.07942061,0.898027458,0.313334284,23987.86373,0,"",226.091615874735,2.43035775609792,229.7734608594,-123.983112294483,2713.09939049682,29.1642930731751,6.26500140855833,27.9244593812222,-0.56970687437247,2742.26368356999,2735.99868216143,29.7339999475475,0.0052343431798962,1.55637959836479e-07,1.86921189763612e-06,0.00186921189763612,0.171997084066542,0.67,0.0027898685039345,0.256712065770958
"271","2","11","O","13CP",7,23,"0211O_13CP_48HR","48HR","R5","75","","75","1:1","5:1",20230602,204605,23,232.81,0.55,2.61,0.01,-9.04,0.51,0.49,23831.24,0,NA,225.68454690476,2.43571027103493,229.372434809923,-121.571598173515,2708.21456285712,29.2285232524192,252.991137831703,20.2071428571429,2.26109448044047,2737.44308610954,2484.45194827783,26.9674287719787,0.0052343431798962,1.41156776871943e-07,1.69529289023204e-06,0.00169529289023204,0.156183734076087,0.67,0.00253028789586872,0.233110050859832
"272","2","11","O","13CP",6,133,"0211O_13CP_24HR","24HR","R5","92","x","92","1:1","5:1",20221221,23131,133,103.2507284,0.732395203,1.30816388,0.017064888,125.1959005,7.167861622,0.11454434,23336.04976,0,"",70.6623493837341,0.890111466807109,73.0453512484161,37.1557227181787,847.948192604809,10.6813376016853,424.976165308335,1.2062514755,4.58384078912491,858.629530206495,433.65336489816,6.09749681256041,0.0052343431798962,3.19163908552644e-08,3.83315854171725e-07,0.000383315854171725,0.0272613853012546,0.67,0.000572113215181679,0.0406886347779919
"273","2","18","M","12CG",9,202,"0218M_12CG_48HR","48HR","R5","89","","89","1:1","5:1",20230607,110701,82,1166.41,1.45,13.02,0.02,-12.64,0.16,0.33,23701.97,0,NA,1342.76958310706,14.7949337591739,1357.08969721197,-125.828420328257,16113.2349972847,177.539205110086,15.0157647633764,77.7772727272727,-0.0683732947856857,16290.7742023948,16275.7584376314,177.607578404872,0.0052343431798962,9.29659016721422e-07,1.11652047908243e-05,0.0111652047908243,1.0231667911596,10.03,0.00111318093627361,0.102010647174437
"274","2","18","M","12CG",11,171,"0218M_12CG_72HR","72HR","R5","72",NA,"72","1:1","5:1",20230617,3836,42,630.9,11.4,7.1,0.1,-13.2,0.4,0.5,27614.7,0,NA,702.013148084894,7.766441631433,710.295746531003,-126.490592663439,8424.15777701873,93.197299577196,735.983183544067,16.8769230769231,7.49645481794392,8517.35507659592,7781.37189305185,85.700844759252,0.0052343431798962,4.48587632276934e-07,5.38753746364597e-06,0.00538753746364597,0.489171754492569,10.03,0.000537142319406378,0.0487708628606749
"275","2","18","M","12CG",6,25,"0218M_12CG_24HR","24HR","R5","49","x","49","1:1","5:1",20221219,233020,25,885.0414538,0.859871733,9.831976301,0.009202545,-13.54105617,0.806432384,0.124973581,23416.55039,0,"",1006.10228167388,11.0099676322359,1017.15753970833,-126.893874735791,12073.2273800866,132.119611586831,424.976165308335,1.2062514755,4.58384078912491,12205.3469916734,11780.3708263651,127.535770797706,0.0052343431798962,6.67565992067776e-07,8.01746756473399e-06,0.00801746756473399,0.740566669336501,10.03,0.000799348710342372,0.0738351614493022
"276","2","18","M","12CG",14,202,"0218M_12CG_96HR","96HR","R5","230",NA,"230","1:1","5:1",20230624,70352,81,425.9021022,0.198171106,4.735792493,0.004385952,-15.88439097,0.256635906,0.312018628,24046.60284,0,"",456.725997179465,4.95954739979526,462.580334911703,-129.664752372629,5480.71196615358,59.5145687975432,6.26500140855833,27.9244593812222,-0.56970687437247,5540.22653495113,5533.96153354257,60.0842756719156,0.0052343431798962,3.14501718582295e-07,3.77716564017336e-06,0.00377716564017336,0.347889512268986,10.03,0.000376586803606516,0.0346848965372868
"277","2","18","M","12CP",11,225,"0218M_12CP_72HR","72HR","R5","251",NA,"251","1:1","5:1",20230617,141500,96,455.8,2.5,5.1,0,-9.9,1.5,0.5,27591.7,0,NA,492.499877049094,5.39195104773675,498.731539402474,-122.588505688259,5909.99852458913,64.7034125728411,735.983183544067,16.8769230769231,7.49645481794392,5974.70193716197,5238.7187536179,57.2069577548971,0.0052343431798962,2.99440849166956e-07,3.59628459849514e-06,0.00359628459849514,0.329329233870524,9.95,0.000361435638039712,0.0330984154643743
"278","2","18","M","12CP",9,144,"0218M_12CP_48HR","48HR","R5","224","","224","1:1","5:1",20230606,203611,24,468.7,0.22,5.18,0,-22.99,0.39,0.33,23744.9,0,NA,507.93517799919,5.4869306710846,514.237487502577,-138.066784023139,6095.22213599028,65.8431680530153,15.0157647633764,77.7772727272727,-0.0683732947856857,6161.0653040433,6146.04953927992,65.9115413478009,0.0052343431798962,3.45003626930308e-07,4.143493559433e-06,0.004143493559433,0.386368095195701,9.95,0.000416431513510854,0.0388309643412764
"279","2","18","M","12CP",6,52,"0218M_12CP_24HR","24HR","R5","36","","36","1:1","5:1",20221220,61538,52,589.9967029,0.534845987,6.505202795,0.00531819,-21.28392486,0.763453531,0.145706878,23374.61716,0,"",653.07092323298,7.06027145019233,660.721994871024,-136.049434452693,7836.85107879576,84.7232574023079,424.976165308335,1.2062514755,4.58384078912491,7921.57433619806,7496.59817088973,80.139416613183,0.0052343431798962,4.19477208790074e-07,5.03792127756879e-06,0.00503792127756879,0.47126960777371,9.95,0.000506323746489326,0.0473637796757497
"280","2","18","M","12CP",14,207,"0218M_12CP_96HR","96HR","R5","246",NA,"246","1:1","5:1",20230624,81855,86,358.8063979,0.19094512,3.968248032,0.004878335,-21.19395372,0.599991741,0.31325547,24026.89761,0,"",376.443641495035,4.04828385218891,381.510688286705,-135.943048024348,4517.32369794042,48.5794062262669,6.26500140855833,27.9244593812222,-0.56970687437247,4565.90310416668,4559.63810275812,49.1491131006394,0.0052343431798962,2.57263324956279e-07,3.08973253272491e-06,0.00308973253272491,0.286639194377661,9.95,0.00031052588268592,0.0288079592339358
"281","2","18","M","13CG",11,233,"0218M_13CG_72HR","72HR","R5","241",NA,"241","1:1","5:1",20230617,161557,104,491.9,5.6,13,0.6,1343.6,71.9,0.5,27642.2,0,NA,535.694789010216,14.7711888533369,551.294075335028,1477.85837943475,6428.33746812259,177.254266240043,735.983183544067,16.8769230769231,7.49645481794392,6605.59173436263,5869.60855081856,169.757811422099,0.0052343431798962,8.88570642451369e-07,1.06717334158409e-05,0.0106717334158409,0.368989781294517,10,0.00106717334158409,0.0368989781294517
"282","2","18","M","13CG",13,152,"0218M_13CG_96HR","96HR","R5","1",NA,"1","1:1","5:1",20230623,63700,52,379.958951,0.174946154,8.79620574,0.008860968,1048.551396,2.034180119,0.334378872,24142.11757,0,"",401.753410716848,9.78025391025376,412.547086761514,1128.97798103675,4821.04092860217,117.363046923045,50.4935566101421,79.34086271525,0.320981432927764,4938.40397552522,4887.91041891508,117.042065490117,0.0052343431798962,6.12638337259159e-07,7.3577864304825e-06,0.0073577864304825,0.307275856787952,10,0.00073577864304825,0.0307275856787952
"283","2","18","M","13CG",9,183,"0218M_13CG_48HR","48HR","R5","269","","269","1:1","5:1",20230607,62143,63,974.48,1.11,40.34,0.07,2655.05,2.61,0.45,23662.09,0,NA,1113.11862873869,47.2304751324645,1160.44608266975,3028.58321688918,13357.4235448643,566.765701589575,15.0157647633764,77.7772727272727,-0.0683732947856857,13924.1892464539,13909.1734816905,566.83407488436,0.0052343431798962,2.96700407400372e-06,3.56337189287847e-05,0.0356337189287847,0.874392702096075,10,0.00356337189287847,0.0874392702096075
"284","2","18","M","13CG",6,70,"0218M_13CG_24HR","24HR","R5","6","x","6","1:1","5:1",20221220,104550,70,954.2317356,0.968027914,39.73940233,0.064304882,2697.617635,3.922247869,0.131224999,23267.67404,0,"",1088.89087255799,46.5174183764621,1135.53996763095,3078.91734237334,13066.6904706958,558.209020517545,424.976165308335,1.2062514755,4.58384078912491,13624.8994912134,13199.923325905,553.62517972842,0.0052343431798962,2.89786418373026e-06,3.48033488466004e-05,0.0348033488466004,0.829806072919606,10,0.00348033488466004,0.0829806072919606
"285","2","18","M","13CP",6,42,"0218M_13CP_24HR","24HR","R5","74","x","74","1:1","5:1",20221220,34532,42,423.4997259,0.308226781,5.407345954,0.005822395,133.401719,1.188642696,0.144582931,23342.98097,0,"",453.851469955754,5.75684608459182,460.512688601071,46.858697715009,5446.21763946904,69.0821530151019,424.976165308335,1.2062514755,4.58384078912491,5515.29979248415,5090.32362717581,64.498312225977,0.0052343431798962,3.37606300714858e-07,4.05465167158545e-06,0.00405465167158545,0.32000045414408,10.02,0.000404655855447649,0.0319361730682714
"286","2","18","M","13CP",12,44,"0218M_13CP_96HR","96HR","R5","32",NA,"32","1:1","5:1",20230621,225356,94,478.0973215,0.347077902,5.836460812,0.004805792,80.69874313,0.252635734,0.300285214,24112.61837,0,"",519.179401679602,6.2663106794144,526.247766912408,-15.4599676472774,6230.15282015522,75.1957281529728,67.0347578488204,20.9810097159091,0.0668402807052713,6305.34854830819,6238.31379045937,75.1288878722675,0.0052343431798962,3.9325038184739e-07,4.72293708598715e-06,0.00472293708598715,0.392168237670152,10.02,0.000471351006585544,0.0391385466736679
"287","2","18","M","13CP",9,151,"0218M_13CP_48HR","48HR","R5","240","","240","1:1","5:1",20230606,222117,31,767.35,0.46,9.53,0.01,99.18,0.17,0.33,23792.09,0,NA,865.280343018274,10.6514476906239,876.202223583573,6.39320560041356,10383.3641162193,127.817372287487,15.0157647633764,77.7772727272727,-0.0683732947856857,10511.1814885068,10496.1657237434,127.885745582273,0.0052343431798962,6.6939788019451e-07,8.03946854113607e-06,0.00803946854113607,0.659835806988349,10.02,0.000802342169774058,0.065851876944945
"288","2","18","M","13CP",10,59,"0218M_13CP_72HR","72HR","R5","290",NA,"290","1:1","5:1",20230609,73757,70,539.8,0.4,6.6,0,88.1,0.2,0.2,23566.8,0,NA,593.008813468324,7.17281898550894,600.870103544141,-6.70834703140245,7116.10576161989,86.0738278261072,24.4289815769401,27.7454545454545,-0.314456864368751,7202.179589446,7177.75060786906,86.388284690476,0.0052343431798962,4.52185928792524e-07,5.43075300479821e-06,0.00543075300479821,0.451225427394955,10.02,0.000541991317844133,0.0450324777839276
"289","2","18","O","12CG",9,213,"0218O_12CG_48HR","48HR","R5","7","","7","1:1","5:1",20230607,135211,93,931.22,1.01,10.26,0.01,-24.31,0.26,0.29,23705.72,0,NA,1061.35652648279,11.5181367536731,1072.8338920949,-139.627618813211,12736.2783177935,138.217641044077,15.0157647633764,77.7772727272727,-0.0683732947856857,12874.4959588375,12859.4801940742,138.286014338862,0.0052343431798962,7.23836456029652e-07,8.69327583691612e-06,0.00869327583691612,0.808404298734856,1.18,0.00736718291264078,0.685088388758353
"290","2","18","O","12CG",11,175,"0218O_12CG_72HR","72HR","R5","246",NA,"246","1:1","5:1",20230617,13904,46,857,23.5,9.5,0.2,-23.3,0.5,0.5,27601.1,0,NA,972.549701946654,10.6158303318685,983.26255245347,-138.433343708686,11670.5964233599,127.389963982422,735.983183544067,16.8769230769231,7.49645481794392,11797.9863873423,11062.0032037982,119.893509164478,0.0052343431798962,6.27563772008907e-07,7.53704090182698e-06,0.00753704090182698,0.69540687551975,1.18,0.00638732279815846,0.589327860609958
"291","2","18","O","12CG",12,15,"0218O_12CG_96HR","96HR","R5","C3",NA,"C3","1:1","5:1",20230621,153838,65,618.7491145,0.545121623,6.833386248,0.004930588,-22.98964363,0.376635536,0.337164318,24245.28166,0,"",687.474188821122,7.44990570962903,695.461763562237,-138.066362633219,8249.69026585346,89.3988685155484,67.0347578488204,20.9810097159091,0.0668402807052713,8339.08913436901,8272.05437652019,89.3320282348432,0.0052343431798962,4.67594492737346e-07,5.61580985777552e-06,0.00561580985777552,0.520018244627722,1.18,0.00475916089641993,0.440693427650612
"292","2","18","O","12CG",6,57,"0218O_12CG_24HR","24HR","R5","25","","25","1:1","5:1",20221220,73041,57,1350.583394,1.567126559,14.85971065,0.014210648,-22.83393782,0.810284523,0.114756396,23245.08604,0,"",1563.13948724587,16.9791215667492,1579.30152669132,-137.882248204988,18757.6738469504,203.749458800991,424.976165308335,1.2062514755,4.58384078912491,18961.4233057514,18536.447140443,199.165618011866,0.0052343431798962,1.04250119431022e-06,1.25204393436657e-05,0.0125204393436657,1.1652837692857,1.18,0.0106105418166659,0.987528618038732
"293","2","18","O","12CP",14,184,"0218O_12CP_96HR","96HR","R5","233",NA,"233","1:1","5:1",20230624,23340,63,825.2808453,0.911205585,9.091238163,0.009309325,-24.85576847,0.219725521,0.303994284,24087.26207,0,"",934.596624529821,10.130529765403,944.882444103149,-140.272963067226,11215.1594943579,121.566357184837,6.26500140855833,27.9244593812222,-0.56970687437247,11336.7258515427,11330.4608501341,122.136064059209,0.0052343431798962,6.39302073927686e-07,7.67801790787151e-06,0.00767801790787151,0.712283320916525,1.25,0.00614241432629721,0.56982665673322
"294","2","18","O","12CP",11,158,"0218O_12CP_72HR","72HR","R5","209",NA,"209","1:1","5:1",20230616,212203,29,885,26.1,10,0.3,-5.2,0.7,0.5,27612.8,0,NA,1006.05268075306,11.2094529777925,1017.30874050069,-117.030987875124,12072.6321690368,134.513435733511,735.983183544067,16.8769230769231,7.49645481794392,12207.1456047703,11471.1624212262,127.016980915567,0.0052343431798962,6.64850467786402e-07,7.98485411811468e-06,0.00798485411811468,0.721128449428174,1.25,0.00638788329449175,0.576902759542539
"295","2","18","O","12CP",8,120,"0218O_12CP_48HR","48HR","R5","217","","217","1:1","5:1",20230606,43013,90,972.71,1.15,10.72,0.01,-25.37,0.26,0.37,23763.19,0,NA,1111.00076186414,12.0642695879232,1122.94749169423,-140.881016447662,13332.0091423697,144.771235055078,83.7209787008222,21.8485714285714,0.266522390135628,13476.7803774248,13393.059398724,144.504712664943,0.0052343431798962,7.56387257200603e-07,9.08421095897924e-06,0.00908421095897924,0.841947468151083,1.25,0.00726736876718339,0.673557974520867
"296","2","18","O","12CP",6,89,"0218O_12CP_24HR","24HR","R5","31","x","31","1:1","5:1",20221220,153103,89,833.5309855,0.788073783,9.172176834,0.008188808,-23.00543925,0.737097783,0.132973235,23280.96279,0,"",944.468205682339,10.2266238214762,954.834776660282,-138.085040173542,11333.6184681881,122.719485857715,424.976165308335,1.2062514755,4.58384078912491,11456.3379540458,11031.3617887374,118.13564506859,0.0052343431798962,6.18362508067412e-07,7.42653372188962e-06,0.00742653372188962,0.693480619459583,1.25,0.00594122697751169,0.554784495567666
"297","2","18","O","13CG",7,63,"0218O_13CG_48HR","48HR","R5","9","","9","1:1","5:1",20230603,64632,83,996.14,1.35,11.87,0.02,54.22,0.15,0.33,23766.64,0,NA,1139.03557591536,13.4296016735485,1152.3108356311,-46.7697733099156,13668.4269109844,161.155220082582,252.991137831703,20.2071428571429,2.26109448044047,13829.582131067,13576.5909932353,158.894125602142,0.0052343431798962,8.31706382671141e-07,9.98879365588041e-06,0.00998879365588041,0.85348508302489,1.18,0.00846507936939018,0.723292443241432
"298","2","18","O","13CG",6,78,"0218O_13CG_24HR","24HR","R5","13","","13","1:1","5:1",20221220,124556,78,1372.645005,1.734960965,20.87669622,0.026282108,350.457746,1.042615979,0.128271257,23257.58402,0,"",1589.5369760233,24.1227593558498,1612.8443048992,303.516726757732,19074.4437122796,289.473112270198,424.976165308335,1.2062514755,4.58384078912491,19363.9168245498,18938.9406592415,284.889271481073,0.0052343431798962,1.49120821520255e-06,1.79094106645826e-05,0.0179094106645826,1.19058630763866,1.18,0.0151774666649005,1.0089714471514
"299","2","18","O","13CG",13,102,"0218O_13CG_96HR","96HR","R5","40",NA,"40","1:1","5:1",20230622,180617,2,986.9537379,1.095518365,11.40087355,0.010667989,20.88113347,0.165672676,0.396776959,24529.80134,0,"",1128.04389218514,12.8726335045046,1140.77647864014,-86.1913359929376,13536.5267062216,154.471602054055,50.4935566101421,79.34086271525,0.320981432927764,13690.9983082757,13640.5047516655,154.150620621128,0.0052343431798962,8.06877249724965e-07,9.69059576919683e-06,0.00969059576919683,0.857502987036838,1.18,0.00821236929592952,0.726697446641388
"300","2","18","O","13CG",10,17,"0218O_13CG_72HR","72HR","R5","74",NA,"74","1:1","5:1",20230608,210719,28,1063.1,1.2,12.4,0,32.1,0.2,0.2,23638.7,0,NA,1219.15555666098,14.058841678228,1232.9345981331,-72.925580549606,14629.8666799318,168.706100138736,24.4289815769401,27.7454545454545,-0.314456864368751,14798.5727800705,14774.1437984935,169.020557003105,0.0052343431798962,8.8471159981146e-07,1.06253863137356e-05,0.0106253863137356,0.928768595353709,1.18,0.00900456467265732,0.787092029960771
"301","2","18","O","13CP",7,70,"0218O_13CP_48HR","48HR","R5","35","","35","1:1","5:1",20230603,83137,90,813.87,1.09,9.03,0.01,-18.2,0.36,0.34,23749.39,0,NA,920.943149235209,10.0578250446999,931.177857756667,-132.402845656135,11051.3177908225,120.693900536398,252.991137831703,20.2071428571429,2.26109448044047,11172.0116913589,10919.0205535272,118.432806055958,0.0052343431798962,6.19917950654973e-07,7.44521458736622e-06,0.00744521458736622,0.686418348193673,1.19,0.00625648284652624,0.576822141339221
"302","2","18","O","13CP",6,123,"0218O_13CP_24HR","24HR","R5","74","","74","1:1","5:1",20221221,125,123,1037.820236,1.089400741,11.5973612,0.011097702,-7.912867136,0.715269555,0.136769261,23283.06234,0,"",1188.90743532087,13.1059125418734,1201.77647916987,-120.238819243845,14266.8892238504,157.270950502481,424.976165308335,1.2062514755,4.58384078912491,14424.1601743529,13999.1840090446,152.687109713356,0.0052343431798962,7.99216731386168e-07,9.59859294394787e-06,0.00959859294394787,0.880051165435672,1.19,0.0080660444907125,0.739538794483758
"303","2","18","O","13CP",10,115,"0218O_13CP_72HR","72HR","R5","250",NA,"250","1:1","5:1",20230609,213849,126,864.3,0.9,9.6,0,-18.6,0.2,0.2,23590.2,0,NA,981.284407135468,10.7345548610533,992.102615314854,-132.875825895551,11775.4128856256,128.81465833264,24.4289815769401,27.7454545454545,-0.314456864368751,11904.2275439583,11879.7985623813,129.129115197008,0.0052343431798962,6.75906103457491e-07,8.11763230252447e-06,0.00811763230252447,0.746817140428331,1.19,0.00682153975002056,0.627577428931371
"304","2","18","O","13CP",14,233,"0218O_13CP_96HR","96HR","R5","16",NA,"16","1:1","5:1",20230624,144912,112,759.069961,0.793464968,8.404675429,0.008919107,-19.93634813,0.217361549,0.30801559,24054.28729,0,"",855.372986906372,9.31541139190317,864.96654720495,-134.455991541727,10264.4758428765,111.784936702838,6.26500140855833,27.9244593812222,-0.56970687437247,10376.2607795793,10369.9957781707,112.354643577211,0.0052343431798962,5.8810276233804e-07,7.06311417567986e-06,0.00706311417567986,0.651904201291015,1.19,0.00593539006359652,0.547818656547071
"305","2","2","M","12CG",11,143,"0202M_12CG_72HR","72HR","R5","208",NA,"208","1:1","5:1",20230616,173648,14,709.1,17.4,8,0.2,-9.4,0.9,0.5,27686.7,0,NA,795.582181751367,8.83496239409631,804.788850900663,-121.997280388989,9546.98618101641,106.019548729156,735.983183544067,16.8769230769231,7.49645481794392,9653.00572974556,8917.0225462015,98.5230939112117,0.0052343431798962,5.15703684676424e-07,6.19360125296385e-06,0.00619360125296385,0.560563821357782,9.98,0.000620601327952289,0.0561687195749281
"306","2","2","M","12CG",9,180,"0202M_12CG_48HR","48HR","R5","257","x","257","1:1","5:1",20230607,53640,60,535.43,0.31,6,0,-11.85,0.24,0.48,23709.52,0,NA,587.779955704609,6.46047181040006,594.932926189941,-124.89428435541,7053.35946845531,77.5256617248008,15.0157647633764,77.7772727272727,-0.0683732947856857,7130.88513018011,7115.86936541674,77.5940350195865,0.0052343431798962,4.06153808005399e-07,4.87790723414484e-06,0.00487790723414484,0.447335296405635,9.98,0.000488768259934353,0.0448231759925486
"307","2","2","M","12CG",12,61,"0202M_12CG_96HR","96HR","R5","14",NA,"14","1:1","5:1",20230622,30906,111,717.6932388,0.649238954,8.061019479,0.007525631,-11.23768037,0.244055563,0.614885798,24013.75724,0,"",805.864292372611,8.90740748325008,815.127254577016,-124.17024664242,9670.37150847133,106.888889799001,67.0347578488204,20.9810097159091,0.0668402807052713,9777.26039827033,9710.22564042151,106.822049518296,0.0052343431798962,5.59143266358625e-07,6.71531062896709e-06,0.00671531062896709,0.610428106807884,9.98,0.000672876816529768,0.0611651409627139
"308","2","2","M","12CG",6,50,"0202M_12CG_24HR","24HR","R5","64","x","64","1:1","5:1",20221220,54537,50,401.5646794,0.315669278,4.472487111,0.004583064,-11.92282272,1.056486169,0.178400138,23458.76121,0,"",427.605420026928,4.64693932469749,433.192229024581,-124.980393624262,5131.26504032314,55.7632718963699,424.976165308335,1.2062514755,4.58384078912491,5187.02831221951,4762.05214691117,51.179431107245,0.0052343431798962,2.67890706167175e-07,3.21736738106777e-06,0.00321736738106777,0.299363844281709,9.98,0.000322381501108995,0.029996377182536
"309","2","2","M","12CP",7,40,"0202M_12CP_48HR","48HR","R5","61","","61","1:1","5:1",20230603,10116,60,282.34,0.34,3.13,0,-20.84,0.37,0.41,23795.76,0,NA,284.948923343384,3.05307782279596,289.162319433203,-135.524515236279,3419.38708012061,36.6369338735515,252.991137831703,20.2071428571429,2.26109448044047,3456.02401399416,3203.03287616246,34.375839393111,0.0052343431798962,1.79934940480538e-07,2.16101863517126e-06,0.00216101863517126,0.201356937216794,9.98,0.000216534933383894,0.0201760458133061
"310","2","2","M","12CP",14,170,"0202M_12CP_96HR","96HR","R5","44",NA,"44","1:1","5:1",20230623,230331,49,190.7927227,0.396347913,2.129541975,0.007492357,-12.75745221,0.918097391,0.340113292,24037.99721,0,"",175.409405801726,1.86528874292304,178.604508899185,-125.967301764271,2104.91286962071,22.3834649150765,6.26500140855833,27.9244593812222,-0.56970687437247,2127.29633453579,2121.03133312723,22.9531717894489,0.0052343431798962,1.20144778213088e-07,1.44293878633918e-06,0.00144293878633918,0.133337492773737,9.98,0.000144583044723365,0.0133604702178093
"311","2","2","M","12CP",11,149,"0202M_12CP_72HR","72HR","R5","28",NA,"28","1:1","5:1",20230616,190651,20,268.3,8,3.2,0.1,67.6,4.9,0.5,27642.3,0,NA,268.149572541884,3.13618499322533,272.473714274617,-30.9485843014591,3217.79487050261,37.6342199187039,735.983183544067,16.8769230769231,7.49645481794392,3255.42909042132,2519.44590687725,30.13776510076,0.0052343431798962,1.57751405212477e-07,1.89459437660185e-06,0.00189459437660185,0.158383610442362,9.98,0.000189839115891968,0.0158701012467296
"312","2","2","M","12CP",6,16,"0202M_12CP_24HR","24HR","R5","85","","85","1:1","5:1",20221219,211514,16,407.5358002,0.306833049,4.514582756,0.00580405,-16.68252277,1.197454802,0.146023461,23382.5837,0,"",434.750074798818,4.69691718103105,440.375635966866,-130.608503797252,5217.00089758581,56.3630061723726,424.976165308335,1.2062514755,4.58384078912491,5273.36390375819,4848.38773844985,51.7791653832477,0.0052343431798962,2.7102992118452e-07,3.25506935342609e-06,0.00325506935342609,0.30479128475989,9.98,0.000326159253850309,0.0305402088937766
"313","2","2","M","13CG",12,17,"0202M_13CG_96HR","96HR","R5","129",NA,"129","1:1","5:1",20230621,160839,67,492.0969449,0.276936701,20.01598657,0.030707794,2600.799002,4.457471129,0.310746688,24257.45493,0,"",535.930440467742,23.1008858762391,559.910665552549,2964.43409183272,6431.1652856129,277.210630514869,67.0347578488204,20.9810097159091,0.0668402807052713,6708.37591612777,6641.34115827895,277.143790234163,0.0052343431798962,1.45066570826278e-06,1.74224951562359e-05,0.0174224951562359,0.417504336154388,9.98,0.00174574099761883,0.0418341018190769
"314","2","2","M","13CG",7,68,"0202M_13CG_48HR","48HR","R5","13","","13","1:1","5:1",20230603,80135,88,630.92,0.6,26.65,0.06,2736.77,4.89,0.36,23755.85,0,NA,702.037078784041,30.9770870870638,733.674128990096,3125.21307980182,8424.44494540849,371.725045044765,252.991137831703,20.2071428571429,2.26109448044047,8796.16999045326,8543.17885262156,369.463950564325,0.0052343431798962,1.93390110985388e-06,2.32261523293451e-05,0.0232261523293451,0.537062338841855,9.98,0.00232726977247947,0.0538138616074003
"315","2","2","M","13CG",10,24,"0202M_13CG_72HR","72HR","R5","15",NA,"15","1:1","5:1",20230608,225225,35,658.2,0.6,28.9,0,2883.6,3.5,0.3,23612.9,0,NA,734.678552421144,33.648388993722,768.950758219376,3298.83230118535,8816.14262905372,403.780667924664,24.4289815769401,27.7454545454545,-0.314456864368751,9219.92329697839,9195.49431540145,404.095124789033,0.0052343431798962,2.11517256046878e-06,2.540322245123e-05,0.02540322245123,0.578069799196706,9.98,0.00254541307126553,0.0579228255708122
"316","2","2","M","13CG",6,65,"0202M_13CG_24HR","24HR","R5","15","","15","1:1","5:1",20221220,93047,65,507.2060286,0.414485532,17.54846722,0.027001888,2072.266404,4.341271419,0.12461853,23330.30264,0,"",554.008987288648,20.1713351454074,575.012317379607,2339.47040498007,6648.10784746378,242.056021744889,424.976165308335,1.2062514755,4.58384078912491,6890.16386920867,6465.18770390033,237.472180955764,0.0052343431798962,1.24301089080088e-06,1.49285607985186e-05,0.0149285607985186,0.40643054408756,9.98,0.00149584777540266,0.0407245034155872
"317","2","2","M","13CP",13,145,"0202M_13CP_96HR","96HR","R5","52",NA,"52","1:1","5:1",20230623,45153,45,288.6416501,0.295714352,3.509302141,0.005440115,75.56654019,0.276696441,0.337080587,24145.77977,0,"",292.48906797716,3.50340250388612,297.143405620276,-21.5285440855058,3509.86881572592,42.0408300466334,50.4935566101421,79.34086271525,0.320981432927764,3551.90964577255,3501.41608916241,41.7198486137057,0.0052343431798962,2.18376005057452e-07,2.62269582074e-06,0.00262269582074,0.220114637249696,10.02,0.000261746089894211,0.0219675286676343
"318","2","2","M","13CP",7,71,"0202M_13CP_48HR","48HR","R5","8","","8","1:1","5:1",20230603,84637,91,376.2,0.25,4.72,0,108.97,0.38,0.35,23779.01,0,NA,397.2556944423,4.94079783683447,403.187184314164,17.9693969601138,4767.0683333076,59.2895740420136,252.991137831703,20.2071428571429,2.26109448044047,4826.35790734961,4573.36676951791,57.0284795615732,0.0052343431798962,2.9850663305297e-07,3.58506466296617e-06,0.00358506466296617,0.287502239621872,10.02,0.000357790884527562,0.0286928382856159
"319","2","2","M","13CP",6,17,"0202M_13CP_24HR","24HR","R5","90","","90","1:1","5:1",20221219,213015,17,495.8362215,0.303293427,6.230051745,0.004375002,115.4352909,0.8340232,0.139580332,23439.04744,0,"",540.404615634924,6.73359966153276,547.908896599057,25.6142840545498,6484.85538761909,80.8031959383931,424.976165308335,1.2062514755,4.58384078912491,6565.65858355748,6140.68241824915,76.2193551492682,0.0052343431798962,3.98958261801658e-07,4.79148872423791e-06,0.00479148872423791,0.38603069402181,10.02,0.000478192487448894,0.0385260173674461
"320","2","2","M","13CP",11,174,"0202M_13CP_72HR","72HR","R5","271",NA,"271","1:1","5:1",20230617,12357,45,337.6,5.4,4.1,0.1,73.2,4.8,0.5,27597.3,0,NA,351.069445087749,4.20470575588863,356.334851148828,-24.3268609496388,4212.83334105299,50.4564690706636,735.983183544067,16.8769230769231,7.49645481794392,4263.28981012365,3527.30662657959,42.9600142527197,0.0052343431798962,2.24867457611967e-07,2.70065816591972e-06,0.00270065816591972,0.221742231944717,10.02,0.00026952676306584,0.0221299632679358
"321","2","2","O","12CG",6,88,"0202O_12CG_24HR","24HR","R5","12","","12","1:1","5:1",20221220,151602,88,204.2968583,0.456061683,2.27984562,0.007385263,-9.055449254,1.925454549,0.124170874,23303.63666,0,"",191.567576116215,2.0437360377969,194.916144204962,-121.589866153154,2298.81091339457,24.5248324535628,424.976165308335,1.2062514755,4.58384078912491,2323.33574584814,1898.3595805398,19.9409916644379,0.0052343431798962,1.04377993719117e-07,1.2535797045666e-06,0.0012535797045666,0.119339352935903,0.76,0.00164944697969289,0.157025464389346
"322","2","2","O","12CG",13,127,"0202O_12CG_96HR","96HR","R5","17",NA,"17","1:1","5:1",20230623,2138,27,84.67002196,0.619269106,0.949706172,0.009167775,-7.334674651,1.704976177,0.300456955,24212.70167,0,"",48.4298845956111,0.464534240657441,50.4205672470119,-119.555135193886,581.158615147333,5.57441088788929,50.4935566101421,79.34086271525,0.320981432927764,586.733026035222,536.23946942508,5.25342945496153,0.0052343431798962,2.74982526386437e-08,3.3025401419011e-07,0.00033025401419011,0.0337104055290116,0.76,0.000434544755513303,0.0443557967486995
"323","2","2","O","12CG",9,146,"0202O_12CG_48HR","48HR","R5","226","","226","1:1","5:1",20230606,210613,26,153.21,0.64,1.71,0.01,-10.76,0.76,0.33,23836.09,0,NA,130.440364297966,1.36718950837163,133.206886115137,-123.605413203003,1565.28437157559,16.4062741004595,15.0157647633764,77.7772727272727,-0.0683732947856857,1581.69064567605,1566.67488091267,16.4746473952452,0.0052343431798962,8.62339582344963e-08,1.0356698383963e-06,0.0010356698383963,0.0984881728760192,0.76,0.00136272347157408,0.129589701152657
"324","2","2","O","12CG",11,180,"0202O_12CG_72HR","72HR","R5","47",NA,"47","1:1","5:1",20230617,25439,51,149.5,17.4,1.9,0.2,116.1,16.7,0.5,27599.4,0,NA,126.001219606116,1.59276611382277,129.001883240533,26.4002697276993,1512.0146352734,19.1131933658732,735.983183544067,16.8769230769231,7.49645481794392,1531.12782863927,795.144645095201,11.6167385479293,0.0052343431798962,6.0805996190991e-08,7.30280014253802e-07,0.000730280014253802,0.0499863400005214,0.76,0.000960894755597108,0.0657715000006861
"325","2","2","O","12CP",7,39,"0202O_12CP_48HR","48HR","R5","16","","16","1:1","5:1",20230603,4616,59,105.73,0.88,1.17,0.01,-21.22,1.08,0.36,23842.89,0,NA,73.6288845219532,0.726077050773641,75.8420457632906,-135.973846463724,883.546614263439,8.71292460928369,252.991137831703,20.2071428571429,2.26109448044047,892.259538872722,639.26840104102,6.45183012884322,0.0052343431798962,3.37710930327593e-08,4.05590827323439e-07,0.000405590827323439,0.0401872638432976,0.72,0.000563320593504777,0.0558156442268022
"326","2","2","O","12CP",12,46,"0202O_12CP_96HR","96HR","R5","73",NA,"73","1:1","5:1",20230621,232357,96,89.01563705,0.529280727,0.999274127,0.007129852,-6.369451105,1.452210706,0.300122223,24130.34377,0,"",53.6295649620784,0.52338356185773,55.6710664909428,-118.413806034194,643.554779544941,6.28060274229276,67.0347578488204,20.9810097159091,0.0668402807052713,649.835382287234,582.800624438413,6.21376246158749,0.0052343431798962,3.25249651623055e-08,3.90624831599289e-07,0.000390624831599289,0.0366374474699591,0.72,0.000542534488332346,0.0508853437082766
"327","2","2","O","12CP",6,109,"0202O_12CP_24HR","24HR","R5","41","","41","1:1","5:1",20221220,203115,109,136.3992018,0.524373033,1.531849082,0.008568867,-3.608628617,2.90663116,0.173896127,23338.10715,0,"",110.325656590343,1.15568066973771,112.911835013519,-115.149269830797,1323.90787908411,13.8681680368525,424.976165308335,1.2062514755,4.58384078912491,1337.77604712097,912.799881812632,9.28432724772755,0.0052343431798962,4.85973550090671e-08,5.83654233658896e-07,0.000583654233658896,0.0573826731100718,0.72,0.000810630880081801,0.079698157097322
"328","2","2","O","12CP",10,81,"0202O_12CP_72HR","72HR","R5","266",NA,"266","1:1","5:1",20230609,130818,92,99,0.6,1.1,0,-6.7,1.1,0.2,23595.2,0,NA,65.5762042588411,0.642969880344272,67.7187447555323,-118.804663772933,786.914451106093,7.71563856413127,24.4289815769401,27.7454545454545,-0.314456864368751,794.630089670224,770.201108093284,8.03009542850002,0.0052343431798962,4.20322752400847e-08,5.04807625633417e-07,0.000504807625633417,0.0484182779767319,0.72,0.000701121702268635,0.0672476083010165
"329","2","2","O","13CG",6,92,"0202O_13CG_24HR","24HR","R5","43","","43","1:1","5:1",20221220,161605,92,224.1198549,0.442492779,4.985105655,0.004899803,975.2537099,4.011434861,0.121376688,23296.70674,0,"",215.286484507977,5.25554327757553,221.828469179393,1042.30708823626,2583.43781409572,63.0665193309064,424.976165308335,1.2062514755,4.58384078912491,2646.50433342663,2221.52816811829,58.4826785417815,0.0052343431798962,3.06118409567236e-07,3.6764820989025e-06,0.0036764820989025,0.139655172197005,0.72,0.00510622513736458,0.193965516940284
"330","2","2","O","13CG",14,223,"0202O_13CG_96HR","96HR","R5","15",NA,"15","1:1","5:1",20230624,121905,102,97.69951474,0.510900745,1.53956064,0.006446708,395.198647,2.673872502,0.306034024,24050.87927,0,"",64.0201281837044,1.16483618066602,66.6902815447602,356.420631924372,768.241538204452,13.9780341679922,6.26500140855833,27.9244593812222,-0.56970687437247,782.219572372445,775.954570963886,14.5477410423647,0.0052343431798962,7.61478691079976e-08,9.14535907987052e-07,0.000914535907987052,0.0487799663223735,0.72,0.00127018876109313,0.0677499532255188
"331","2","2","O","13CG",7,61,"0202O_13CG_48HR","48HR","R5","84","","84","1:1","5:1",20230603,61630,81,151.08,0.7,3.22,0.01,882.65,6.39,0.43,23759.04,0,NA,127.891744838764,3.15992989906229,132.466232199724,932.807776038038,1534.70093806516,37.9191587887475,252.991137831703,20.2071428571429,2.26109448044047,1572.62009685391,1319.62895902221,35.658064308307,0.0052343431798962,1.86646545720487e-07,2.24162501410305e-06,0.00224162501410305,0.0829577640082335,0.72,0.00311336807514312,0.115219116678102
"332","2","2","O","13CG",11,146,"0202O_13CG_72HR","72HR","R5","29",NA,"29","1:1","5:1",20230616,182149,17,176.2,14.4,3.1,0.1,562.9,72.9,0.5,27660.5,0,NA,157.948702967943,3.01746046404051,162.331309434129,554.719197155081,1895.38443561531,36.2095255684862,735.983183544067,16.8769230769231,7.49645481794392,1931.5939611838,1195.61077763973,28.7130707505423,0.0052343431798962,1.50294066056978e-07,1.8050317333443e-06,0.0018050317333443,0.0751614278081846,0.72,0.00250698851853375,0.104390871955812
"333","2","2","O","13CP",6,77,"0202O_13CP_24HR","24HR","R5","72","x","72","1:1","5:1",20221220,123055,77,156.1819478,0.543261763,1.813562619,0.007970276,30.3166426,2.343281274,0.168451806,23273.69309,0,"",133.99640373215,1.49014374019084,136.880900363083,-75.0343125746456,1607.9568447858,17.88172488229,424.976165308335,1.2062514755,4.58384078912491,1625.83856966809,1200.86240435975,13.2978840931651,0.0052343431798962,6.96056889101091e-08,8.3596432381041e-07,0.00083596432381041,0.0754915684944131,0.77,0.00108566795300053,0.0980409980446924
"334","2","2","O","13CP",10,57,"0202O_13CP_72HR","72HR","R5","89",NA,"89","1:1","5:1",20230609,70755,68,99.7,0.5,1.2,0,92.8,1.2,0.2,23579,0,NA,66.4137787290014,0.761694409529084,68.6744272270333,-1.1508292182675,796.965344748016,9.14033291434901,24.4289815769401,27.7454545454545,-0.314456864368751,806.105677662365,781.676696085425,9.45478977871776,0.0052343431798962,4.94896143955836e-08,5.94370268890959e-07,0.000594370268890959,0.0491396846372928,0.77,0.000771909440118129,0.0638177722562245
"335","2","2","O","13CP",9,173,"0202O_13CP_48HR","48HR","R5","273","","273","1:1","5:1",20230607,35135,53,120.5,0.64,1.41,0.01,34.62,0.82,0.51,23698.32,0,NA,91.3017058423345,1.01101592081719,93.7730381348277,-69.9458050412869,1095.62047010801,12.1321910498063,15.0157647633764,77.7772727272727,-0.0683732947856857,1107.75266115782,1092.73689639444,12.200564344592,0.0052343431798962,6.38619407679996e-08,7.66981908623676e-07,0.000766981908623676,0.0686943166519689,0.77,0.000996080400809968,0.0892133982493103
"336","2","2","O","13CP",12,96,"0202O_13CP_96HR","96HR","R5","205",NA,"205","1:1","5:1",20230622,120930,147,98.07142941,0.640651623,1.139614247,0.008123844,28.88236805,1.056353639,0.28965228,24078.89882,0,"",64.4651370875187,0.690001708585131,66.6567947618639,-76.7302713747629,773.581645050225,8.28002050302157,67.0347578488204,20.9810097159091,0.0668402807052713,781.861665553246,714.826907704426,8.2131802223163,0.0052343431798962,4.29906038819396e-08,5.16317152622095e-07,0.000516317152622095,0.0449372086832789,0.77,0.000670541756652071,0.0583600112769856
"337","3","16","M","12CG",14,172,"0316M_12CG_96HR","96HR","R4","972",NA,"972","1:1","5:1",20230623,233332,51,511.9709911,0.294707437,5.861846917,0.004055196,13.50843748,0.464116896,0.302131989,24055.6302,0,"",559.710431490464,6.29645021305401,566.743683584538,-94.9091847791618,6716.52517788556,75.5574025566481,6.26500140855833,27.9244593812222,-0.56970687437247,6792.08258044221,6785.81757903365,76.1271094310206,0.0052343431798962,3.98475416055474e-07,4.78568974682624e-06,0.00478568974682625,0.426586768557663,10.01,0.000478090883798826,0.0426160607949713
"338","3","16","M","12CG",10,33,"0316M_12CG_72HR","72HR","R4","82",NA,"82","1:1","5:1",20230609,10733,44,696.7,0.6,7.8,0,-9.6,0.2,0.3,23578.7,0,NA,780.745148279957,8.59751333572668,789.736851974522,-122.233770508697,9368.94177935949,103.17016002872,24.4289815769401,27.7454545454545,-0.314456864368751,9472.11193938821,9447.68295781127,103.484616893089,0.0052343431798962,5.41673998658511e-07,6.50550472388871e-06,0.00650550472388872,0.593923502421052,10.01,0.000649900571817054,0.0593330172248803
"339","3","16","M","12CG",6,43,"0316M_12CG_24HR","24HR","R4","93","","93","1:1","5:1",20221220,40032,43,592.6582627,0.487289293,6.5877017,0.005349318,-13.21563731,0.893581464,0.139385399,23320.68827,0,"",656.255572574815,7.1582178867362,664.000055877447,-126.509083010008,7875.06687089778,85.8986146408344,424.976165308335,1.2062514755,4.58384078912491,7960.96548553862,7535.98932023028,81.3147738517095,0.0052343431798962,4.25629431935497e-07,5.11180947754532e-06,0.00511180947754532,0.473745911168437,10.01,0.000510670277477055,0.0473272638529907
"340","3","16","M","12CG",9,235,"0316M_12CG_48HR","48HR","R4","77","","77","1:1","5:1",20230607,192232,115,591.08,0.33,6.59,0,-11.46,0.17,0.24,23617.07,0,NA,654.367126082349,7.16094653259046,662.11740393646,-124.43312862198,7852.40551298819,85.9313583910855,15.0157647633764,77.7772727272727,-0.0683732947856857,7938.33687137928,7923.3211066159,85.9997316858712,0.0052343431798962,4.50152109022843e-07,5.40632682936434e-06,0.00540632682936434,0.498095315376476,10.01,0.000540092590346088,0.0497597717658817
"341","3","16","M","12CP",14,239,"0316M_12CP_96HR","96HR","R4","269",NA,"269","1:1","5:1",20230624,161916,118,221.6315038,0.34756775,2.454081737,0.006336743,-20.17163538,0.560401359,0.319723058,24054.61927,0,"",212.309085430612,2.25059704737505,215.832308276153,-134.734207091318,2547.70902516734,27.0071645685006,6.26500140855833,27.9244593812222,-0.56970687437247,2574.71618973585,2568.45118832729,27.576871442873,0.0052343431798962,1.44346808959877e-07,1.73360517560812e-06,0.00173360517560812,0.161464301075812,9.97,0.000173882164052971,0.0161950151530403
"342","3","16","M","12CP",10,26,"0316M_12CP_72HR","72HR","R4","78",NA,"78","1:1","5:1",20230608,232227,37,228.3,0.4,2.5,0,-13.2,1.1,0.3,23583.6,0,NA,220.288174247013,2.30511328893164,223.853368537005,-126.490592663439,2643.45809096416,27.6613594671797,24.4289815769401,27.7454545454545,-0.314456864368751,2671.11945043134,2646.6904688544,27.9758163315484,0.0052343431798962,1.46435023417069e-07,1.758684631239e-06,0.001758684631239,0.166382771321381,9.97,0.000176397656092177,0.0166883421586139
"343","3","16","M","12CP",6,5,"0316M_12CP_24HR","24HR","R4","88","","88","1:1","5:1",20221219,183008,5,436.5993507,0.335560785,4.902627087,0.007498451,-3.604116115,1.479448572,0.166634864,23429.90703,0,"",469.525628957408,5.15762098603916,475.558602139035,-115.143934020106,5634.3075474889,61.8914518324699,424.976165308335,1.2062514755,4.58384078912491,5696.19899932137,5271.22283401303,57.307611043345,0.0052343431798962,2.99967703020877e-07,3.60261211328073e-06,0.00360261211328073,0.33137258538406,9.97,0.000361345247069281,0.0332369694467462
"344","3","16","M","12CP",9,221,"0316M_12CP_48HR","48HR","R4","65","x","65","1:1","5:1",20230607,155219,101,213.23,0.36,2.38,0.01,-10.18,1.17,0.28,23704.26,0,NA,202.25639243942,2.16264385390987,205.70734760938,-122.91959185585,2427.07670927304,25.9517262469184,15.0157647633764,77.7772727272727,-0.0683732947856857,2453.02843551996,2438.01267075658,26.0200995417041,0.0052343431798962,1.36198130576339e-07,1.63573954822183e-06,0.00163573954822183,0.15326435389806,9.97,0.000164066153282029,0.0153725530489528
"345","3","16","M","13CG",9,131,"0316M_13CG_48HR","48HR","R4","584","x","584","1:1","5:1",20230606,172100,11,520.96,0.29,21.94,0.04,2724.42,5.05,0.37,23825.95,0,NA,570.46609487144,25.3851617624591,596.688992731324,3110.60981490986,6845.59313845728,304.621941149509,15.0157647633764,77.7772727272727,-0.0683732947856857,7150.21507960679,7135.19931484341,304.690314444295,0.0052343431798962,1.59485366939192e-06,1.9154192569397e-05,0.019154192569397,0.448550463268916,10.05,0.0019058898079002,0.0446318868924294
"346","3","16","M","13CG",6,80,"0316M_13CG_24HR","24HR","R4","44","","44","1:1","5:1",20221220,131557,80,507.4469426,0.335764245,18.76696226,0.026464654,2284.201604,4.68225285,0.121682188,23283.43296,0,"",554.297249311368,21.6179876447877,576.755731927455,2590.07330907162,6651.56699173642,259.415851737452,424.976165308335,1.2062514755,4.58384078912491,6910.98284347387,6486.00667816554,254.832010948328,0.0052343431798962,1.33387819852661e-06,1.60198771643046e-05,0.0160198771643046,0.40773931769561,10.05,0.00159401762828902,0.0405710763876228
"347","3","16","M","13CG",11,162,"0316M_13CG_72HR","72HR","R4","224",NA,"224","1:1","5:1",20230616,222231,33,871.9,25.4,37.5,1.8,2803.8,71.5,0.5,27605.6,0,NA,990.378072811494,43.8586985036159,1034.51102498771,3204.47274342191,11884.5368737379,526.304382043391,735.983183544067,16.8769230769231,7.49645481794392,12410.8412557813,11674.8580722373,518.807927225447,0.0052343431798962,2.7156187355486e-06,3.26145810139387e-05,0.0326145810139387,0.73393366685732,10.05,0.00324523194168544,0.0730282255579423
"348","3","16","M","13CG",14,167,"0316M_13CG_96HR","96HR","R4","4",NA,"4","1:1","5:1",20230623,221828,46,510.6720474,0.322416725,20.23605202,0.030447981,2509.413698,3.980477841,0.286600663,24080.25951,0,"",558.156199945756,23.36215754565,582.363431250964,2856.37548442022,6697.87439934907,280.3458905478,6.26500140855833,27.9244593812222,-0.56970687437247,6978.22028989687,6971.95528848831,280.915597422172,0.0052343431798962,1.47040864149321e-06,1.76596077843335e-05,0.0176596077843335,0.438288215444228,10.05,0.00175717490391378,0.0436107677058934
"349","3","16","M","13CP",12,63,"0316M_13CP_96HR","96HR","R4","28",NA,"28","1:1","5:1",20230622,33908,113,278.4848799,0.239843675,3.548653555,0.004515355,127.4555218,0.414127634,0.33111827,24088.03841,0,"",280.336137378868,3.55012228488519,285.057105882008,39.827613276836,3364.03364854641,42.6014674186222,67.0347578488204,20.9810097159091,0.0668402807052713,3406.63511596503,3339.60035811621,42.534627137917,0.0052343431798962,2.22640835468783e-07,2.67391643398009e-06,0.00267391643398009,0.209942178440595,10.05,0.000266061336714437,0.0208897689990642
"350","3","16","M","13CP",8,75,"0316M_13CP_48HR","48HR","R4","204","","204","1:1","5:1",20230605,171445,4,314.22,0.26,3.86,0,83.86,0.42,0.46,23809.46,0,NA,323.094457784397,3.91976688584509,328.118326177762,-11.7219375692093,3877.13349341276,47.037202630141,83.7209787008222,21.8485714285714,0.266522390135628,3924.1706960429,3840.44971734208,46.7706802400054,0.0052343431798962,2.44813791133378e-07,2.94021363151187e-06,0.00294021363151187,0.241427803746303,10.05,0.000292558570299689,0.0240226670394331
"351","3","16","M","13CP",11,214,"0316M_13CP_72HR","72HR","R4","44",NA,"44","1:1","5:1",20230617,112841,85,278.2,6.9,3.3,0.1,46.4,3.5,0.5,27570.1,0,NA,279.995268619865,3.25490952241014,284.419745168379,-56.0165369904933,3359.94322343838,39.0589142689217,735.983183544067,16.8769230769231,7.49645481794392,3399.0021377073,2663.01895416324,31.5624594509777,0.0052343431798962,1.65208744367976e-07,1.98415701985939e-06,0.00198415701985939,0.16740925275891,10.05,0.000197428559189989,0.0166576370904388
"352","3","16","M","13CP",6,20,"0316M_13CP_24HR","24HR","R4","51","","51","1:1","5:1",20221219,221517,20,453.5572267,0.370290467,5.701382413,0.006430599,116.3448046,1.125014223,0.118485778,23433.3608,0,"",489.816320394184,6.10593948617127,496.77072877799,26.6897390734945,5877.79584473021,73.2712738340552,424.976165308335,1.2062514755,4.58384078912491,5951.06711856426,5526.09095325593,68.6874330449303,0.0052343431798962,3.59533596703308e-07,4.31799849640673e-06,0.00431799849640673,0.347394732476862,10.05,0.000429651591682261,0.0345666400474489
"353","3","16","O","12CG",11,152,"0316O_12CG_72HR","72HR","R4","83",NA,"83","1:1","5:1",20230616,195153,23,598.3,10.8,6.6,0.1,-22.1,0.9,0.5,27623.9,0,NA,663.006108474573,7.17281898550894,670.75438427265,-137.014402990439,7956.07330169488,86.0738278261072,735.983183544067,16.8769230769231,7.49645481794392,8042.14712952099,7306.16394597692,78.5773730081633,0.0052343431798962,4.11300936499439e-07,4.93972424735826e-06,0.00493972424735826,0.459298062756152,1.98,0.00249481022593852,0.231968718563713
"354","3","16","O","12CG",13,153,"0316O_12CG_96HR","96HR","R4","662",NA,"662","1:1","5:1",20230623,65201,53,572.2721581,0.489920867,6.31733576,0.00480193,-23.50358332,0.372937668,0.340636578,24161.45716,0,"",631.862885776277,6.83722719739511,639.323772354754,-138.674070927273,7582.35462931533,82.0467263687413,50.4935566101421,79.34086271525,0.320981432927764,7664.40135568407,7613.90779907393,81.7257449358136,0.0052343431798962,4.27780595626712e-07,5.13764495347681e-06,0.00513764495347681,0.478644214388897,1.98,0.00259477017852364,0.241739502216615
"355","3","16","O","12CG",9,230,"0316O_12CG_48HR","48HR","R4","34","","34","1:1","5:1",20230607,180728,110,613.44,0.5,6.75,0.01,-23.92,0.27,0.22,23699.2,0,NA,681.121647729182,7.35090577928615,689.019865509213,-139.16646307978,8173.45977275019,88.2108693514339,15.0157647633764,77.7772727272727,-0.0683732947856857,8261.67064210162,8246.65487733825,88.2792426462195,0.0052343431798962,4.62083851671641e-07,5.54962705857641e-06,0.00554962705857641,0.51842151878698,1.98,0.00280284194877596,0.261829049892414
"356","3","16","O","12CG",6,58,"0316O_12CG_24HR","24HR","R4","1","","1","1:1","5:1",20221220,74542,58,912.0996494,0.877261738,10.04357457,0.00795227,-22.16146172,0.716311799,0.122437875,23304.05166,0,"",1038.47835859268,11.2611866808694,1049.73411971089,-137.08707843804,12461.7403031122,135.134240170432,424.976165308335,1.2062514755,4.58384078912491,12596.8745432826,12171.8983779743,130.550399381307,0.0052343431798962,6.83345592634271e-07,8.20698056753759e-06,0.00820698056753759,0.765179838066284,1.98,0.00414493968057454,0.38645446366984
"357","3","16","O","12CP",11,181,"0316O_12CP_72HR","72HR","R4","36",NA,"36","1:1","5:1",20230617,30946,52,457.3,1.6,5.1,0,-18.5,1,0.6,27594.5,0,NA,494.294679485152,5.39195104773675,500.523444036538,-132.757580835697,5931.53615382182,64.7034125728411,735.983183544067,16.8769230769231,7.49645481794392,5996.23956639466,5260.2563828506,57.2069577548971,0.0052343431798962,2.99440849166956e-07,3.59628459849514e-06,0.00359628459849514,0.330683185336174,1.98,0.00181630535277532,0.167011709765745
"358","3","16","O","12CP",14,197,"0316O_12CP_96HR","96HR","R4","53",NA,"53","1:1","5:1",20230624,54848,76,708.7664538,0.529421548,7.805612285,0.005453181,-25.36430825,0.212945249,0.316868426,24011.3377,0,"",795.183082063169,8.60417649466944,804.158179414817,-140.874286234468,9542.19698475803,103.250117936033,6.26500140855833,27.9244593812222,-0.56970687437247,9645.44710269406,9639.1821012855,103.819824810406,0.0052343431798962,5.43428591934365e-07,6.52657738913173e-06,0.00652657738913173,0.605961992970612,1.98,0.00329625120663219,0.306041410591218
"359","3","16","O","12CP",6,119,"0316O_12CP_24HR","24HR","R4","75","","75","1:1","5:1",20221220,230122,119,834.8529426,0.744142536,9.177887473,0.007961744,-23.90379848,0.710636412,0.130522054,23312.43088,0,"",946.049973564635,10.2334037507424,956.420812642957,-139.147305582759,11352.5996827756,122.800845008909,424.976165308335,1.2062514755,4.58384078912491,11475.4005277845,11050.4243624762,118.217004219784,0.0052343431798962,6.18788369785588e-07,7.43164832112491e-06,0.00743164832112491,0.694678977894199,1.98,0.00375335773794187,0.350847968633434
"360","3","16","O","12CP",9,181,"0316O_12CP_48HR","48HR","R4","270","","270","1:1","5:1",20230607,55141,61,740.31,0.5,8.19,0.01,-25.52,0.18,0.59,23641.04,0,NA,832.926037770941,9.06053899954745,842.299387907076,-141.058384037443,9995.11245325129,108.726467994569,15.0157647633764,77.7772727272727,-0.0683732947856857,10103.8389212459,10088.8231564825,108.794841289355,0.0052343431798962,5.69469535510825e-07,6.83932912148501e-06,0.00683932912148501,0.634228435814578,1.98,0.00345420662701263,0.320317391825544
"361","3","16","O","13CG",6,127,"0316O_13CG_24HR","24HR","R4","78","","78","1:1","5:1",20221221,10128,127,907.318847,0.891118421,16.46066768,0.020220404,610.2650781,1.187833303,0.150332764,23240.41094,0,"",1032.7579613968,18.8798502630679,1051.68883764817,610.726062104289,12393.0955367616,226.558203156814,424.976165308335,1.2062514755,4.58384078912491,12619.6537399184,12194.67757461,221.97436236769,0.0052343431798962,1.16188998977112e-06,1.39542987771512e-05,0.0139542987771512,0.766611839998255,2.01,0.00694243720256278,0.381398925372266
"362","3","16","O","13CG",11,217,"0316O_13CG_72HR","72HR","R4","544",NA,"544","1:1","5:1",20230617,121402,88,384,1.6,4.7,0,84.7,4.9,0.5,27569,0,NA,406.5886671098,4.91705293099751,412.48119634951,-10.7286790664362,4879.0640053176,59.0046351719701,735.983183544067,16.8769230769231,7.49645481794392,4938.06864048957,4202.0854569455,51.5081803540262,0.0052343431798962,2.6961149254496e-07,3.23803402546497e-06,0.00323803402546497,0.264161839808373,2.01,0.00161096220172387,0.131423800899688
"363","3","16","O","13CG",7,24,"0316O_13CG_48HR","48HR","R4","42","x","42","1:1","5:1",20230602,210106,24,82.7,0.91,0.94,0.01,5.39,1.27,0.57,23852.6,0,NA,46.072684453681,0.453010633648573,48.0555779043996,-104.508836036592,552.872213444172,5.43612760378287,252.991137831703,20.2071428571429,2.26109448044047,558.308341047955,305.317203216252,3.1750331233424,0.0052343431798962,1.66192129751118e-08,1.99596747831093e-07,0.000199596747831093,0.0191936015945232,2.01,9.93018645925836e-05,0.0095490555196633
"364","3","16","O","13CG",12,65,"0316O_13CG_96HR","96HR","R4","271",NA,"271","1:1","5:1",20230622,40909,115,662.5084787,0.587746703,8.057050256,0.007399432,76.77088066,0.273418096,0.292913738,24091.00333,0,"",739.833797798785,8.90269504193104,749.198628029012,-20.1044709759092,8878.00557358542,106.832340503172,67.0347578488204,20.9810097159091,0.0668402807052713,8984.8379140886,8917.80315623978,106.765500222467,0.0052343431798962,5.58847267937677e-07,6.7117556879315e-06,0.0067117556879315,0.56061289398755,2.01,0.00333918193429428,0.278911887555995
"365","3","16","O","13CP",9,159,"0316O_13CP_48HR","48HR","R4","234","","234","1:1","5:1",20230607,2124,39,556.68,0.43,6.25,0,-6.56,0.31,0.36,23747.95,0,NA,613.20632354876,6.75728313336209,620.61689261153,-118.639120689137,7358.47588258512,81.0873976003451,15.0157647633764,77.7772727272727,-0.0683732947856857,7439.56328018546,7424.54751542209,81.1557708951308,0.0052343431798962,4.24797155894146e-07,5.1018138422887e-06,0.0051018138422887,0.46674018211049,2.04,0.00250088913837681,0.228794206916907
"366","3","16","O","13CP",10,109,"0316O_13CP_72HR","72HR","R4","237",NA,"237","1:1","5:1",20230609,200844,120,583,0.5,6.5,0,-9.4,0.2,0.2,23603.4,0,NA,644.699123626785,7.05409445632412,652.357496696256,-121.997280388989,7736.38948352142,84.6491334758895,24.4289815769401,27.7454545454545,-0.314456864368751,7821.03861699731,7796.60963542037,84.9635903402582,0.0052343431798962,4.44728589637025e-07,5.34119036154067e-06,0.00534119036154067,0.490129666962422,2.04,0.00261823056938268,0.240259640667854
"367","3","16","O","13CP",6,74,"0316O_13CP_24HR","24HR","R4","26","","26","1:1","5:1",20221220,114553,74,756.5122024,0.701130543,8.598662499,0.006065022,9.360349329,0.85272127,0.121104044,23230.66174,0,"",852.312539328954,9.54572162744009,862.142778432632,-99.8140940961057,10227.7504719474,114.548659529281,424.976165308335,1.2062514755,4.58384078912491,10342.2991314767,9917.32296616839,109.964818740156,0.0052343431798962,5.75593599001058e-07,6.9128791240027e-06,0.00691287912400271,0.623447168687805,2.04,0.00338866623725623,0.305611357199905
"368","3","16","O","13CP",13,104,"0316O_13CP_96HR","96HR","R4","B3",NA,"B3","1:1","5:1",20230622,183618,4,619.8071915,0.483197959,7.394656746,0.004965982,55.3259298,0.27179563,0.342386689,24439.47512,0,"",688.740214939213,8.11627146583279,697.396241086122,-45.4620659559631,8264.88257927056,97.3952575899934,50.4935566101421,79.34086271525,0.320981432927764,8362.27783686055,8311.78428025041,97.0742761570657,0.0052343431798962,5.08120075346097e-07,6.10252210490662e-06,0.00610252210490662,0.522515843634767,2.04,0.00299143240436599,0.256135217468023
"369","3","4","M","12CG",12,42,"0304M_12CG_96HR","96HR","R4","69",NA,"69","1:1","5:1",20230621,222355,92,414.5314351,0.202351129,4.617237233,0.004329297,-13.92007154,0.337004668,0.295451904,24131.79223,0,"",443.120596505678,4.81879322553643,448.855274385917,-127.342041686903,5317.44715806814,57.8255187064372,67.0347578488204,20.9810097159091,0.0668402807052713,5375.27267677457,5308.23791892575,57.7586784257319,0.0052343431798962,3.02328744497548e-07,3.63096822141555e-06,0.00363096822141555,0.333699518767827,10.03,0.000362010789772238,0.0332701414524254
"370","3","4","M","12CG",8,102,"0304M_12CG_48HR","48HR","R4","84","x","84","1:1","5:1",20230606,1,72,680.78,0.6,7.6,0.01,-12.38,0.3,0.3,23740.23,0,NA,761.696311758598,8.36006427735706,770.479850173777,-125.520983172636,9140.35574110318,100.320771328285,83.7209787008222,21.8485714285714,0.266522390135628,9240.67651243147,9156.95553373064,100.054248938149,0.0052343431798962,5.23718275549037e-07,6.28985648934393e-06,0.00628985648934393,0.575647079436615,10.03,0.000627104335926613,0.0573925303526037
"371","3","4","M","12CG",10,70,"0304M_12CG_72HR","72HR","R4","238",NA,"238","1:1","5:1",20230609,102306,81,669.4,0.6,7.5,0,-11.9,0.2,0.2,23575.3,0,NA,748.079743943708,8.24133974817225,756.765806707738,-124.953406885337,8976.95692732449,98.896076978067,24.4289815769401,27.7454545454545,-0.314456864368751,9075.85300430256,9051.42402272562,99.2105338424357,0.0052343431798962,5.19301981192014e-07,6.23681679411609e-06,0.00623681679411609,0.569012897816446,10.03,0.000621816230719451,0.0567310964921681
"372","3","4","M","12CG",6,122,"0304M_12CG_24HR","24HR","R4","59","","59","1:1","5:1",20221220,234624,122,697.3624228,0.473544035,7.732790347,0.006038717,-15.38143228,0.743909581,0.126475292,23313.90158,0,"",781.537760316717,8.51771899163569,790.447895438766,-129.070028568598,9378.45312380061,102.212627899628,424.976165308335,1.2062514755,4.58384078912491,9480.66575170024,9055.6895863919,97.6287871105033,0.0052343431798962,5.11022575973401e-07,6.13738113744054e-06,0.00613738113744054,0.569281050179707,10.03,0.000611902406524481,0.0567578315234005
"373","3","4","M","12CP",14,244,"0304M_12CP_96HR","96HR","R4","G3",NA,"G3","1:1","5:1",20230624,173420,123,241.3727204,0.365249079,2.674608983,0.005943165,-19.38988389,0.397012912,0.320593464,24049.34803,0,"",235.93014119356,2.51241698191278,239.678669143921,-133.809824574058,2831.16169432272,30.1490037829534,6.26500140855833,27.9244593812222,-0.56970687437247,2861.31069810568,2855.04569669712,30.7187106573258,0.0052343431798962,1.60792273624378e-07,1.93111520622878e-06,0.00193111520622878,0.179480910539291,10.05,0.000192150766788933,0.0178587970685861
"374","3","4","M","12CP",6,125,"0304M_12CP_24HR","24HR","R4","68","","68","1:1","5:1",20221221,3126,125,359.8812027,0.286247784,3.973260874,0.00550316,-19.46122684,1.285838931,0.114927634,23294.3187,0,"",377.729683010586,4.05423532525219,382.800641777801,-133.894184087987,4532.75619612703,48.6508239030263,424.976165308335,1.2062514755,4.58384078912491,4581.40702003005,4156.43085472172,44.0669831139014,0.0052343431798962,2.3066171252085e-07,2.77024716737541e-06,0.00277024716737541,0.261291787820444,10.05,0.000275646484315962,0.0259991828677059
"375","3","4","M","12CP",11,203,"0304M_12CP_72HR","72HR","R4","19",NA,"19","1:1","5:1",20230617,84223,74,262.9,8.4,2.9,0.1,-16.6,1.6,0.5,27591.9,0,NA,261.688283772077,2.78001140567089,265.664476665173,-130.510924698472,3140.25940526492,33.3601368680507,735.983183544067,16.8769230769231,7.49645481794392,3173.61954213297,2437.6363585889,25.8636820501068,0.0052343431798962,1.3537938774598e-07,1.62590644682922e-06,0.00162590644682922,0.153240697236248,10.05,0.000161781736002907,0.015247830570771
"376","3","4","M","12CP",8,84,"0304M_12CP_48HR","48HR","R4","64","","64","1:1","5:1",20230605,192950,53,248.53,0.41,2.77,0.01,-11.71,1.42,0.28,23802.34,0,NA,244.494076434644,2.62566951773063,248.342731869217,-124.728741271615,2933.92891721573,31.5080342127676,83.7209787008222,21.8485714285714,0.266522390135628,2965.4369514285,2881.71597272768,31.241511822632,0.0052343431798962,1.6352879433844e-07,1.96398082000467e-06,0.00196398082000467,0.181157523082423,10.05,0.000195420977114892,0.0180256241873058
"377","3","4","M","13CG",12,99,"0304M_13CG_96HR","96HR","R4","232",NA,"232","1:1","5:1",20230622,125432,150,440.4839056,0.253797307,13.26861874,0.017053436,1667.515652,2.714768657,0.2903757,24044.52444,0,"",474.173634689088,15.0901051877041,490.193142897797,1860.87263601842,5690.08361626906,181.081262252449,67.0347578488204,20.9810097159091,0.0668402807052713,5871.1648785215,5804.13012067268,181.014421971744,0.0052343431798962,9.47491605110649e-07,1.13793741773789e-05,0.0113793741773789,0.364873515037602,10.01,0.00113680061712077,0.036450900603157
"378","3","4","M","13CG",6,4,"0304M_13CG_24HR","24HR","R4","53","","53","1:1","5:1",20221219,181507,4,746.0854168,0.738358147,28.31350826,0.045238124,2367.510573,3.812298158,0.164409175,23479.26297,0,"",839.836525865533,32.9520794366992,873.238323795275,2688.58204932937,10078.0383103864,395.424953240391,424.976165308335,1.2062514755,4.58384078912491,10473.4632636268,10048.4870983185,390.841112451266,0.0052343431798962,2.04579651138232e-06,2.45700161017017e-05,0.0245700161017017,0.631692731235411,10.01,0.00245454706310707,0.0631061669565845
"379","3","4","M","13CG",10,6,"0304M_13CG_72HR","72HR","R4","223",NA,"223","1:1","5:1",20230608,182209,17,567.5,0.3,21.9,0,2425.4,3.4,0.2,23634.1,0,NA,626.152831787523,25.3376719507852,652.238036387319,2757.03343693462,7513.83398145027,304.052063409422,24.4289815769401,27.7454545454545,-0.314456864368751,7817.88604485969,7793.45706328275,304.366520273791,0.0052343431798962,1.59315881958386e-06,1.91338374232021e-05,0.0191338374232021,0.489931482212365,10.01,0.00191147227005016,0.0489442040172193
"380","3","4","M","13CG",9,219,"0304M_13CG_48HR","48HR","R4","213","","213","1:1","5:1",20230607,152217,99,746.06,0.59,31.39,0.05,2729.46,4.17,0.23,23734.66,0,NA,839.806113775829,36.6046297704239,876.883147344518,3116.5693659265,10077.6733653099,439.255557245086,15.0157647633764,77.7772727272727,-0.0683732947856857,10516.928922555,10501.9131577917,439.323930539872,0.0052343431798962,2.29957221958657e-06,2.76178623572347e-05,0.0276178623572347,0.66019711633532,10.01,0.00275902720851495,0.0659537578756563
"381","3","4","M","13CP",11,144,"0304M_13CP_72HR","72HR","R4","53",NA,"53","1:1","5:1",20230616,175148,15,266.5,8.7,3.2,0.1,53.8,3.8,0.5,27694.7,0,NA,265.995809618615,3.13618499322533,270.32342871374,-47.2664025613022,3191.94971542338,37.6342199187039,735.983183544067,16.8769230769231,7.49645481794392,3229.58393534209,2493.60075179802,30.13776510076,0.0052343431798962,1.57751405212477e-07,1.89459437660185e-06,0.00189459437660185,0.156758868683581,10.05,0.000188516853393218,0.0155978973814509
"382","3","4","M","13CP",6,135,"0304M_13CP_24HR","24HR","R4","53","","53","1:1","5:1",20221221,30132,135,511.7939318,0.363702302,6.488309497,0.007091799,125.8571249,1.426156022,0.1189393,23259.97053,0,"",559.498573848486,7.04021496167804,567.280542131202,37.9375879057276,6713.98288618183,84.4825795401365,424.976165308335,1.2062514755,4.58384078912491,6798.46546572197,6373.48930041363,79.8987387510116,0.0052343431798962,4.18217418263665e-07,5.02279119334662e-06,0.00502279119334662,0.400665973323655,10.05,0.000499780218243445,0.0398672610272294
"383","3","4","M","13CP",14,222,"0304M_13CP_96HR","96HR","R4","119",NA,"119","1:1","5:1",20230624,120405,101,237.0239578,0.271511349,2.831948687,0.004715115,57.50811481,0.336472994,0.312020097,24023.15736,0,"",230.726694721349,2.69921780470756,234.671582403477,-42.881739984765,2768.72033665619,32.3906136564907,6.26500140855833,27.9244593812222,-0.56970687437247,2801.11095031268,2794.84594890412,32.9603205308632,0.0052343431798962,1.72525628977916e-07,2.07203280402477e-06,0.00207203280402477,0.175696485806397,10.05,0.000206172418310923,0.0174822373936713
"384","3","4","M","13CP",9,149,"0304M_13CP_48HR","48HR","R4","229","","229","1:1","5:1",20230606,215115,29,301.34,0.26,3.66,0,75.93,0.41,0.3,23817.65,0,NA,307.683087533448,3.68231782747546,312.492917768721,-21.0987708156263,3692.19705040138,44.1878139297055,15.0157647633764,77.7772727272727,-0.0683732947856857,3736.38486433108,3721.36909956771,44.2561872244912,0.0052343431798962,2.31652071766725e-07,2.78214138191837e-06,0.00278214138191837,0.233941864824046,10.05,0.000276829988250584,0.02327779749493
"385","3","4","O","12CG",12,88,"0304O_12CG_96HR","96HR","R4","74",NA,"74","1:1","5:1",20230622,100925,139,544.2341544,0.42770237,6.016253318,0.005132005,-21.16525177,0.239325363,0.286014678,24109.95905,0,"",598.314434214308,6.47976848567248,605.469812499422,-135.909109386392,7179.7732105717,77.7572218280697,67.0347578488204,20.9810097159091,0.0668402807052713,7257.53043239977,7190.49567455094,77.6903815473644,0.0052343431798962,4.0665811879598e-07,4.88396400673972e-06,0.00488396400673972,0.452026639149848,2.02,0.00241780396373254,0.223775563935568
"386","3","4","O","12CG",11,186,"0304O_12CG_72HR","72HR","R4","25",NA,"25","1:1","5:1",20230617,42521,57,609.9,10.2,6.8,0.1,-19.5,0.7,0.4,27583.3,0,NA,676.885913980086,7.41026804387856,684.85070072729,-133.940031434236,8122.63096776104,88.9232165265427,735.983183544067,16.8769230769231,7.49645481794392,8211.55418428758,7475.57100074351,81.4267617085988,0.0052343431798962,4.26215614810437e-07,5.11884953387335e-06,0.00511884953387335,0.469947746043695,2.02,0.00253408392766007,0.232647399031532
"387","3","4","O","12CG",6,10,"0304O_12CG_24HR","24HR","R4","61","","61","1:1","5:1",20221219,194511,10,1003.012459,1.169379272,11.10657124,0.009865365,-17.05028472,0.869552242,0.14409438,23517.44514,0,"",1147.25871335197,12.5232244725771,1159.6087020289,-131.04336413515,13767.1045602236,150.278693670925,424.976165308335,1.2062514755,4.58384078912491,13917.3832538946,13492.4070885862,145.6948528818,0.0052343431798962,7.6261685952783e-07,9.15902848292924e-06,0.00915902848292924,0.848192907184538,2.02,0.0045341725163016,0.419897478804227
"388","3","4","O","12CG",9,234,"0304O_12CG_48HR","48HR","R4","32","x","32","1:1","5:1",20230607,190732,114,606.71,0.46,6.71,0.01,-19.61,0.26,0.24,23682.43,0,NA,673.06896746607,7.30341596761223,680.932402594136,-134.070101000076,8076.82760959284,87.6409916113467,15.0157647633764,77.7772727272727,-0.0683732947856857,8164.46860120419,8149.45283644081,87.7093649061324,0.0052343431798962,4.59100916009441e-07,5.51380200127339e-06,0.00551380200127339,0.512310964820459,2.02,0.00272960495112544,0.253619289515079
"389","3","4","O","12CP",13,129,"0304O_12CP_96HR","96HR","R4","7",NA,"7","1:1","5:1",20230623,5140,29,421.4914239,0.208759025,4.856818604,0.004248177,20.88254891,0.31539242,0.253930919,24203.28477,0,"",451.448466407794,5.1032350802707,457.455903154374,-86.1896623050624,5417.38159689353,61.2388209632484,50.4935566101421,79.34086271525,0.320981432927764,5478.62041785678,5428.12686124663,60.9178395303207,0.0052343431798962,3.18864877879545e-07,3.82956718333333e-06,0.00382956718333333,0.34123627257749,1.98,0.00193412484006734,0.172341551806813
"390","3","4","O","12CP",8,118,"0304O_12CP_48HR","48HR","R4","216","","216","1:1","5:1",20230606,40012,88,469.62,0.24,5.2,0,-21.33,0.28,0.38,23747.09,0,NA,509.035990159972,5.51067557692157,515.360414406591,-136.103916029563,6108.43188191967,66.1281069230588,83.7209787008222,21.8485714285714,0.266522390135628,6174.55998884273,6090.8390101419,65.8615845329232,0.0052343431798962,3.44742135817063e-07,4.14035305116293e-06,0.00414035305116293,0.382897315007309,1.98,0.00209108739957724,0.193382482326924
"391","3","4","O","12CP",10,60,"0304O_12CP_72HR","72HR","R4","83",NA,"83","1:1","5:1",20230609,75257,71,431.1,0.2,4.8,0,-20,0.2,0.2,23582.3,0,NA,462.945463602011,5.03577746018232,468.866462168068,-134.531256733506,5555.34556322413,60.4293295221878,24.4289815769401,27.7454545454545,-0.314456864368751,5615.77489274632,5591.34591116938,60.7437863865566,0.0052343431798962,3.17953823993544e-07,3.81862542616246e-06,0.00381862542616246,0.351496950272205,1.98,0.00192859870008205,0.177523712258689
"392","3","4","O","12CP",6,45,"0304O_12CP_24HR","24HR","R4","81","x","81","1:1","5:1",20221220,43034,45,476.6307684,0.386640847,5.455458502,0.006821766,15.74664549,1.347096272,0.160031088,23311.52461,0,"",517.42461962861,5.81396748068364,524.040671511829,-92.2626143780817,6209.09543554332,69.7676097682037,424.976165308335,1.2062514755,4.58384078912491,6278.86304531152,5853.88688000319,65.1837689790788,0.0052343431798962,3.4119421659557e-07,4.0977425413128e-06,0.0040977425413128,0.368001446923404,1.98,0.00206956694005697,0.185859316627982
"393","3","4","O","13CG",12,51,"0304O_13CG_96HR","96HR","R4","244",NA,"244","1:1","5:1",20230622,3900,101,468.6851555,0.316783123,5.981783286,0.00489763,129.6569255,0.236046734,0.311040848,24084.55277,0,"",507.917416036016,6.43884410247062,515.177567007483,42.4306643995277,6095.00899243219,77.2661292296474,67.0347578488204,20.9810097159091,0.0668402807052713,6172.27512166183,6105.24036381301,77.1992889489422,0.0052343431798962,4.04087571602731e-07,4.8530917349488e-06,0.0048530917349488,0.383802648352019,2,0.0024265458674744,0.191901324176009
"394","3","4","O","13CG",6,129,"0304O_13CG_24HR","24HR","R4","64","x","64","1:1","5:1",20221221,13129,129,799.8948237,0.650671615,18.40122238,0.020488108,1041.400865,1.497639575,0.162912851,23233.11446,0,"",904.221362256826,21.1837646942166,925.677960180489,1120.52283137593,10850.6563470819,254.205176330599,424.976165308335,1.2062514755,4.58384078912491,11104.8615234125,10679.8853581042,249.621335541474,0.0052343431798962,1.3066037352481e-06,1.56923108603296e-05,0.0156923108603296,0.671385242886053,2,0.00784615543016482,0.335692621443026
"395","3","4","O","13CG",11,145,"0304O_13CG_72HR","72HR","R4","261",NA,"261","1:1","5:1",20230616,180649,16,172.3,14.4,2.1,0.2,75.1,8.6,0.5,27684.2,0,NA,153.282216634193,1.83021517219239,156.477754296186,-22.080204812414,1839.38659961032,21.9625820663087,735.983183544067,16.8769230769231,7.49645481794392,1861.34918167662,1125.36599813256,14.4661272483648,0.0052343431798962,7.57206745019888e-08,9.09405300768886e-07,0.000909405300768886,0.0707455275649189,2,0.000454702650384443,0.0353727637824594
"396","3","4","O","13CG",7,57,"0304O_13CG_48HR","48HR","R4","59","","59","1:1","5:1",20230603,51627,77,496.42,0.3,7.7,0.01,371.12,0.33,0.41,23788.5,0,NA,541.103127017536,8.47878880654187,550.362284925314,327.948821367204,6493.23752421043,101.745465678502,252.991137831703,20.2071428571429,2.26109448044047,6594.98298988894,6341.99185205723,99.484371198062,0.0052343431798962,5.20735339886837e-07,6.25403143204091e-06,0.00625403143204091,0.398685903191254,2,0.00312701571602046,0.199342951595627
"397","3","4","O","13CP",9,226,"0304O_13CP_48HR","48HR","R4","13","","13","1:1","5:1",20230607,170723,106,508.77,0.31,5.75,0,1.33,0.47,0.23,23662.36,0,NA,555.880333741078,6.16366048743803,562.786157054827,-109.309585466662,6670.56400489293,73.9639258492564,15.0157647633764,77.7772727272727,-0.0683732947856857,6744.52793074219,6729.51216597881,74.0322991440421,0.0052343431798962,3.87510460116652e-07,4.65400062600099e-06,0.00465400062600099,0.423047159081336,1.95,0.00238666698769281,0.216947261067352
"398","3","4","O","13CP",14,236,"0304O_13CP_96HR","96HR","R4","239",NA,"239","1:1","5:1",20230624,153415,115,429.3232727,0.260425046,5.22779477,0.004611129,77.67721992,0.308830792,0.316841644,24067.7879,0,"",460.819547277844,5.54367478674207,467.25502320037,-19.0327695754425,5529.83456733413,66.5240974409048,6.26500140855833,27.9244593812222,-0.56970687437247,5596.35866477504,5590.09366336648,67.0938043152773,0.0052343431798962,3.51191997030962e-07,4.21781588434185e-06,0.00421781588434185,0.351418228388297,1.95,0.00216298250479069,0.180214476096563
"399","3","4","O","13CP",6,99,"0304O_13CP_24HR","24HR","R4","5","","5","1:1","5:1",20221220,180109,99,598.9519236,0.449775592,6.887417777,0.00585009,20.92837784,1.105049096,0.134365226,23271.74384,0,"",663.786157851509,7.51405438804564,671.876524383593,-86.1354718593535,7965.43389421811,90.1686526565477,424.976165308335,1.2062514755,4.58384078912491,8055.60254687466,7630.62638156632,85.5848118674228,0.0052343431798962,4.47980276300943e-07,5.38024311837433e-06,0.00538024311837433,0.479695219075839,1.95,0.00275909903506376,0.24599754824402
"400","3","4","O","13CP",10,49,"0304O_13CP_72HR","72HR","R4","256",NA,"256","1:1","5:1",20230609,50747,60,91,0.6,1,0,0.5,1.1,0.2,23547.8,0,NA,56.0039245998668,0.52424535115946,58.0424597315849,-110.291019463449,672.047095198402,6.29094421391352,24.4289815769401,27.7454545454545,-0.314456864368751,678.338039412315,653.909057835375,6.60540107828227,0.0052343431798962,3.45749360845858e-08,4.15244982375875e-07,0.000415244982375875,0.0411076408500069,1.95,0.000212946144808141,0.021080841461542
"401","3","8","M","12CG",12,40,"0308M_12CG_96HR","96HR","R4","A3",NA,"A3","1:1","5:1",20230621,215353,90,339.7997487,0.200258097,3.810142645,0.00590817,-8.778378162,0.84807684,0.373884825,24089.35382,0,"",353.701521304732,3.86057397585734,358.616413249938,-121.262243274581,4244.41825565679,46.326887710288,67.0347578488204,20.9810097159091,0.0668402807052713,4290.74514336707,4223.71038551825,46.2600474295828,0.0052343431798962,2.42140963764711e-07,2.90811297481418e-06,0.00290811297481418,0.265521279300033,9.96,0.000291979214338773,0.0266587629819311
"402","3","8","M","12CG",11,173,"0308M_12CG_72HR","72HR","R4","59",NA,"59","1:1","5:1",20230617,10850,44,570.4,7.9,6.4,0.1,-9.4,0.5,0.5,27601.2,0,NA,629.622783163901,6.93536992713931,637.186037461178,-121.997280388989,7555.47339796681,83.2244391256718,735.983183544067,16.8769230769231,7.49645481794392,7638.69783709248,6902.71465354841,75.7279843077278,0.0052343431798962,3.96386258188441e-07,4.76059896084318e-06,0.00476059896084318,0.433935440208544,9.96,0.000477971783217187,0.0435678152819823
"403","3","8","M","12CG",9,203,"0308M_12CG_48HR","48HR","R4","73","","73","1:1","5:1",20230607,112201,83,879.18,0.83,9.83,0.01,-10.61,0.21,0.31,23710.57,0,NA,999.088847301161,11.0076212781784,1010.15306799533,-123.428045613222,11989.0661676139,132.09145533814,15.0157647633764,77.7772727272727,-0.0683732947856857,12121.1576229521,12106.1418581887,132.159828632926,0.0052343431798962,6.91769897661007e-07,8.30815647090869e-06,0.00830815647090869,0.761046089853893,9.96,0.000834152256115331,0.0764102499853306
"404","3","8","M","12CG",6,86,"0308M_12CG_24HR","24HR","R4","47","","47","1:1","5:1",20221220,144600,86,686.4436704,0.66064482,7.639641258,0.006469979,-11.82730067,0.99100119,0.129900838,23280.74955,0,"",768.47309137923,8.40712817428049,777.2930439001,-124.867443519066,9221.67709655076,100.885538091366,424.976165308335,1.2062514755,4.58384078912491,9322.56263464213,8897.5864693338,96.301697302241,0.0052343431798962,5.04076132486413e-07,6.05395435116182e-06,0.00605395435116182,0.559341982850061,9.96,0.00060782674208452,0.0561588336194841
"405","3","8","M","12CP",14,198,"0308M_12CP_96HR","96HR","R4","32",NA,"32","1:1","5:1",20230624,60349,77,177.1553957,0.555022066,1.9656816,0.007704487,-17.88670317,0.686234219,0.309299957,24024.19245,0,"",159.091867321116,1.67074628418382,162.11756782395,-132.032387631981,1909.10240785339,20.0489554102058,6.26500140855833,27.9244593812222,-0.56970687437247,1929.15136326359,1922.88636185504,20.6186622845783,0.0052343431798962,1.07925154307865e-07,1.29618110323746e-06,0.00129618110323746,0.120881215837835,9.95,0.000130269457611805,0.0121488659133502
"406","3","8","M","12CP",11,156,"0308M_12CP_72HR","72HR","R4","82",NA,"82","1:1","5:1",20230616,205156,27,246.8,9.8,2.8,0.1,-13.8,1.4,0.5,27611.3,0,NA,242.424070958391,2.66128687648608,246.311906617278,-127.200063022562,2909.08885150069,31.9354425178329,735.983183544067,16.8769230769231,7.49645481794392,2941.02429401853,2205.04111047446,24.438987699889,0.0052343431798962,1.27922048590481e-07,1.53634380357168e-06,0.00153634380357168,0.138618722195013,9.95,0.000154406412419264,0.0139315298688455
"407","3","8","M","12CP",6,60,"0308M_12CP_24HR","24HR","R4","40","","40","1:1","5:1",20221220,81544,60,309.550661,0.44100182,3.419841269,0.005818397,-18.91115826,1.423584874,0.120588055,23317.33354,0,"",317.507430443077,3.39719050479949,322.014504403148,-133.243755166329,3810.08916531693,40.7662860575939,424.976165308335,1.2062514755,4.58384078912491,3850.85545137452,3425.87928606619,36.182445268469,0.0052343431798962,1.89391335622978e-07,2.27458994083197e-06,0.00227458994083197,0.21536605679278,9.95,0.000228602004103715,0.0216448298284201
"408","3","8","M","12CP",9,189,"0308M_12CP_48HR","48HR","R4","271","","271","1:1","5:1",20230607,75148,69,211.6,0.44,2.35,0.01,-17.04,0.92,0.41,23703.95,0,NA,200.306040458904,2.12702649515442,203.724306481015,-131.03120296183,2403.67248550685,25.5243179418531,15.0157647633764,77.7772727272727,-0.0683732947856857,2429.1968034487,2414.18103868533,25.5926912366388,0.0052343431798962,1.33960928829689e-07,1.60887075524457e-06,0.00160887075524457,0.151766191179076,9.95,0.000161695553290911,0.0152528835355855
"409","3","8","M","13CG",11,140,"0308M_13CG_72HR","72HR","R4","204",NA,"204","1:1","5:1",20230616,165146,11,761.7,21.3,32.5,1.7,2766.4,87.5,0.6,27676,0,NA,858.519920509123,37.9224720443753,896.892749091569,3160.24909103654,10302.2390461095,455.069664532503,735.983183544067,16.8769230769231,7.49645481794392,10757.308710642,10021.3255270979,447.573209714559,0.0052343431798962,2.34275177777365e-06,2.81364488510616e-05,0.0281364488510616,0.629985233684678,10.03,0.00280522919751362,0.0628100930892002
"410","3","8","M","13CG",7,56,"0308M_13CG_48HR","48HR","R4","40","","40","1:1","5:1",20230603,50127,76,785.48,1.01,37.19,0.08,3187.46,4.65,0.36,23784.5,0,NA,886.973521795424,43.490652463143,930.903099046111,3658.13174005752,10643.6822615451,521.887829557715,252.991137831703,20.2071428571429,2.26109448044047,11165.5700911028,10912.5789532711,519.626735077275,0.0052343431798962,2.71990465684346e-06,3.266605492869e-05,0.03266605492869,0.686013400461792,10.03,0.00325683498790528,0.068396151591405
"411","3","8","M","13CG",12,83,"0308M_13CG_96HR","96HR","R4","219",NA,"219","1:1","5:1",20230622,85422,134,257.8431091,0.320139561,8.346672706,0.009334801,1864.633433,5.99757983,0.340476736,24105.13383,0,"",255.637537034611,9.24654793210705,266.130111214803,2093.95467414461,3067.65044441534,110.958575185285,67.0347578488204,20.9810097159091,0.0668402807052713,3178.60901960062,3111.5742617518,110.891734904579,0.0052343431798962,5.80445396304642e-07,6.97114920961875e-06,0.00697114920961875,0.19560744066405,10.03,0.000695029831467473,0.019502237354342
"412","3","8","M","13CG",6,32,"0308M_13CG_24HR","24HR","R4","89","","89","1:1","5:1",20221220,11525,32,688.0926089,0.561604954,30.03786936,0.044860746,2875.054774,4.463398169,0.144288646,23387.3531,0,"",770.446103937036,34.9993190341203,806.019863413593,3288.727993587,9245.35324724444,419.991828409443,424.976165308335,1.2062514755,4.58384078912491,9665.34507565388,9240.36891034555,415.407987620318,0.0052343431798962,2.17438796687482e-06,2.61143994821665e-05,0.0261143994821665,0.580890816446961,10.03,0.00260362906103355,0.0579153356377827
"413","3","8","M","13CP",6,36,"0308M_13CP_24HR","24HR","R4","68","","68","1:1","5:1",20221220,21528,36,522.2240453,0.420829139,6.534455852,0.005342938,110.9032336,1.116061462,0.135272314,23383.70001,0,"",571.978569260591,7.09500200438774,579.795514519093,20.2553501875502,6863.74283112709,85.1400240526529,424.976165308335,1.2062514755,4.58384078912491,6948.88285517975,6523.90668987141,80.556183263528,0.0052343431798962,4.21658708463916e-07,5.06412108865163e-06,0.00506412108865163,0.410121881525775,9.93,0.000509981982744374,0.04130129723321
"414","3","8","M","13CP",8,89,"0308M_13CP_48HR","48HR","R4","32","x","32","1:1","5:1",20230605,204453,58,317.28,0.2,3.96,0,104.47,0.52,0.29,23747.45,0,NA,326.755854753954,4.0384914150299,331.89327194019,12.6483692666867,3921.07025704745,48.4618969803588,83.7209787008222,21.8485714285714,0.266522390135628,3969.53215402781,3885.81117532699,48.1953745902231,0.0052343431798962,2.52271130288877e-07,3.02977627476941e-06,0.00302977627476941,0.244279427379486,9.93,0.00030511342142693,0.0246001437441577
"415","3","8","M","13CP",14,228,"0308M_13CP_96HR","96HR","R4","11",NA,"11","1:1","5:1",20230624,133408,107,267.841731,0.294646576,3.246305016,0.005230003,73.47492767,0.431680881,0.274754843,24036.57315,0,"",267.601237663505,3.19116040546028,271.981580826619,-24.0017725616922,3211.21485196205,38.2939248655233,6.26500140855833,27.9244593812222,-0.56970687437247,3249.50877682758,3243.24377541902,38.8636317398958,0.0052343431798962,2.03425585743721e-07,2.44314128478209e-06,0.00244314128478209,0.20388477374863,9.93,0.000246036383160331,0.020532202794424
"416","3","8","M","13CP",10,18,"0308M_13CP_72HR","72HR","R4","208",NA,"208","1:1","5:1",20230608,212220,29,295.8,0.4,3.6,0,87.4,0.3,0.2,23663.4,0,NA,301.054283869608,3.61108310996457,305.803140468214,-7.53606245037998,3612.6514064353,43.3329973195749,24.4289815769401,27.7454545454545,-0.314456864368751,3655.98440375488,3631.55542217794,43.6474541839436,0.0052343431798962,2.28465754127557e-07,2.74387370707196e-06,0.00274387370707196,0.228295776351471,9.93,0.000276321622061628,0.0229905112136426
"417","3","8","O","12CG",6,62,"0308O_12CG_24HR","24HR","R4","21","x","21","1:1","5:1",20221220,84545,62,542.197613,0.426820199,6.002023465,0.005091776,-16.9584292,0.83808075,0.120970747,23228.50332,0,"",595.877641237073,6.46287415969453,603.019954824984,-130.934749520546,7150.53169484488,77.5544899163344,424.976165308335,1.2062514755,4.58384078912491,7228.08618476121,6803.11001945288,72.9706491272095,0.0052343431798962,3.81953419591607e-07,4.5872605692952e-06,0.0045872605692952,0.427673848514204,2.06,0.00222682551907534,0.207608664327283
"418","3","8","O","12CG",10,12,"0308O_12CG_72HR","72HR","R4","212",NA,"212","1:1","5:1",20230608,195215,23,349.2,0.2,3.9,0,-18.4,0.6,0.2,23581.6,0,NA,364.949250593262,3.96725669751901,369.953326367717,-132.639335775843,4379.39100711914,47.6070803702281,24.4289815769401,27.7454545454545,-0.314456864368751,4426.99808748937,4402.56910591243,47.9215372345969,0.0052343431798962,2.50837771594054e-07,3.01256163684459e-06,0.00301256163684459,0.276765136458389,2.06,0.00146240856157504,0.134352007989509
"419","3","8","O","12CG",9,242,"0308O_12CG_48HR","48HR","R4","215","","215","1:1","5:1",20230607,210739,122,393.26,0.18,4.35,0,-20.42,0.39,0.24,23642.39,0,NA,417.668580815063,4.50151707885066,423.125109875853,-135.027885984893,5012.02296978075,54.018204946208,15.0157647633764,77.7772727272727,-0.0683732947856857,5066.04117472696,5051.02540996358,54.0865782409937,0.0052343431798962,2.83107711939667e-07,3.4001236203954e-06,0.0034001236203954,0.317529992877565,2.06,0.00165054544679388,0.154140773241536
"420","3","8","O","12CG",14,240,"0308O_12CG_96HR","96HR","R4","80",NA,"80","1:1","5:1",20230624,163417,119,327.2815596,0.210737403,3.617171418,0.004813923,-21.88358163,0.449153668,0.316498118,24053.8703,0,"",338.723070443592,3.63146979513943,343.431621853747,-136.758498959297,4064.6768453231,43.5776375416732,6.26500140855833,27.9244593812222,-0.56970687437247,4108.25448286478,4101.98948145622,44.1473444160456,0.0052343431798962,2.31082351154657e-07,2.77529903736743e-06,0.00277529903736743,0.257869360201858,2.06,0.00134723254241137,0.125179301068863
"421","3","8","O","12CP",12,26,"0308O_12CP_96HR","96HR","R4","877",NA,"877","1:1","5:1",20230621,182344,76,387.2532364,0.193472207,4.285567545,0.004031844,-20.33456156,0.36001753,0.299306641,24260.29321,0,"",410.481278186994,4.4250199500097,415.872440312341,-134.926859250376,4925.77533824393,53.1002394001164,67.0347578488204,20.9810097159091,0.0668402807052713,4978.87557764405,4911.84081979523,53.0333991194111,0.0052343431798962,2.77595010987403e-07,3.3339160819587e-06,0.0033339160819587,0.308780228554929,1.99,0.00167533471455211,0.155165943997452
"422","3","8","O","12CP",6,110,"0308O_12CP_24HR","24HR","R4","42","","42","1:1","5:1",20221220,204616,110,532.1579977,0.425704085,5.873960408,0.005072463,-20.56882254,1.018297741,0.16703339,23273.7111,0,"",583.864890572058,6.31083189821161,590.873614847928,-135.203861286392,7006.3786868647,75.7299827785393,424.976165308335,1.2062514755,4.58384078912491,7082.10866964324,6657.13250433491,71.1461419894144,0.0052343431798962,3.72403323098218e-07,4.47256391040959e-06,0.00447256391040959,0.418497050621986,1.99,0.00224751955296965,0.210300025438184
"423","3","8","O","12CP",9,241,"0308O_12CP_48HR","48HR","R4","204","x","204","1:1","5:1",20230607,205238,121,390.46,0.65,4.32,0.01,-19.92,0.43,0.23,23566.48,0,NA,414.318282934422,4.46589972009522,419.744383132918,-134.436660685623,4971.81939521306,53.5907966411427,15.0157647633764,77.7772727272727,-0.0683732947856857,5025.4101918542,5010.39442709083,53.6591699359283,0.0052343431798962,2.80870510193018e-07,3.37325482741814e-06,0.00337325482741814,0.314975748015374,1.99,0.00169510292835082,0.158279270359484
"424","3","8","O","12CP",11,182,"0308O_12CP_72HR","72HR","R4","206",NA,"206","1:1","5:1",20230617,32453,53,416.9,0.9,4.6,0,-19.5,1.2,0.5,27590,0,NA,445.954667207332,4.79832840181269,451.664177681051,-133.940031434236,5351.45600648798,57.5799408217523,735.983183544067,16.8769230769231,7.49645481794392,5409.03594730973,4673.05276376567,50.0834860038084,0.0052343431798962,2.62154153389461e-07,3.14847138220743e-06,0.00314847138220743,0.293768945978376,1.99,0.00158214642321981,0.147622585918782
"425","3","8","O","13CG",6,1,"0308O_13CG_24HR","24HR","R4","82","","82","1:1","5:1",20221219,173005,1,755.8772894,0.591939905,18.18330899,0.025139695,1134.124146,2.116363427,0.178373387,23705.22778,0,"",851.552843729564,20.9250480479084,872.834157710075,1230.16353049291,10218.6341247548,251.100576574901,424.976165308335,1.2062514755,4.58384078912491,10469.7347013297,10044.7585360213,246.516735785776,0.0052343431798962,1.29035319469055e-06,1.54971418682335e-05,0.0154971418682335,0.631458337174096,2.04,0.00759663817070271,0.309538400575537
"426","3","8","O","13CG",10,69,"0308O_13CG_72HR","72HR","R4","267",NA,"267","1:1","5:1",20230609,100805,80,361.4,0.2,5,0,232.4,0.4,0.2,23611.7,0,NA,379.546977073198,5.27322651855194,385.841547456421,163.919274337826,4554.56372487837,63.2787182226233,24.4289815769401,27.7454545454545,-0.314456864368751,4617.84244310099,4593.41346152405,63.5931750869921,0.0052343431798962,3.32868502304542e-07,3.99775071267755e-06,0.00399775071267755,0.288762464121509,2.04,0.00195968172190076,0.141550227510544
"427","3","8","O","13CG",9,193,"0308O_13CG_48HR","48HR","R4","263","x","263","1:1","5:1",20230607,85151,73,278.53,0.39,4.15,0,316.04,1.03,0.45,23708.68,0,NA,280.390125155798,4.26406802048104,285.829376813843,262.819442399657,3364.68150186957,51.1688162457725,15.0157647633764,77.7772727272727,-0.0683732947856857,3415.85031811535,3400.83455335197,51.2371895405582,0.0052343431798962,2.68193033628669e-07,3.22099833388032e-06,0.00322099833388032,0.213791633155021,2.04,0.00157892075190212,0.10479982017403
"428","3","8","O","13CG",12,56,"0308O_13CG_96HR","96HR","R4","290",NA,"290","1:1","5:1",20230622,15403,106,368.0970266,0.204794113,4.896009682,0.004556112,176.9955672,0.462132718,0.325972204,24097.40392,0,"",387.560203510546,5.14976450310865,393.717608967267,98.4062696117326,4650.72244212656,61.7971740373039,67.0347578488204,20.9810097159091,0.0668402807052713,4712.51961616386,4645.48485831504,61.7303337565986,0.0052343431798962,3.23117751491568e-07,3.88064419541373e-06,0.00388064419541373,0.292035904445043,2.04,0.00190227656637928,0.143154855120119
"429","3","8","O","13CP",12,33,"0308O_13CP_96HR","96HR","R4","593",NA,"593","1:1","5:1",20230621,200849,83,364.6282554,0.17163506,4.139928812,0.004310725,5.31632205,0.316077895,0.287384884,24163.7861,0,"",383.409697510622,4.25211104994472,388.670587632288,-104.595956572669,4600.91637012746,51.0253325993367,67.0347578488204,20.9810097159091,0.0668402807052713,4651.9417027268,4584.90694487798,50.9584923186314,0.0052343431798962,2.66734236725821e-07,3.20347818307711e-06,0.00320347818307711,0.288227706532543,2,0.00160173909153856,0.144113853266271
"430","3","8","O","13CP",10,21,"0308O_13CP_72HR","72HR","R4","9",NA,"9","1:1","5:1",20230608,220722,32,383.2,0.2,4.4,0,19.2,0.5,0.2,23658.7,0,NA,405.631439143903,4.56087934344307,411.167132951197,-88.1791932707636,4867.57726972683,54.7305521213169,24.4289815769401,27.7454545454545,-0.314456864368751,4922.30782184815,4897.87884027121,55.0450089856856,0.0052343431798962,2.88124467371548e-07,3.4603748531323e-06,0.0034603748531323,0.307902516229413,2,0.00173018742656615,0.153951258114707
"431","3","8","O","13CP",6,53,"0308O_13CP_24HR","24HR","R4","33","x","33","1:1","5:1",20221220,63039,53,446.1777899,0.348111206,5.176539505,0.004935015,29.89130691,1.003217969,0.14372094,23317.52243,0,"",480.986566297268,5.48282221468839,487.328251819519,-75.5372510158663,5771.83879556722,65.7938665762607,424.976165308335,1.2062514755,4.58384078912491,5837.63266214348,5412.65649683514,61.2100257871358,0.0052343431798962,3.20394281020165e-07,3.84793531505218e-06,0.00384793531505218,0.340263736448152,2,0.00192396765752609,0.170131868224076
"432","3","8","O","13CP",9,222,"0308O_13CP_48HR","48HR","R4","68","","68","1:1","5:1",20230607,160720,102,396.04,0.22,4.56,0,19.27,0.35,0.24,23705.61,0,NA,420.994947996556,4.75083859013877,426.696973113088,-88.0964217288659,5051.93937595868,57.0100630816652,15.0157647633764,77.7772727272727,-0.0683732947856857,5108.94943904034,5093.93367427696,57.0784363764509,0.0052343431798962,2.98768124166215e-07,3.58820517123624e-06,0.00358820517123624,0.32022739781141,2,0.00179410258561812,0.160113698905705
"433","4","16","O","12CG",4,22,"0416O_12CG_24HR","24HR","R3",NA,"",NA,"1:1","5:1",20221216,44546,22,1174.857222,1.294754401,12.95947323,0.012075212,-21.75922382,0.904147805,0.198896069,23300.88171,0,"",1352.87697952274,14.7230736364606,1367.10846924339,-136.61145199243,16234.5237542729,176.676883637527,793.916531272768,48.7361922282857,9.27033442006797,16411.2006379104,15617.2841066376,167.406549217459,0.0052343431798962,8.76263329166365e-07,1.0523922583288e-05,0.010523922583288,0.98177215687048,1.5,0.00701594838885869,0.654514771246987
"434","4","16","O","12CG",10,91,"0416O_12CG_72HR","72HR","R3","39",NA,"39","1:1","5:1",20230609,153827,102,811,0.7,8.9,0,-22.6,0.2,0.2,23553.4,0,NA,917.509093907552,9.90348315675962,927.594048488538,-137.605628289708,11010.1091268906,118.841797881115,24.4289815769401,27.7454545454545,-0.314456864368751,11128.9509247717,11104.5219431948,119.156254745484,0.0052343431798962,6.23704729368999e-07,7.49069379972167e-06,0.00749069379972167,0.698079793179426,1.5,0.00499379586648112,0.465386528786284
"435","4","16","O","12CG",9,138,"0416O_12CG_48HR","48HR","R3","19","","19","1:1","5:1",20230606,190606,18,847.53,0.97,9.36,0.01,-22.95,0.19,0.34,23763.04,0,NA,961.218515900344,10.4496159910098,971.782416764565,-138.019485999197,11534.6221908041,125.395391892117,15.0157647633764,77.7772727272727,-0.0683732947856857,11660.0175826962,11645.0018179329,125.463765186903,0.0052343431798962,6.56720403630162e-07,7.88721204759825e-06,0.00788721204759825,0.732056769505364,1.5,0.0052581413650655,0.488037846336909
"436","4","16","O","12CG",14,188,"0416O_12CG_96HR","96HR","R3","19",NA,"19","1:1","5:1",20230624,33343,67,723.1581747,0.761025666,7.974046154,0.006577764,-23.28601782,0.227334672,0.266741562,24056.82923,0,"",812.403279216757,8.80414881262745,821.55178528366,-138.416810471576,9748.83935060108,105.649785751529,6.26500140855833,27.9244593812222,-0.56970687437247,9854.48913635261,9848.22413494406,106.219492625902,0.0052343431798962,5.55989276798424e-07,6.67743121434907e-06,0.00667743121434907,0.619103307866351,1.5,0.00445162080956605,0.412735538577567
"437","4","16","O","12CP",4,21,"0416O_12CP_24HR","24HR","R3",NA,"",NA,"1:1","5:1",20221216,43045,21,939.1003578,0.987931456,10.35733724,0.009281559,-22.35206203,0.873001402,0.224867109,23361.89687,0,"",1070.78565006709,11.6336999335846,1082.36407123579,-137.312453888681,12849.427800805,139.604399203015,793.916531272768,48.7361922282857,9.27033442006797,12989.032200008,12195.1156687353,130.334064782947,0.0052343431798962,6.82213223104766e-07,8.19338080948824e-06,0.00819338080948824,0.766639380549564,1.49,0.00549891329495855,0.514523074194338
"438","4","16","O","12CP",10,32,"0416O_12CP_72HR","72HR","R3","35",NA,"35","1:1","5:1",20230609,5233,43,715,0.5,8,0,-12.5,0.3,0.2,23534.4,0,NA,802.641737999861,8.83496239409631,811.837009127982,-125.662877244461,9631.70085599833,106.019548729156,24.4289815769401,27.7454545454545,-0.314456864368751,9737.72040472748,9713.29142315054,106.334005593524,0.0052343431798962,5.56588676969509e-07,6.6846300104038e-06,0.0066846300104038,0.610620835588498,1.49,0.00448632886604282,0.409812641334563
"439","4","16","O","12CP",7,66,"0416O_12CP_48HR","48HR","R3","45","","45","1:1","5:1",20230603,73134,86,678.97,0.74,7.49,0.01,-23.92,0.21,0.36,23730.15,0,NA,759.530583485756,8.22946729525376,768.186212242175,-139.16646307978,9114.36700182907,98.7536075430452,252.991137831703,20.2071428571429,2.26109448044047,9213.12060937211,8960.12947154041,96.4925130626047,0.0052343431798962,5.0507492766029e-07,6.06594988120008e-06,0.00606594988120008,0.563273715010037,1.49,0.00407110730281884,0.378036050342307
"440","4","16","O","12CP",14,157,"0416O_12CP_96HR","96HR","R3","17",NA,"17","1:1","5:1",20230623,194821,36,731.6460279,0.468542118,8.13690064,0.00824061,-14.95160262,1.208561722,0.259740162,24076.15493,0,"",822.559292283597,8.9974970343873,831.885947410647,-128.561776229861,9870.71150740316,107.969964412648,6.26500140855833,27.9244593812222,-0.56970687437247,9978.68147181581,9972.41647040725,108.53967128702,0.0052343431798962,5.68133888149389e-07,6.82328799667416e-06,0.00682328799667416,0.626910592168918,1.49,0.00457938791723098,0.420745363871757
"441","4","16","O","13CG",7,54,"0416O_13CG_48HR","48HR","R3","95","","95","1:1","5:1",20230603,43125,74,805.29,0.86,9.84,0.01,79.54,0.28,0.42,23773.35,0,NA,910.676879300959,11.0194937310968,921.895791752214,-16.8301241548993,10928.1225516115,132.233924773162,252.991137831703,20.2071428571429,2.26109448044047,11060.3564763847,10807.365338553,129.972830292722,0.0052343431798962,6.80322397814514e-07,8.17067199775231e-06,0.00817067199775231,0.67939920322054,1.5,0.00544711466516821,0.452932802147027
"442","4","16","O","13CG",10,45,"0416O_13CG_72HR","72HR","R3","246",NA,"246","1:1","5:1",20230609,40743,56,785.1,0.7,9.2,0,33.1,0.3,0.2,23603.8,0,NA,886.518838511623,10.2596567443141,897.012209400507,-71.7431299510667,10638.2260621395,123.115880931769,24.4289815769401,27.7454545454545,-0.314456864368751,10761.3419430712,10736.9129614943,123.430337796137,0.0052343431798962,6.46076746835495e-07,7.7593817294943e-06,0.0077593817294943,0.674970252468973,1.5,0.0051729211529962,0.449980168312649
"443","4","16","O","13CG",13,146,"0416O_13CG_96HR","96HR","R3","78",NA,"78","1:1","5:1",20230623,50654,46,798.4427602,0.812562268,9.197141605,0.009445094,18.97377936,0.248769122,0.341638493,24160.39251,0,"",902.483917518752,10.2562631283081,912.948097308735,-88.4466880019336,10829.807010225,123.075157539697,50.4935566101421,79.34086271525,0.320981432927764,10952.8821677647,10902.3886111546,122.754176106769,0.0052343431798962,6.42537484508243e-07,7.716875188944e-06,0.007716875188944,0.685372790091213,1.5,0.005144583459296,0.456915193394142
"444","4","16","O","13CG",4,29,"0416O_13CG_24HR","24HR","R3",NA,"",NA,"1:1","5:1",20221216,63050,29,1195.047454,0.95253231,18.83436154,0.0164872,397.5928482,1.117098195,0.202681263,23343.68985,0,"",1377.03529790819,21.6980071226417,1398.24594249068,359.251656566336,16524.4235748982,260.3760854717,793.916531272768,48.7361922282857,9.27033442006797,16784.7996603699,15990.8831290972,251.105751051632,0.0052343431798962,1.31437367544982e-06,1.57856278421524e-05,0.0157856278421524,1.00525825826816,1.5,0.0105237518947682,0.67017217217877
"445","4","16","O","13CP",10,85,"0416O_13CP_72HR","72HR","R3","930",NA,"930","1:1","5:1",20230609,140822,96,850.1,0.9,9.4,0,-17.3,0.1,0.2,23581,0,NA,964.293610740789,10.4971058026837,974.900330827837,-131.33864011745,11571.5233288895,125.965269632204,24.4289815769401,27.7454545454545,-0.314456864368751,11697.4885985217,11673.0596169447,126.279726496573,0.0052343431798962,6.60991425146493e-07,7.93850701600938e-06,0.00793850701600938,0.733820607933661,1.5,0.00529233801067292,0.489213738622441
"446","4","16","O","13CP",9,214,"0416O_13CP_48HR","48HR","R3","23","","23","1:1","5:1",20230607,140712,94,876.58,0.74,9.76,0.01,-14.02,0.24,0.28,23685.78,0,NA,995.977856411994,10.924514107749,1006.96347774669,-127.460202154241,11951.7342769439,131.094169292988,15.0157647633764,77.7772727272727,-0.0683732947856857,12082.8284462369,12067.8126814735,131.162542587774,0.0052343431798962,6.86549760252158e-07,8.24546262062841e-06,0.00824546262062841,0.758636546796486,1.5,0.00549697508041894,0.505757697864324
"447","4","16","O","13CP",4,24,"0416O_13CP_24HR","24HR","R3",NA,"",NA,"1:1","5:1",20221216,51547,24,1165.713603,1.19629604,13.07668637,0.011814036,-5.180787626,0.7180973,0.199522255,23286.04611,0,"",1341.93631975235,14.8622343850683,1356.32549691707,-117.008270191988,16103.2358370282,178.34681262082,793.916531272768,48.7361922282857,9.27033442006797,16281.582649649,15487.6661183763,169.076478200752,0.0052343431798962,8.85004310550974e-07,1.06289017697172e-05,0.0106289017697172,0.973623791825978,1.5,0.0070859345131448,0.649082527883985
"448","4","16","O","13CP",14,160,"0416O_13CP_96HR","96HR","R3","238",NA,"238","1:1","5:1",20230623,203324,39,805.7304848,0.782118992,8.944389283,0.005801464,-16.92440202,0.511006967,0.276165154,24078.73135,0,"",911.20393476235,9.95618412400988,921.35209692571,-130.894514061189,10934.4472171482,119.474209488119,6.26500140855833,27.9244593812222,-0.56970687437247,11053.9214266363,11047.6564252278,120.043916362491,0.0052343431798962,6.28351054900034e-07,7.54649616934941e-06,0.00754649616934941,0.69450497300936,1.5,0.00503099744623294,0.463003315339574
"449","4","2","O","12CG",9,225,"0402O_12CG_48HR","48HR","R3","20","","20","1:1","5:1",20230607,165222,105,301.91,0.68,3.39,0.01,-3.7,1.51,0.21,23632.36,0,NA,308.36511245915,3.36176159867647,312.851298695533,-115.257311977315,3700.3813495098,40.3411391841176,15.0157647633764,77.7772727272727,-0.0683732947856857,3740.72248869392,3725.70672393054,40.4095124789033,0.0052343431798962,2.11517256046878e-07,2.540322245123e-06,0.002540322245123,0.234214547244198,1.51,0.00168233261266424,0.155108971684899
"450","4","2","O","12CG",11,161,"0402O_12CG_72HR","72HR","R3","202",NA,"202","1:1","5:1",20230616,220724,32,320.9,5.5,3.6,0.1,-15,1.2,0.5,27611.3,0,NA,331.08731129964,3.61108310996457,335.787678011557,-128.619003740809,3973.04773559568,43.3329973195749,735.983183544067,16.8769230769231,7.49645481794392,4016.38073291526,3280.39754937119,35.836542501631,0.0052343431798962,1.87580761834472e-07,2.25284494963201e-06,0.00225284494963201,0.20622042574419,1.51,0.00149195029776954,0.136569818373636
"451","4","2","O","12CG",12,12,"0402O_12CG_96HR","96HR","R3","B3",NA,"B3","1:1","5:1",20230621,145336,62,266.6163159,0.322954382,2.958739645,0.006168136,-17.9249434,0.606230986,0.314999111,24276.68804,0,"",266.134985659063,2.84974977264197,270.174169681796,-132.077604814833,3193.61982790876,34.1969972717036,67.0347578488204,20.9810097159091,0.0668402807052713,3227.81682518046,3160.78206733164,34.1301569909984,0.0052343431798962,1.78648954474619e-07,2.14557394324017e-06,0.00214557394324017,0.19870086286788,1.51,0.00142090989618554,0.131589975409192
"452","4","2","O","12CG",4,28,"0402O_12CG_24HR","24HR","R3",NA,"",NA,"1:1","",20221216,61549,28,3135.222787,2.773213209,34.67464385,0.030811178,-23.18118859,0.634745697,0.43129289,23132.88176,0,"",3698.52290727313,40.5043077167342,3734.90823940814,-138.292855085818,7397.04581454626,81.0086154334685,793.916531272768,48.7361922282857,9.27033442006797,7478.05442997973,6684.13789870696,71.7382810134005,0.0052343431798962,3.7550278195997e-07,4.50978841133924e-06,0.00450978841133924,0.420194730199225,1.51,0.00298661484194651,0.278274655761076
"453","4","2","O","12CP",4,63,"0402O_12CP_24HR","24HR","R3",NA,"",NA,"1:1","",20221216,150113,63,2471.390419,1.765480545,27.34033323,0.012734326,-22.73004266,0.627640745,0.420638484,23109.24735,0,"",2904.22427312624,31.7966819641876,2933.13045164231,-137.759397310861,5808.44854625248,63.5933639283751,793.916531272768,48.7361922282857,9.27033442006797,5872.04191018085,5078.12537890808,54.3230295083072,0.0052343431798962,2.84345379018107e-07,3.41498800200747e-06,0.00341498800200747,0.319233617834381,1.51,0.00226158145828309,0.211412991943299
"454","4","2","O","12CP",14,166,"0402O_12CP_96HR","96HR","R3","191",NA,"191","1:1","5:1",20230623,220328,45,233.1058928,0.329588693,2.586243508,0.00555681,-17.72283568,0.662062493,0.285517198,24083.18649,0,"",226.038592983594,2.40750548775711,229.697529684191,-131.83862242035,2712.46311580313,28.8900658530853,6.26500140855833,27.9244593812222,-0.56970687437247,2741.35318165622,2735.08818024766,29.4597727274578,0.0052343431798962,1.5420256045726e-07,1.8519727510917e-06,0.0018519727510917,0.171939845853955,1.51,0.00122647202059053,0.113867447585401
"455","4","2","O","12CP",9,236,"0402O_12CP_48HR","48HR","R3","203","","203","1:1","5:1",20230607,193734,116,232.56,0.42,2.58,0.01,-17.53,0.38,0.36,23605.48,0,NA,225.385413165417,2.40009291227949,229.037945944898,-131.610603755114,2704.624957985,28.8011149473539,15.0157647633764,77.7772727272727,-0.0683732947856857,2733.42607293236,2718.41030816898,28.8694882421396,0.0052343431798962,1.51112808887337e-07,1.81486483473691e-06,0.00181486483473691,0.170891400405253,1.51,0.00120189724154763,0.113173112851161
"456","4","2","O","12CP",11,234,"0402O_12CP_72HR","72HR","R3","45",NA,"45","1:1","5:1",20230617,163104,105,293.2,8.2,3.3,0.1,-13.6,1.4,0.5,27647.6,0,NA,297.943292980442,3.25490952241014,302.338791509023,-126.963572902854,3575.3195157653,39.0589142689217,735.983183544067,16.8769230769231,7.49645481794392,3614.37843003422,2878.39524649016,31.5624594509777,0.0052343431798962,1.65208744367976e-07,1.98415701985939e-06,0.00198415701985939,0.180948767415412,1.51,0.00131401127143006,0.119833620804908
"457","4","2","O","13CG",12,89,"0402O_13CG_96HR","96HR","R3","2",NA,"2","1:1","5:1",20230622,102426,140,251.0309129,0.331036891,3.078303608,0.005128957,85.24973992,0.443155369,0.320932193,24093.05087,0,"",247.486506144836,2.99170152478842,251.698630588401,-10.0786387689913,2969.83807373803,35.9004182974611,67.0347578488204,20.9810097159091,0.0668402807052713,3005.7384920355,2938.70373418668,35.8335780167558,0.0052343431798962,1.87565244703284e-07,2.25265858888644e-06,0.00225265858888644,0.184740028023794,1.5,0.00150177239259096,0.123160018682529
"458","4","2","O","13CG",10,65,"0402O_13CG_72HR","72HR","R3","255",NA,"255","1:1","5:1",20230609,90802,76,272.5,0.2,3.5,0,136.7,0.4,0.2,23588.9,0,NA,273.175019362846,3.49235858077976,277.84942817681,50.7587520576099,3278.10023235415,41.9083029693571,24.4289815769401,27.7454545454545,-0.314456864368751,3320.00853532351,3295.57955374657,42.2227598337259,0.0052343431798962,2.21008414972058e-07,2.65431106381442e-06,0.00265431106381442,0.207174834275114,1.5,0.00176954070920961,0.138116556183409
"459","4","2","O","13CG",4,40,"0402O_13CG_24HR","24HR","R3",NA,"",NA,"1:1","",20221216,91557,40,2967.303642,3.166000574,58.05649433,0.072494605,728.2025242,1.275474719,0.426678771,23123.69866,0,"",3497.60178026865,68.264299613811,3562.24354084446,750.181265835436,6995.2035605373,136.528599227622,793.916531272768,48.7361922282857,9.27033442006797,7131.73215976492,6337.81562849215,127.258264807554,0.0052343431798962,6.66113430480844e-07,8.00002230007494e-06,0.00800002230007494,0.398423367145353,1.5,0.00533334820004996,0.265615578096902
"460","4","2","O","13CG",8,94,"0402O_13CG_48HR","48HR","R3","95","","95","1:1","5:1",20230605,215956,63,307.55,0.17,4.4,0,266.36,0.71,0.29,23812.31,0,NA,315.113569618727,4.56087934344307,320.795409239885,204.075296664222,3781.36283542472,54.7305521213169,83.7209787008222,21.8485714285714,0.266522390135628,3836.09338754604,3752.37240884522,54.4640297311812,0.0052343431798962,2.85083422573072e-07,3.4238519051026e-06,0.0034238519051026,0.235890871169302,1.5,0.00228256793673506,0.157260580779535
"461","4","2","O","13CP",7,44,"0402O_13CP_48HR","48HR","R3","63","","63","1:1","5:1",20230603,20119,64,299.08,0.3,3.4,0.01,4.14,0.45,0.42,23838.96,0,NA,304.978918529788,3.37363405159495,309.482517983492,-105.986899284766,3659.74702235745,40.4836086191394,252.991137831703,20.2071428571429,2.26109448044047,3700.23063097659,3447.23949314489,38.2225141386989,0.0052343431798962,2.00069756200385e-07,2.40283777196662e-06,0.00240283777196662,0.216708854710246,1.5,0.00160189184797775,0.14447256980683
"462","4","2","O","13CP",10,82,"0402O_13CP_72HR","72HR","R3","213",NA,"213","1:1","5:1",20230609,132319,93,245.2,0.3,2.8,0,15.8,0.5,0.2,23598.2,0,NA,240.509615026596,2.66128687648608,244.400541674276,-92.1995253057974,2886.11538031915,31.9354425178329,24.4289815769401,27.7454545454545,-0.314456864368751,2918.05082283699,2893.62184126005,32.2498993822017,0.0052343431798962,1.68807040883566e-07,2.02737256101163e-06,0.00202737256101163,0.181905979097478,1.5,0.00135158170734108,0.121270652731652
"463","4","2","O","13CP",12,18,"0402O_13CP_96HR","96HR","R3","265",NA,"265","1:1","5:1",20230621,162339,68,257.6233176,0.303572072,2.929423184,0.00857416,6.230594863,1.37601159,0.310593672,24268.12339,0,"",255.374548821528,2.81494394234607,259.396084594981,-103.514874137709,3064.49458585834,33.7793273081528,67.0347578488204,20.9810097159091,0.0668402807052713,3098.27391316649,3031.23915531767,33.7124870274476,0.0052343431798962,1.76462726549459e-07,2.119317345859e-06,0.002119317345859,0.190557217451249,1.5,0.00141287823057267,0.127038144967499
"464","4","2","O","13CP",4,38,"0402O_13CP_24HR","24HR","R3",NA,"",NA,"1:1","",20221216,84556,38,2245.559203,1.726048636,25.60495724,0.0176495,7.209427609,0.715152769,0.424781151,23126.75144,0,"",2634.00932871646,29.7363649904738,2661.27869781223,-102.357452771331,5268.01865743292,59.4727299809476,793.916531272768,48.7361922282857,9.27033442006797,5327.49138741387,4533.5748561411,50.2023955608796,0.0052343431798962,2.62776566818541e-07,3.15594656749068e-06,0.00315594656749068,0.28500074241178,1.5,0.00210396437832712,0.190000494941187
"465","4","4","O","12CG",13,133,"0404O_12CG_96HR","96HR","R3","972",NA,"972","1:1","5:1",20230623,15144,33,321.0792919,0.198949192,3.550466394,0.004618497,-20.42812736,0.455630473,0.258938928,24193.06661,0,"",331.301840325564,3.55227456945281,335.942687670442,-135.037496186589,3975.62208390677,42.6272948334338,50.4935566101421,79.34086271525,0.320981432927764,4018.2493787402,3967.75582213006,42.306313400506,0.0052343431798962,2.2144576301449e-07,2.65956361380402e-06,0.00265956361380402,0.249430833480989,1.51,0.00176130040649273,0.165185982437741
"466","4","4","O","12CG",4,27,"0404O_12CG_24HR","24HR","R3",NA,"",NA,"1:1","",20221216,60048,27,3990.486232,4.373727073,44.17111426,0.045207046,-22.00417963,0.658324541,0.411183805,23072.54544,0,"",4721.87551697785,51.7789475001817,4767.95310592565,-136.90110013658,9443.7510339557,103.557895000363,793.916531272768,48.7361922282857,9.27033442006797,9547.30892895607,8753.3923976833,94.2875605802955,0.0052343431798962,4.93533449672519e-07,5.92733673056696e-06,0.00592733673056696,0.550277300171203,1.51,0.00392538856328938,0.364422053093512
"467","4","4","O","12CG",10,116,"0404O_12CG_72HR","72HR","R3","218",NA,"218","1:1","5:1",20230609,215350,127,378.3,0.2,4.2,0,-18.5,0.3,0.2,23635.6,0,NA,399.768417852781,4.32343028507345,405.074657195378,-132.757580835697,4797.22101423337,51.8811634208814,24.4289815769401,27.7454545454545,-0.314456864368751,4849.10217765425,4824.67319607731,52.1956202852501,0.0052343431798962,2.73209789060551e-07,3.28124956661721e-06,0.00328124956661721,0.303300482821774,1.51,0.00217301295802464,0.200861246901837
"468","4","4","O","12CG",8,101,"0404O_12CG_48HR","48HR","R3","36","","36","1:1","5:1",20230605,234500,71,442.36,0.22,4.89,0,-20.51,0.43,0.29,23818.24,0,NA,476.418447222017,5.14262953644865,482.425207232488,-135.134306538761,5717.02136666421,61.7115544373838,83.7209787008222,21.8485714285714,0.266522390135628,5778.73292110159,5695.01194240077,61.4450320472482,0.0052343431798962,3.21624384435017e-07,3.86270885706455e-06,0.00386270885706455,0.358013859510796,1.51,0.00255808533580434,0.237095271199202
"469","4","4","O","12CP",8,86,"0404O_12CP_48HR","48HR","R3","5","","5","1:1","5:1",20230605,195951,55,366.68,0.19,4.06,0,-20.55,0.41,0.28,23768.78,0,NA,385.864681648121,4.15721594421471,391.026124864314,-135.181604562703,4630.37617977745,49.8865913305765,83.7209787008222,21.8485714285714,0.266522390135628,4680.26277110802,4596.5417924072,49.6200689404409,0.0052343431798962,2.59728469444376e-07,3.11933891802695e-06,0.00311933891802695,0.288959124958156,1.51,0.00206578736293176,0.191363658912686
"470","4","4","O","12CP",4,51,"0404O_12CP_24HR","24HR","R3",NA,"",NA,"1:1","",20221216,120104,51,3184.866457,2.973322258,35.22615868,0.025608396,-22.79670341,0.703408794,0.412960514,23080.11757,0,"",3757.92329384036,41.1590911020362,3794.87156227787,-137.838220354598,7515.84658768072,82.3181822040723,793.916531272768,48.7361922282857,9.27033442006797,7598.16476988479,6804.24823861202,73.0478477840043,0.0052343431798962,3.82357503854299e-07,4.59211362129013e-06,0.00459211362129013,0.427745402048816,1.51,0.00304113484853651,0.28327510069458
"471","4","4","O","12CP",12,80,"0404O_12CP_96HR","96HR","R3","403",NA,"403","1:1","5:1",20230622,75419,130,336.3262134,0.268802009,3.739462816,0.00496967,-17.44628964,0.233606642,0.398900621,24026.97129,0,"",349.545314892617,3.77665968164846,354.382482907421,-131.511620389828,4194.54377871141,45.3199161797815,67.0347578488204,20.9810097159091,0.0668402807052713,4239.86369489119,4172.82893704237,45.2530758990762,0.0052343431798962,2.36870129201654e-07,2.84481025171187e-06,0.00284481025171187,0.262322644436649,1.51,0.00188398029914693,0.173723605587185
"472","4","4","O","12CP",11,220,"0404O_12CP_72HR","72HR","R3","129",NA,"129","1:1","5:1",20230617,125924,91,344.2,4,3.8,0.1,-18.2,1.1,0.4,27591.8,0,NA,358.966575806403,3.8485321683342,363.860850611898,-132.402845656135,4307.59890967683,46.1823860200104,735.983183544067,16.8769230769231,7.49645481794392,4353.78129569684,3617.79811215278,38.6859312020665,0.0052343431798962,2.0249544014547e-07,2.4319702361471e-06,0.0024319702361471,0.227430930463805,1.51,0.0016105763153292,0.15061651024093
"473","4","4","O","13CG",10,105,"0404O_13CG_72HR","72HR","R3","6",NA,"6","1:1","5:1",20230609,190841,116,328,0.2,4.2,0,145.4,0.4,0.2,23604,0,NA,339.58270949698,4.32343028507345,344.986121799754,61.0460722649023,4074.99251396376,51.8811634208814,24.4289815769401,27.7454545454545,-0.314456864368751,4126.87367738464,4102.4446958077,52.1956202852501,0.0052343431798962,2.73209789060551e-07,3.28124956661721e-06,0.00328124956661721,0.257897977006972,1.5,0.00218749971107814,0.171931984671315
"474","4","4","O","13CG",8,73,"0404O_13CG_48HR","48HR","R3","202","","202","1:1","5:1",20230605,164443,2,385.59,0.15,5.55,0,268.71,0.68,0.5,23927.22,0,NA,408.491157692021,5.92621142906841,415.396027887588,206.85405557079,4901.89389230425,71.1145371488209,83.7209787008222,21.8485714285714,0.266522390135628,4973.00842945307,4889.28745075225,70.8480147586853,0.0052343431798962,3.70842822861309e-07,4.45382230256433e-06,0.00445382230256433,0.307362423152989,1.5,0.00296921486837622,0.204908282101993
"475","4","4","O","13CG",4,52,"0404O_13CG_24HR","24HR","R3",NA,"",NA,"1:1","",20221216,121605,52,3682.02479,3.744180963,71.88400247,0.082363376,724.7131872,1.342368478,0.41814499,23107.0814,0,"",4352.79061862354,84.6809435510175,4432.5700162302,746.055297211281,8705.58123724708,169.361887102035,793.916531272768,48.7361922282857,9.27033442006797,8874.94312434912,8081.02659307635,160.091552681967,0.0052343431798962,8.37974126939847e-07,1.00640692645476e-05,0.0100640692645476,0.508009385872688,1.5,0.00670937950969838,0.338672923915125
"476","4","4","O","13CG",13,150,"0404O_13CG_96HR","96HR","R3","E3",NA,"E3","1:1","5:1",20230623,60658,50,290.1452591,0.216855064,3.565335561,0.004800586,88.47478242,0.394161305,0.268364278,24164.81571,0,"",294.288188707878,3.56992791796727,299.006559273531,-6.26518533455142,3531.45826449454,42.8391350156072,50.4935566101421,79.34086271525,0.320981432927764,3574.29739951015,3523.80384290001,42.5181535826795,0.0052343431798962,2.22554607227277e-07,2.6728808327996e-06,0.0026728808327996,0.221522031334632,1.5,0.00178192055519973,0.147681354223088
"477","4","4","O","13CP",13,115,"0404O_13CP_96HR","96HR","R3","212",NA,"212","1:1","5:1",20230622,212127,15,399.8196693,0.191901418,4.478055404,0.004229986,-7.769648223,0.293748744,0.258408852,24277.14958,0,"",425.517454441311,4.65355025434537,431.114286468149,-120.069469954446,5106.20945329573,55.8426030521445,50.4935566101421,79.34086271525,0.320981432927764,5162.05205634788,5111.55849973774,55.5216216192167,0.0052343431798962,2.90619221459324e-07,3.49033684972648e-06,0.00349033684972648,0.321335372974629,1.51,0.00231148135743476,0.212804882764655
"478","4","4","O","13CP",11,231,"0404O_13CP_72HR","72HR","R3","239",NA,"239","1:1","5:1",20230617,154543,102,422.9,1,4.8,0,-2.6,0.3,0.5,27631.3,0,NA,453.133876951562,5.03577746018232,459.070716835183,-113.956616318921,5437.60652341875,60.4293295221878,735.983183544067,16.8769230769231,7.49645481794392,5498.03585294094,4762.05266939687,52.9328747042439,0.0052343431798962,2.77068831700459e-07,3.32759666872251e-06,0.00332759666872251,0.299363877127491,1.51,0.00220370640312749,0.198254223263239
"479","4","4","O","13CP",4,32,"0404O_13CP_24HR","24HR","R3",NA,"",NA,"1:1","",20221216,71552,32,3849.649238,4.529583642,43.76938731,0.049723154,4.454090069,0.669908541,0.416921294,23100.21625,0,"",4553.35913036569,51.3019990701857,4599.22889353923,-105.615503294682,9106.71826073138,102.603998140371,793.916531272768,48.7361922282857,9.27033442006797,9209.32225887175,8415.40572759899,93.3336637203035,0.0052343431798962,4.88540426149096e-07,5.86737051805064e-06,0.00586737051805064,0.529029950131569,1.51,0.00388567583976864,0.350350960352032
"480","4","4","O","13CP",7,13,"0404O_13CP_48HR","48HR","R3","15","","15","1:1","5:1",20230602,181559,13,545.56,0.41,6.21,0.01,3.88,0.25,0.47,23822.35,0,NA,599.900854822786,6.70979332168817,607.285122134091,-106.294336440387,7198.81025787343,80.517519860258,252.991137831703,20.2071428571429,2.26109448044047,7279.32777773368,7026.33663990198,78.2564253798176,0.0052343431798962,4.09620986469904e-07,4.91954804750354e-06,0.00491954804750354,0.441706869821416,1.51,0.00325797883940632,0.292521105841997
"481","5","12","M","12CG",12,68,"0512M_12CG_96HR","96HR","R3","68",NA,"68","1:1","5:1",20230622,45411,118,382.2447314,0.236822943,4.233684272,0.00541874,-19.47225999,0.476804682,0.297168458,24075.88349,0,"",404.488426870323,4.36342177841478,409.827284847972,-133.907230242809,4853.86112244387,52.3610613409773,67.0347578488204,20.9810097159091,0.0668402807052713,4906.22218378485,4839.18742593603,52.2942210602721,0.0052343431798962,2.73725899354819e-07,3.28744805125138e-06,0.00328744805125138,0.304212912067244,9.98,0.000329403612349837,0.0304822557181607
"482","5","12","M","12CG",11,218,"0512M_12CG_72HR","72HR","R3","265",NA,"265","1:1","5:1",20230617,122909,89,434.3,1.3,4.8,0,-17.4,0.8,0.5,27574.9,0,NA,466.774375465601,5.03577746018232,472.689192054072,-131.456885177304,5601.29250558721,60.4293295221878,735.983183544067,16.8769230769231,7.49645481794392,5661.7218351094,4925.73865156533,52.9328747042439,0.0052343431798962,2.77068831700459e-07,3.32759666872251e-06,0.00332759666872251,0.309653908266433,9.98,0.000333426519912075,0.0310274457180794
"483","5","12","M","12CG",6,103,"0512M_12CG_24HR","24HR","R3","19","","19","1:1","5:1",20221220,190112,103,1443.960657,1.596692632,16.08221537,0.014058114,-11.04322032,0.644552904,0.127042116,23344.71338,0,"",1674.86864664906,18.4305345398313,1692.31070146391,-123.940307239905,20098.4237597888,221.166414477976,424.976165308335,1.2062514755,4.58384078912491,20319.5901742668,19894.6140089584,216.582573688851,0.0052343431798962,1.1336675174726e-06,1.3615346884846e-05,0.013615346884846,1.25066419822505,9.98,0.00136426321491442,0.125317053930366
"484","5","12","M","12CG",9,191,"0512M_12CG_48HR","48HR","R3","266","","266","1:1","5:1",20230607,82149,71,813.69,0.89,9.07,0.01,-15.49,0.25,0.41,23683.6,0,NA,920.727772942882,10.1053148563738,931.010613324155,-129.198404534094,11048.7332753146,121.263778276486,15.0157647633764,77.7772727272727,-0.0683732947856857,11169.9970535911,11154.9812888277,121.332151571271,0.0052343431798962,6.35094120079215e-07,7.62748038215138e-06,0.00762748038215138,0.70125189277485,9.98,0.000764276591397933,0.0702657207189228
"485","5","12","M","12CP",6,121,"0512M_12CP_24HR","24HR","R3","82","","82","1:1","5:1",20221220,233123,121,825.876735,0.728518156,9.094804022,0.007366068,-22.74920269,0.80519341,0.161167329,23212.52667,0,"",935.309627386609,10.1347633147122,945.598555565874,-137.782053099803,11223.7155286393,121.617159776546,424.976165308335,1.2062514755,4.58384078912491,11345.3326884159,10920.3565231075,117.033318987421,0.0052343431798962,6.12592555062425e-07,7.35723658629973e-06,0.00735723658629973,0.686502333202041,10,0.000735723658629973,0.0686502333202041
"486","5","12","M","12CP",10,5,"0512M_12CP_72HR","72HR","R3","209",NA,"209","1:1","5:1",20230608,180708,16,378.5,0.3,4.2,0,-18.3,0.5,0.2,23637.8,0,NA,400.007724844255,4.32343028507345,405.313577813253,-132.521090715989,4800.09269813106,51.8811634208814,24.4289815769401,27.7454545454545,-0.314456864368751,4851.97386155194,4827.544879975,52.1956202852501,0.0052343431798962,2.73209789060551e-07,3.28124956661721e-06,0.00328124956661721,0.303481009683861,10,0.000328124956661721,0.0303481009683861
"487","5","12","M","12CP",8,99,"0512M_12CP_48HR","48HR","R3","9","","9","1:1","5:1",20230605,231459,68,426.2,0.22,4.71,0,-21.18,0.53,0.29,23774.66,0,NA,457.082442310889,4.92892538391599,462.905392752081,-135.926548439783,5484.98930773067,59.1471046069919,83.7209787008222,21.8485714285714,0.266522390135628,5544.13641233766,5460.41543363684,58.8805822168562,0.0052343431798962,3.08201173955119e-07,3.70149609920098e-06,0.00370149609920098,0.343266076296328,10,0.000370149609920098,0.0343266076296328
"488","5","12","M","12CP",13,119,"0512M_12CP_96HR","96HR","R3","234",NA,"234","1:1","5:1",20230622,222131,19,330.5952364,0.174779515,3.647595788,0.004335977,-22.43930542,0.458317457,0.251902592,24254.34815,0,"",342.688000572224,3.66759098517938,347.426495442616,-137.415614887405,4112.25600686668,44.0110918221525,50.4935566101421,79.34086271525,0.320981432927764,4156.26709868884,4105.77354207869,43.6901103892247,0.0052343431798962,2.28689031344751e-07,2.74655526645045e-06,0.00274655526645045,0.258107243135516,10,0.000274655526645045,0.0258107243135516
"489","5","12","M","13CG",13,128,"0512M_13CG_96HR","96HR","R3","265",NA,"265","1:1","5:1",20230623,3639,28,370.3381216,0.187543876,6.965712811,0.006817487,666.739435,1.214100897,0.251103592,24224.11666,0,"",390.241752020837,7.60700979853723,398.867301729848,677.504199222819,4682.90102425005,91.2841175824468,50.4935566101421,79.34086271525,0.320981432927764,4774.1851418325,4723.69158522235,90.963136149519,0.0052343431798962,4.76132271326204e-07,5.71834857862771e-06,0.00571834857862771,0.296952328224831,9.99,0.000572407265127899,0.0297249577802633
"490","5","12","M","13CG",6,7,"0512M_13CG_24HR","24HR","R3","91","","91","1:1","5:1",20221219,190009,7,1600.005981,2.001425813,61.15104818,0.099854463,2392.433412,2.579757564,0.147856295,23391.25891,0,"",1861.58233174947,71.9382941025939,1932.56229450643,2718.05207522222,22338.9879809937,863.259529231127,424.976165308335,1.2062514755,4.58384078912491,23202.2475102248,22777.2713449164,858.675688442002,0.0052343431798962,4.49460323353907e-06,5.39801848348042e-05,0.0539801848348042,1.43188089960011,9.99,0.00540342190538581,0.143331421381392
"491","5","12","M","13CG",10,54,"0512M_13CG_72HR","72HR","R3","28",NA,"28","1:1","5:1",20230609,62252,65,432.2,0.2,9.3,0,902.4,1.9,0.2,23565.4,0,NA,464.26165205512,10.3783812734989,475.556239468575,956.16117535919,5571.13982466144,124.540575281986,24.4289815769401,27.7454545454545,-0.314456864368751,5695.68039994343,5671.25141836649,124.855032146355,0.0052343431798962,6.53534085990994e-07,7.84894437275184e-06,0.00784894437275184,0.356520166960271,9.99,0.000785680117392577,0.0356877044004275
"492","5","12","M","13CG",8,83,"0512M_13CG_48HR","48HR","R3","51","","51","1:1","5:1",20230605,191449,52,683.69,0.62,21.71,0.04,1812.3,2.85,0.29,23781.83,0,NA,765.17822848455,25.112095345334,790.811994754961,2032.07297497014,9182.1387418146,301.345144144009,83.7209787008222,21.8485714285714,0.266522390135628,9483.48388595861,9399.76290725779,301.078621753873,0.0052343431798962,1.57594883038993e-06,1.89271454529831e-05,0.0189271454529831,0.590911034243615,9.99,0.00189460915445276,0.0591502536780395
"493","5","12","M","13CP",8,107,"0512M_13CP_48HR","48HR","R3","68","","68","1:1","5:1",20230606,11505,77,530.6,0.3,6.39,0.01,66.95,1.04,0.29,23786.87,0,NA,582.000691860504,6.92349747422083,589.628888473111,-31.7171771905097,6984.00830232604,83.08196969065,83.7209787008222,21.8485714285714,0.266522390135628,7067.0902720167,6983.36929331587,82.8154473005143,0.0052343431798962,4.334844717675e-07,5.20614850592768e-06,0.00520614850592768,0.439005750712305,10,0.000520614850592768,0.0439005750712305
"494","5","12","M","13CP",10,75,"0512M_13CP_72HR","72HR","R3","260",NA,"260","1:1","5:1",20230609,113812,86,440.6,0.2,5.2,0,44.4,0.2,0.2,23591.2,0,NA,474.312545697043,5.51067557692157,480.693032752893,-58.381438187572,5691.75054836452,66.1281069230588,24.4289815769401,27.7454545454545,-0.314456864368751,5757.87865528758,5733.44967371064,66.4425637874276,0.0052343431798962,3.47783180615539e-07,4.17687599919263e-06,0.00417687599919263,0.360430226794353,10,0.000417687599919263,0.0360430226794353
"495","5","12","M","13CP",6,118,"0512M_13CP_24HR","24HR","R3","55","x","55","1:1","5:1",20221220,224621,118,934.8112619,0.875131113,11.70732512,0.01112894,111.659359,0.750373761,0.146643037,23302.11262,0,"",1065.65359688722,13.2364666881666,1078.85300371508,21.149431119351,12787.8431626466,158.837600257999,424.976165308335,1.2062514755,4.58384078912491,12946.6807629046,12521.7045975963,154.253759468874,0.0052343431798962,8.07417113849249e-07,9.69707953732948e-06,0.00969707953732948,0.787170217723845,10,0.000969707953732948,0.0787170217723845
"496","5","12","M","13CP",12,22,"0512M_13CP_96HR","96HR","R3","96",NA,"96","1:1","5:1",20230621,172342,72,401.1268235,0.199565264,4.713868077,0.003969295,39.98971918,0.45584203,0.316596051,24252.51983,0,"",427.081510136287,4.93351774012274,432.95751946144,-63.5963773829076,5124.97812163544,59.2022128814729,67.0347578488204,20.9810097159091,0.0668402807052713,5184.18033451691,5117.14557666809,59.1353726007677,0.0052343431798962,3.09534834263449e-07,3.71751335950402e-06,0.00371751335950402,0.321686601557721,10,0.000371751335950402,0.0321686601557721
"497","5","12","O","12CG",6,19,"0512O_12CG_24HR","24HR","R3","56","","56","1:1","5:1",20221219,220016,19,1325.755014,1.630142702,14.60330971,0.011558768,-21.83608177,0.81918339,0.122149815,23461.59125,0,"",1533.43146264096,16.6747107579088,1549.33516988408,-136.70233272141,18401.1775516915,200.096529094905,424.976165308335,1.2062514755,4.58384078912491,18601.2740807864,18176.297915478,195.512688305781,0.0052343431798962,1.02338050661653e-06,1.22907998844646e-05,0.0122907998844646,1.14264318216602,2.02,0.00608455439824978,0.565664941666348
"498","5","12","O","12CG",10,126,"0512O_12CG_72HR","72HR","R3","40",NA,"40","1:1","5:1",20230610,2359,137,897.6,0.9,9.9,0,-25.5,0.2,0.2,23569.6,0,NA,1021.12902121595,11.0907284486077,1032.2412791179,-141.034735025473,12253.5482545914,133.088741383293,24.4289815769401,27.7454545454545,-0.314456864368751,12386.6369959747,12362.2080143977,133.403198247662,0.0052343431798962,6.98278120923988e-07,8.38632023229709e-06,0.00838632023229709,0.777143550895537,2.02,0.004151643679355,0.384724530146305
"499","5","12","O","12CG",14,241,"0512O_12CG_96HR","96HR","R3","235",NA,"235","1:1","5:1",20230624,164918,120,751.4593453,0.705986651,8.267795288,0.007899861,-26.26609108,0.108112718,0.314300598,24022.92499,0,"",846.2666191742,9.15290108895342,855.711364738362,-141.940599881554,10155.1994300904,109.834813067441,6.26500140855833,27.9244593812222,-0.56970687437247,10265.0342431578,10258.7692417493,110.404519941813,0.0052343431798962,5.77895145987145e-07,6.94052070330561e-06,0.00694052070330561,0.644912004964297,2.02,0.0034359013382701,0.319263368794207
"500","5","12","O","12CG",7,6,"0512O_12CG_48HR","48HR","R3","28","","28","1:1","5:1",20230602,163055,6,914.04,1.42,10.07,0.01,-26.79,0.15,0.44,23866.11,0,NA,1040.80005591514,11.2925601482219,1052.08363643243,-142.560096297588,12489.6006709817,135.510721778663,252.991137831703,20.2071428571429,2.26109448044047,12625.1113927604,12372.1202549287,133.249627298223,0.0052343431798962,6.97474277872161e-07,8.37666607724466e-06,0.00837666607724466,0.777766678559669,2.02,0.00414686439467557,0.385033009187955
"501","5","12","O","12CP",7,51,"0512O_12CP_48HR","48HR","R3","93","","93","1:1","5:1",20230603,34623,71,899.49,1.22,9.91,0.01,-26.18,0.22,0.41,23772.51,0,NA,1023.39047228538,11.1026009015262,1034.51102498771,-141.838801432479,12280.6856674246,133.231210818315,252.991137831703,20.2071428571429,2.26109448044047,12413.9168782429,12160.9257404112,130.970116337874,0.0052343431798962,6.85542535223363e-07,8.23336584803259e-06,0.00823336584803259,0.76449004911365,1.98,0.00415826557981444,0.386106085410935
"502","5","12","O","12CP",11,142,"0512O_12CP_72HR","72HR","R3","223",NA,"223","1:1","5:1",20230616,172147,13,788.9,23.1,8.8,0.2,-21.1,1.3,0.5,27700,0,NA,891.065671349636,9.7847586275748,901.073859904386,-135.831952391899,10692.7880561956,117.417103530898,735.983183544067,16.8769230769231,7.49645481794392,10810.2051597265,10074.2219761825,109.920648712954,0.0052343431798962,5.75362397920415e-07,6.91010239902418e-06,0.00691010239902418,0.633310540476431,1.98,0.00348995070657787,0.31985380832143
"503","5","12","O","12CP",6,23,"0512O_12CP_24HR","24HR","R3","60","","60","1:1","5:1",20221219,230019,23,1266.640595,1.48571296,13.90086553,0.014058948,-25.61867671,0.684612851,0.133121635,23435.53958,0,"",1462.69899382273,15.8407372124177,1477.87776033245,-141.175064372245,17552.3879258728,190.088846549012,424.976165308335,1.2062514755,4.58384078912491,17742.4767724218,17317.5006071135,185.505005759887,0.0052343431798962,9.7099686173587e-07,1.16616723094478e-05,0.0116616723094478,1.08865535176027,1.98,0.0058897334896201,0.549825935232459
"504","5","12","O","12CP",14,208,"0512O_12CP_96HR","96HR","R3","96",NA,"96","1:1","5:1",20230624,83356,87,802.3482823,0.815157019,8.827526131,0.00848488,-26.30412415,0.168315239,0.316674961,24022.42616,0,"",907.15701123819,9.81743889700735,917.172102287901,-141.98557210794,10885.8841348583,117.809266764088,6.26500140855833,27.9244593812222,-0.56970687437247,11003.6934016224,10997.4284002138,118.378973638461,0.0052343431798962,6.19636173307588e-07,7.44183044142414e-06,0.00744183044142414,0.691347415260101,1.98,0.00375850022294148,0.349165361242475
"505","5","12","O","13CG",9,156,"0512O_13CG_48HR","48HR","R3","237","","237","1:1","5:1",20230606,233621,36,1062.17,1.37,13.26,0.01,104.72,0.28,0.34,23760.18,0,NA,1218.04277915062,15.0798726292174,1232.85097591684,12.9439819163216,14616.5133498075,180.958471550609,15.0157647633764,77.7772727272727,-0.0683732947856857,14797.4718213581,14782.4560565947,181.026844845395,0.0052343431798962,9.47556630694619e-07,1.13801551346424e-05,0.0113801551346424,0.929291140983841,2.02,0.00563374016566454,0.460045119298931
"506","5","12","O","13CG",12,67,"0512O_13CG_96HR","96HR","R3","51",NA,"51","1:1","5:1",20230622,43911,117,897.1148843,0.957862791,10.51494993,0.010138613,37.23744151,0.229906338,0.319390499,24034.63411,0,"",1020.54856332253,11.8208248577226,1032.39637949016,-66.8508097611456,12246.5827598703,141.849898292671,67.0347578488204,20.9810097159091,0.0668402807052713,12388.432658163,12321.3979003142,141.783058011966,0.0052343431798962,7.42141182729759e-07,8.9131156045844e-06,0.0089131156045844,0.774578045046226,2.02,0.00441243346761604,0.383454477745657
"507","5","12","O","13CG",6,13,"0512O_13CG_24HR","24HR","R3","58","","58","1:1","5:1",20221219,203012,13,1533.066206,2.039657385,25.19897794,0.033949947,459.0440601,0.853224952,0.14563023,23409.45811,0,"",1781.48655092337,29.254367977961,1809.64737831111,431.914678858459,21377.8386110804,351.052415735532,424.976165308335,1.2062514755,4.58384078912491,21728.891026816,21303.9148615076,346.468574946407,0.0052343431798962,1.81353542231908e-06,2.17805604220522e-05,0.0217805604220522,1.33925913753966,2.02,0.0107824556544813,0.662999573039438
"508","5","12","O","13CG",10,4,"0512O_13CG_72HR","72HR","R3","544",NA,"544","1:1","5:1",20230608,175208,15,840.9,0.8,10,0,59.4,0.3,0.2,23665.9,0,NA,953.285489132969,11.2094529777925,964.626744259201,-40.6446792094818,11439.4258695956,134.513435733511,24.4289815769401,27.7454545454545,-0.314456864368751,11573.9393053291,11549.5103237522,134.827892597879,0.0052343431798962,7.05735460079487e-07,8.47588287555464e-06,0.00847588287555464,0.726053748137219,2.02,0.0041959816215617,0.359432548582782
"509","5","12","O","13CP",10,113,"0512O_13CP_72HR","72HR","R3","203",NA,"203","1:1","5:1",20230609,210847,124,1099.6,1.3,12.2,0,-17.5,0.3,0.2,23616.4,0,NA,1262.82908260505,13.8213926198584,1276.29869027746,-131.575130237158,15153.9489912606,165.856711438301,24.4289815769401,27.7454545454545,-0.314456864368751,15319.8057026989,15295.376721122,166.17116830267,0.0052343431798962,8.69796921500462e-07,1.04462610272206e-05,0.0104462610272206,0.961535622398015,2.01,0.00519714478966197,0.478375931541301
"510","5","12","O","13CP",14,227,"0512O_13CP_96HR","96HR","R3","228",NA,"228","1:1","5:1",20230624,131908,106,960.3183011,1.264076638,10.62326782,0.013537442,-20.9566757,0.145335511,0.313989924,24050.42653,0,"",1096.17366094907,11.949424762648,1108.0287733446,-135.662478487579,13154.0839313888,143.393097151776,6.26500140855833,27.9244593812222,-0.56970687437247,13297.4770285406,13291.212027132,143.962804026148,0.0052343431798962,7.53550721413002e-07,9.05014416417016e-06,0.00905014416417016,0.835544887971543,2.01,0.0045025592856568,0.415693974115195
"511","5","12","O","13CP",6,111,"0512O_13CP_24HR","24HR","R3","57","","57","1:1","5:1",20221220,210116,111,1559.814755,2.030619709,17.55649522,0.022347358,-0.8020347,0.745299813,0.14025966,23288.44202,0,"",1813.49212486084,20.1808663506104,1832.47154411502,-111.830611173783,21761.9054983301,242.170396207325,424.976165308335,1.2062514755,4.58384078912491,22004.0758945374,21579.0997292291,237.5865554182,0.0052343431798962,1.24360956598828e-06,1.49357508875193e-05,0.0149357508875193,1.35655848608684,2.01,0.00743072183458671,0.67490471944619
"512","5","12","O","13CP",9,143,"0512O_13CP_48HR","48HR","R3","223","","223","1:1","5:1",20230606,202110,23,1176.06,1.73,13.08,0.02,-16.6,0.23,0.35,23821.39,0,NA,1354.3161454457,14.8661684766848,1368.68929320982,-130.510924698472,16251.7937453484,178.394021720217,15.0157647633764,77.7772727272727,-0.0683732947856857,16430.1877670686,16415.1720023052,178.462395015003,0.0052343431798962,9.34133420214721e-07,1.12189423767788e-05,0.0112189423767788,1.03193094984124,2.01,0.00558156337153174,0.51339848250808
"513","5","15","M","12CG",11,187,"0515M_12CG_72HR","72HR","R3","43",NA,"43","1:1","5:1",20230617,44029,58,576.6,8.1,6.5,0.1,-11.2,0.3,0.5,27593.3,0,NA,637.041299899606,7.05409445632412,644.712036924249,-124.12569146636,7644.49559879527,84.6491334758895,735.983183544067,16.8769230769231,7.49645481794392,7729.14473227116,6993.16154872709,77.1526786579456,0.0052343431798962,4.0384359734394e-07,4.85016160410072e-06,0.00485016160410072,0.439621335576489,10,0.000485016160410072,0.0439621335576489
"514","5","15","M","12CG",7,53,"0515M_12CG_48HR","48HR","R3","64","","64","1:1","5:1",20230603,41625,73,711.13,0.7,7.95,0.01,-11.55,0.25,0.4,23775.56,0,NA,798.011147714832,8.7756001295039,807.154165017628,-124.539549175849,9576.13377257798,105.307201554047,252.991137831703,20.2071428571429,2.26109448044047,9681.44097413203,9428.44983630033,103.046107073606,0.0052343431798962,5.39378687775585e-07,6.47793804018477e-06,0.00647793804018477,0.592714422592561,10,0.000647793804018477,0.0592714422592561
"515","5","15","M","12CG",14,164,"0515M_12CG_96HR","96HR","R3","12",NA,"12","1:1","5:1",20230623,213326,43,371.4429713,0.165753025,4.144417798,0.004823242,-12.0190554,0.618328373,0.283866575,24065.45555,0,"",391.563743309529,4.2574405774384,396.816830856193,-125.094184014327,4698.76491971435,51.0892869292608,6.26500140855833,27.9244593812222,-0.56970687437247,4749.85420664361,4743.58920523505,51.6589938036332,0.0052343431798962,2.70400901896347e-07,3.24751483177513e-06,0.00324751483177513,0.298203181393862,10,0.000324751483177513,0.0298203181393862
"516","5","15","M","12CG",6,64,"0515M_12CG_24HR","24HR","R3","16","","16","1:1","5:1",20221220,91546,64,727.3018602,0.74893378,8.078825016,0.00826843,-13.58618118,0.900524562,0.121816607,23274.75927,0,"",817.361343769861,8.92854702322216,826.62701393561,-126.947232830874,9808.33612523834,107.142564278666,424.976165308335,1.2062514755,4.58384078912491,9915.478689517,9490.50252420867,102.558723489541,0.0052343431798962,5.36827554836339e-07,6.44729893358443e-06,0.00644729893358443,0.596615331408165,10,0.000644729893358443,0.0596615331408165
"517","5","15","M","12CP",10,63,"0515M_12CP_72HR","72HR","R3","242",NA,"242","1:1","5:1",20230609,83759,74,254.3,0.2,2.8,0,-18.7,0.8,0.2,23600.2,0,NA,251.398083138679,2.66128687648608,255.271429787599,-132.994070955405,3016.77699766415,31.9354425178329,24.4289815769401,27.7454545454545,-0.314456864368751,3048.71244018199,3024.28345860505,32.2498993822017,0.0052343431798962,1.68807040883566e-07,2.02737256101163e-06,0.00202737256101163,0.190119951322423,9.99,0.00020294019629746,0.0190310261584007
"518","5","15","M","12CP",8,95,"0515M_12CP_48HR","48HR","R3","27","","27","1:1","5:1",20230605,221457,64,312.79,0.16,3.46,0,-21.37,0.44,0.29,23805.08,0,NA,321.383412795355,3.44486876910584,325.932202524203,-136.151214053505,3856.60095354426,41.33842522927,83.7209787008222,21.8485714285714,0.266522390135628,3897.93937877353,3814.21840007271,41.0719028391344,0.0052343431798962,2.14984434511382e-07,2.5819630584817e-06,0.0025819630584817,0.239778786109353,9.99,0.000258454760608779,0.0240018804914267
"519","5","15","M","12CP",6,136,"0515M_12CP_24HR","24HR","R3","58","","58","1:1","5:1",20221221,31633,136,573.3176059,0.43058066,6.339918371,0.006159007,-17.90942692,1.159305582,0.116812199,23228.31177,0,"",633.113800615085,6.8640382959825,640.599644783282,-132.05925734377,7597.36560738102,82.36845955179,424.976165308335,1.2062514755,4.58384078912491,7679.73406693281,7254.75790162447,77.7846187626651,0.0052343431798962,4.07151388721182e-07,4.88988817854139e-06,0.00488988817854139,0.456066449455435,9.99,0.00048947829615029,0.0456522972427863
"520","5","15","M","12CP",12,20,"0515M_12CP_96HR","96HR","R3","81",NA,"81","1:1","5:1",20230621,165341,70,261.6241593,0.270784186,2.904677783,0.005112486,-17.25773745,0.393867794,0.308318847,24256.8746,0,"",260.161695774489,2.78556508151393,264.145941517424,-131.288666739907,3121.94034929387,33.4267809781671,67.0347578488204,20.9810097159091,0.0668402807052713,3155.36713027204,3088.33237242322,33.3599406974619,0.0052343431798962,1.74617378071501e-07,2.09715471063873e-06,0.00209715471063873,0.194146351805062,9.99,0.000209925396460333,0.0194340692497559
"521","5","15","M","13CG",12,9,"0515M_13CG_96HR","96HR","R3","I3",NA,"I3","1:1","5:1",20230621,140834,59,354.5640889,0.187984358,10.68031258,0.012278035,1666.535416,3.72055452,0.315205626,24282.03615,0,"",371.367570476562,12.0171508853826,384.46106589435,1859.71355537351,4456.41084571874,144.205810624591,67.0347578488204,20.9810097159091,0.0668402807052713,4600.61665634333,4533.58189849451,144.138970343886,0.0052343431798962,7.54472836376779e-07,9.06121876488512e-06,0.00906121876488512,0.285001185125536,9.99,0.000907028905393906,0.0285286471597133
"522","5","15","M","13CG",11,179,"0515M_13CG_72HR","72HR","R3","30",NA,"30","1:1","5:1",20230617,23932,50,525.9,4.9,19.6,0.8,2295.1,98.6,0.5,27587.5,0,NA,576.376977560856,22.6070077795345,599.794960763702,2602.96012394494,6916.52373073028,271.284093354414,735.983183544067,16.8769230769231,7.49645481794392,7187.80782408469,6451.82464054062,263.78763853647,0.0052343431798962,1.3807550267143e-06,1.65828678708387e-05,0.0165828678708387,0.405590482304251,9.99,0.00165994673381769,0.0405996478783034
"523","5","15","M","13CG",6,18,"0515M_13CG_24HR","24HR","R3","70","","70","1:1","5:1",20221219,214516,18,722.1301918,0.701680867,29.3816584,0.050394647,2612.112154,4.977852803,0.138358629,23461.39361,0,"",811.173261741327,34.2202356614011,845.897353460734,2977.81133518649,9734.07914089592,410.642827936814,424.976165308335,1.2062514755,4.58384078912491,10144.7219688327,9719.7458035244,406.058987147689,0.0052343431798962,2.12545209001206e-06,2.55266796010449e-05,0.0255266796010449,0.611026586735601,9.99,0.00255522318328777,0.0611638224960562
"524","5","15","M","13CG",9,224,"0515M_13CG_48HR","48HR","R3","210","","210","1:1","5:1",20230607,163721,104,794.88,0.83,35.37,0.06,2945.15,3.52,0.23,23682.61,0,NA,898.220950394719,41.3298660319794,939.958190463582,3371.61213552545,10778.6514047366,495.958392383753,15.0157647633764,77.7772727272727,-0.0683732947856857,11274.6097971204,11259.594032357,496.026765678538,0.0052343431798962,2.59637431797543e-06,3.11824555588849e-05,0.0311824555588849,0.70782831657233,9.99,0.0031213669228113,0.0708536853425756
"525","5","15","M","13CP",14,158,"0515M_13CP_96HR","96HR","R3","401",NA,"401","1:1","5:1",20230623,200322,37,286.1241393,0.561558883,3.477622278,0.012211574,76.90748742,1.402820904,0.238424234,24320.6584,0,"",289.476778299399,3.46579073569298,294.098134578848,-19.9429402307826,3473.72133959278,41.5894888283157,6.26500140855833,27.9244593812222,-0.56970687437247,3515.3108284211,3509.04582701254,42.1591957026882,0.0052343431798962,2.20675698496275e-07,2.65031513894026e-06,0.00265031513894026,0.220594276611721,9.99,0.000265296810704731,0.0220815091703425
"526","5","15","M","13CP",6,84,"0515M_13CP_24HR","24HR","R3","8","","8","1:1","5:1",20221220,141559,84,750.6675937,0.828483423,9.612038059,0.009386466,136.5088967,1.033951013,0.151081471,23310.19214,0,"",845.319260707245,10.748846989924,856.371372398092,50.5327818461421,10143.8311284869,128.986163879088,424.976165308335,1.2062514755,4.58384078912491,10272.817292366,9847.84112705769,124.402323089964,0.0052343431798962,6.51164451429194e-07,7.82048506166462e-06,0.00782048506166462,0.619079230281789,9.99,0.000782831337503966,0.0619698929211
"527","5","15","M","13CP",9,157,"0515M_13CP_48HR","48HR","R3","231","","231","1:1","5:1",20230606,235122,37,437.42,0.19,5.5,0,111.93,0.27,0.33,23824.12,0,NA,470.507564532601,5.866849164476,477.252575855489,21.4694507317903,5646.09077439121,70.402189973712,15.0157647633764,77.7772727272727,-0.0683732947856857,5716.49296436492,5701.47719960154,70.4705632684977,0.0052343431798962,3.68867112227905e-07,4.43009401785713e-06,0.00443009401785713,0.358420294423767,9.99,0.000443452854640354,0.0358779073497264
"528","5","15","M","13CP",11,213,"0515M_13CP_72HR","72HR","R3","46",NA,"46","1:1","5:1",20230617,111334,84,339.9,3.5,4.1,0,71.4,4.3,0.5,27565.2,0,NA,353.821475489704,4.20470575588863,359.082438254393,-26.4552720270096,4245.85770587645,50.4564690706636,735.983183544067,16.8769230769231,7.49645481794392,4296.31417494711,3560.33099140305,42.9600142527197,0.0052343431798962,2.24867457611967e-07,2.70065816591972e-06,0.00270065816591972,0.223818290858713,9.99,0.000270336152744717,0.0224042333191905
"529","5","15","O","12CG",12,66,"0515O_12CG_96HR","96HR","R3","268",NA,"268","1:1","5:1",20230622,42410,116,736.8476201,0.695817534,8.120739197,0.00724976,-24.31252537,0.26008284,0.298288642,24085.87363,0,"",828.783179184889,8.97830943727608,838.080479012705,-139.630604938479,9945.39815021867,107.739713247313,67.0347578488204,20.9810097159091,0.0668402807052713,10053.137863466,9986.10310561717,107.672872966608,0.0052343431798962,5.63596768272592e-07,6.76879718695384e-06,0.00676879718695384,0.627770995122375,2.01,0.00336756078952927,0.312323878170336
"530","5","15","O","12CG",6,107,"0515O_12CG_24HR","24HR","R3","71","","71","1:1","5:1",20221220,200114,107,1530.716347,1.981253612,16.92975553,0.01628336,-18.4263443,0.757866618,0.15615359,23294.22516,0,"",1778.67486248497,19.4367726044435,1796.96179085238,-132.670486609146,21344.0983498197,233.241271253322,424.976165308335,1.2062514755,4.58384078912491,21577.339621073,21152.3634557647,228.657430464197,0.0052343431798962,1.19687146168286e-06,1.43744262548112e-05,0.0143744262548112,1.32973194001434,2.01,0.00715145584816475,0.661558179111613
"531","5","15","O","12CG",10,127,"0515O_12CG_72HR","72HR","R3","34",NA,"34","1:1","5:1",20230610,3859,138,888.3,0.6,9.8,0,-24,0.2,0.2,23599.2,0,NA,1010.00124611239,10.9720039194229,1021.01201007776,-139.261059127664,12120.0149533487,131.664047033075,24.4289815769401,27.7454545454545,-0.314456864368751,12251.6790003818,12227.2500188048,131.978503897444,0.0052343431798962,6.90820781768489e-07,8.29675758903955e-06,0.00829675758903955,0.768659489165249,2.01,0.00412774009404953,0.382417656301119
"532","5","15","O","12CG",9,212,"0515O_12CG_48HR","48HR","R3","42","","42","1:1","5:1",20230607,133710,92,1019.86,1.26,11.25,0.01,-23.46,0.18,0.29,23703.28,0,NA,1167.41738510422,12.6935095926027,1179.90616699569,-138.622535804452,14009.0086212507,152.322115111232,15.0157647633764,77.7772727272727,-0.0683732947856857,14161.3307363619,14146.3149715985,152.390488406018,0.0052343431798962,7.97664113669091e-07,9.57994600516578e-06,0.00957994600516579,0.889300474179926,2.01,0.00476614229112726,0.442438046855684
"533","5","15","O","12CP",11,219,"0515O_12CP_72HR","72HR","R3","257",NA,"257","1:1","5:1",20230617,124417,90,614.4,12,6.8,0.1,-22.7,0.7,0.5,27589.8,0,NA,682.270321288259,7.41026804387856,690.226414629483,-137.723873349562,8187.24385545911,88.9232165265427,735.983183544067,16.8769230769231,7.49645481794392,8276.16707198565,7540.18388844159,81.4267617085988,0.0052343431798962,4.26215614810437e-07,5.11884953387335e-06,0.00511884953387335,0.474009600440645,1.98,0.00258527754236028,0.239398788101336
"534","5","15","O","12CP",8,82,"0515O_12CP_48HR","48HR","R3","11","","11","1:1","5:1",20230605,185949,51,847.36,1.03,9.34,0.01,-24.28,0.29,0.29,23777.17,0,NA,961.01510495759,10.4258710851728,971.555442177583,-139.592145295255,11532.1812594911,125.110453022073,83.7209787008222,21.8485714285714,0.266522390135628,11657.2917125132,11573.5707338123,124.843930631938,0.0052343431798962,6.53475976854718e-07,7.84824648202516e-06,0.00784824648202516,0.727566292861298,1.98,0.00396376084950766,0.367457723667322
"535","5","15","O","12CP",6,130,"0515O_12CP_24HR","24HR","R3","84","","84","1:1","5:1",20221221,14629,130,1308.287639,1.320521146,14.43090993,0.012287748,-20.666511,0.702214968,0.133165804,23266.99837,0,"",1512.53113783993,16.4700299307881,1528.26264043599,-135.319373064389,18150.3736540792,197.640359169458,424.976165308335,1.2062514755,4.58384078912491,18348.0140132487,17923.0378479403,193.056518380333,0.0052343431798962,1.0105240703186e-06,1.21363940845264e-05,0.0121363940845264,1.12672212437788,1.98,0.00612949196188201,0.569051577968625
"536","5","15","O","12CP",12,30,"0515O_12CP_96HR","96HR","R3","36",NA,"36","1:1","5:1",20230621,192347,80,637.7942947,0.612227048,7.028951849,0.006365923,-24.1590008,0.199472685,0.285754683,24193.70347,0,"",710.262412699867,7.68209004866373,718.446817938014,-139.449069718792,8523.1489523984,92.1850805839648,67.0347578488204,20.9810097159091,0.0668402807052713,8615.33403298237,8548.29927513355,92.1182403032595,0.0052343431798962,4.82178482875405e-07,5.79096357933362e-06,0.00579096357933362,0.537384231446188,1.98,0.00292472908047153,0.271406177498075
"537","5","15","O","13CG",14,171,"0515O_13CG_96HR","96HR","R3","C3",NA,"C3","1:1","5:1",20230623,231831,50,656.139346,0.612446809,7.958684641,0.005595249,74.39288356,0.357200537,0.266270874,24089.30356,0,"",732.212907875096,8.78591092864254,741.472534561377,-22.916335070129,8786.55489450115,105.43093114371,6.26500140855833,27.9244593812222,-0.56970687437247,8891.98582564486,8885.7208242363,106.000638018083,0.0052343431798962,5.54843716674598e-07,6.66367303726192e-06,0.00666367303726192,0.558596055459583,2.01,0.00331526021754324,0.277908485303275
"538","5","15","O","13CG",9,177,"0515O_13CG_48HR","48HR","R3","262","","262","1:1","5:1",20230607,45138,57,960.8,1.2,13.58,0.02,248.49,0.27,0.45,23757.3,0,NA,1096.75003052185,15.4597911226088,1112.13633373538,182.944904468324,13161.0003662621,185.517493471306,15.0157647633764,77.7772727272727,-0.0683732947856857,13346.5178597335,13331.5020949701,185.585866766092,0.0052343431798962,9.71420115992216e-07,1.16667555930665e-05,0.0116667555930665,0.838077701393628,2.01,0.005804356016451,0.416954080295337
"539","5","15","O","13CG",6,102,"0515O_13CG_24HR","24HR","R3","69","","69","1:1","5:1",20221220,184611,102,1452.476303,1.949164599,26.7635664,0.038267923,635.0482774,1.055053486,0.165553731,23356.73604,0,"",1685.05791477267,31.1119182607759,1715.24349342269,640.030970950294,20220.694977272,373.343019129311,424.976165308335,1.2062514755,4.58384078912491,20594.0379964013,20169.061831093,368.759178340186,0.0052343431798962,1.93021209016908e-06,2.31818472029306e-05,0.0231818472029306,1.26791721279824,2.01,0.0115332573148909,0.630804583481712
"540","5","15","O","13CG",10,102,"0515O_13CG_72HR","72HR","R3","5",NA,"5","1:1","5:1",20230609,182338,113,752.3,0.7,9.6,0,125,0.2,0.3,23570.7,0,NA,847.272491909828,10.7345548610533,858.307069304717,36.9240800546996,10167.2699029179,128.81465833264,24.4289815769401,27.7454545454545,-0.314456864368751,10296.0845612506,10271.6555796736,129.129115197008,0.0052343431798962,6.75906103457491e-07,8.11763230252447e-06,0.00811763230252447,0.645722097659786,2.01,0.00403862303608183,0.321254774955118
"541","5","15","O","13CP",14,191,"0515O_13CP_96HR","96HR","R3","51",NA,"51","1:1","5:1",20230624,41845,70,634.6321341,0.504406259,7.043734595,0.005808681,-17.18664913,0.240130995,0.284029411,24061.77581,0,"",706.478777001143,7.69964079425282,714.686950630192,-131.204608313373,8477.74532401372,92.3956895310338,6.26500140855833,27.9244593812222,-0.56970687437247,8570.14101354475,8563.87601213619,92.9653964054063,0.0052343431798962,4.86612788640985e-07,5.84421959157823e-06,0.00584421959157823,0.538363454631197,2,0.00292210979578911,0.269181727315598
"542","5","15","O","13CP",11,197,"0515O_13CP_72HR","72HR","R3","89",NA,"89","1:1","5:1",20230617,71140,68,657.2,12.2,7.3,0.1,-15.4,0.4,0.5,27570.3,0,NA,733.482017463772,8.00389068980262,741.952728399473,-129.091983980225,8801.78420956526,96.0466882776314,735.983183544067,16.8769230769231,7.49645481794392,8897.83089784289,8161.84771429882,88.5502334596875,0.0052343431798962,4.63502310587931e-07,5.56666275016106e-06,0.00556666275016105,0.513090162143484,2,0.00278333137508053,0.256545081071742
"543","5","15","O","13CP",9,215,"0515O_13CP_48HR","48HR","R3","95","","95","1:1","5:1",20230607,142213,95,913.99,0.94,10.19,0.01,-11.95,0.23,0.24,23741.75,0,NA,1040.74022916727,11.4350295832437,1052.16725864869,-125.012529415264,12488.8827500073,137.220354998924,15.0157647633764,77.7772727272727,-0.0683732947856857,12626.1031050062,12611.0873402428,137.28872829371,0.0052343431798962,7.18616318620803e-07,8.63058198663584e-06,0.00863058198663584,0.792789215715808,2,0.00431529099331792,0.396394607857904
"544","5","15","O","13CP",6,21,"0515O_13CP_24HR","24HR","R3","92","x","92","1:1","5:1",20221219,223017,21,1186.429144,1.424610894,13.53716377,0.013470739,12.89853988,0.694317141,0.141106143,23411.25048,0,"",1366.72318871972,15.4089340102208,1381.6224339184,-95.6303585613295,16400.6782646366,184.90720812265,424.976165308335,1.2062514755,4.58384078912491,16585.5854727593,16160.6093074509,180.323367333525,0.0052343431798962,9.43874387978151e-07,1.13359313996176e-05,0.0113359313996176,1.01592800308819,2,0.0056679656998088,0.507964001544094
"545","5","8","M","12CG",9,121,"0508M_12CG_48HR","48HR","R3","52","","52","1:1","5:1",20230606,145052,1,1058.87,1.49,11.88,0.01,-11.36,0.19,0.58,24086.99,0,NA,1214.0942137913,13.441474126467,1227.26023345856,-124.314883562126,14569.1305654956,161.297689517604,15.0157647633764,77.7772727272727,-0.0683732947856857,14730.4282550132,14715.4124902498,161.36606281239,0.0052343431798962,8.44645350348734e-07,1.01441906576883e-05,0.0101441906576883,0.925076483282456,10.02,0.0010123942772144,0.0923230023235984
"546","5","8","M","12CG",12,5,"0508M_12CG_96HR","96HR","R3","17",NA,"17","1:1","5:1",20230621,130831,55,413.8063545,0.175564735,4.619120869,0.005352004,-12.22978889,0.678714845,0.316346511,24265.3428,0,"",442.253012220866,4.82102956350899,447.991341058495,-125.34336595571,5307.03614665039,57.8523547621079,67.0347578488204,20.9810097159091,0.0668402807052713,5364.8885014125,5297.85374356368,57.7855144814026,0.0052343431798962,3.02469213622523e-07,3.6326552556065e-06,0.0036326552556065,0.333046723174628,10.02,0.000362540444671307,0.0332381959256116
"547","5","8","M","12CG",6,2,"0508M_12CG_24HR","24HR","R3","95","","95","1:1","5:1",20221219,174506,2,923.7787122,0.926327387,10.29783159,0.007957386,-10.64448729,0.78073191,0.155090474,23458.55994,0,"",1052.45276550222,11.5630521307837,1063.98970043437,-123.468825129924,12629.4331860267,138.756625569404,424.976165308335,1.2062514755,4.58384078912491,12768.1898115961,12343.2136462878,134.172784780279,0.0052343431798962,7.02306400942336e-07,8.43469987531745e-06,0.00843469987531745,0.77594948017105,10.02,0.00084178641470234,0.0774400678813424
"548","5","8","M","12CG",10,124,"0508M_12CG_72HR","72HR","R3","241",NA,"241","1:1","5:1",20230609,235357,135,819,0.5,9.1,0,-11.9,0.2,0.2,23561.3,0,NA,927.081373566527,10.1409322151292,937.389793821423,-124.953406885337,11124.9764827983,121.691186581551,24.4289815769401,27.7454545454545,-0.314456864368751,11246.6676693799,11222.2386878029,122.00564344592,0.0052343431798962,6.38619407679996e-07,7.66981908623676e-06,0.00766981908623676,0.705479992949409,10.02,0.000765451006610455,0.0704071849250907
"549","5","8","M","12CP",12,73,"0508M_12CP_96HR","96HR","R3","216",NA,"216","1:1","5:1",20230622,60915,123,248.5307402,0.364306764,2.756179904,0.00584336,-19.27670962,0.546124123,0.358740885,24070.13185,0,"",244.49496210982,2.60926167382175,248.327106585047,-133.676001590757,2933.93954531784,31.3111400858609,67.0347578488204,20.9810097159091,0.0668402807052713,2965.2506854037,2898.21592755488,31.2442998051557,0.0052343431798962,1.63543387595749e-07,1.96415608502494e-06,0.00196415608502494,0.182194783858903,10,0.000196415608502494,0.0182194783858903
"550","5","8","M","12CP",10,61,"0508M_12CP_72HR","72HR","R3","235",NA,"235","1:1","5:1",20230609,80758,72,279.3,0.3,3.1,0,-18.2,0.5,0.2,23579.5,0,NA,281.311457072974,3.01746046404051,285.494887948818,-132.402845656135,3375.73748487569,36.2095255684862,24.4289815769401,27.7454545454545,-0.314456864368751,3411.94701044417,3387.51802886723,36.5239824328549,0.0052343431798962,1.91179058350063e-07,2.29606049078425e-06,0.00229606049078425,0.212954497013031,10,0.000229606049078425,0.0212954497013031
"551","5","8","M","12CP",8,110,"0508M_12CP_48HR","48HR","R3","45","","45","1:1","5:1",20230606,20007,80,355.25,0.16,3.93,0,-20.75,0.47,0.29,23748.19,0,NA,372.188287085361,4.00287405627445,377.216513151124,-135.418094682411,4466.25944502433,48.0344886752935,83.7209787008222,21.8485714285714,0.266522390135628,4514.29393369963,4430.5729549988,47.7679662851578,0.0052343431798962,2.50033928542227e-07,3.00290748179215e-06,0.00300290748179215,0.278525583353667,10,0.000300290748179215,0.0278525583353667
"552","5","8","M","12CP",6,30,"0508M_12CP_24HR","24HR","R3","57","","57","1:1","5:1",20221220,4524,30,588.3278248,0.524880963,6.489240787,0.005446533,-20.8465159,0.936326732,0.141611709,23402.78958,0,"",651.074052246738,7.04132063134588,658.709279672903,-135.532219966134,7812.88862696085,84.4958475761506,424.976165308335,1.2062514755,4.58384078912491,7897.384474537,7472.40830922867,79.9120067870257,0.0052343431798962,4.18286867717487e-07,5.02362528128701e-06,0.00502362528128701,0.469748925144437,10,0.000502362528128701,0.0469748925144437
"553","5","8","M","13CG",8,106,"0508M_13CG_48HR","48HR","R3","65","","65","1:1","5:1",20230606,10004,76,928.1,1.18,43.33,0.08,3134.33,3.22,0.29,23741.45,0,NA,1057.62333741579,50.7803385550904,1108.61225462172,3595.30813975712,12691.4800489895,609.364062661085,83.7209787008222,21.8485714285714,0.266522390135628,13300.8441116505,13217.1231329497,609.097540270949,0.0052343431798962,3.18822555580879e-06,3.82905889252636e-05,0.0382905889252636,0.830887329528932,9.99,0.00383289178431067,0.0831719048577509
"554","5","8","M","13CG",6,81,"0508M_13CG_24HR","24HR","R3","14","","14","1:1","5:1",20221220,133057,81,826.2109499,0.850037341,35.04023589,0.053353583,2765.326788,4.040490467,0.134927072,23258.48162,0,"",935.709527197733,40.9383551449614,976.992302782642,3158.98007086478,11228.5143263728,491.260261739537,424.976165308335,1.2062514755,4.58384078912491,11719.7745881123,11294.798422804,486.676420950412,0.0052343431798962,2.54743140481808e-06,3.05946511718651e-05,0.0305946511718651,0.710041421623404,9.99,0.00306252764483134,0.0710752173797201
"555","5","8","M","13CG",12,75,"0508M_13CG_96HR","96HR","R3","280",NA,"280","1:1","5:1",20230622,63916,125,429.5183881,0.208196768,14.26877253,0.018652994,1942.155592,4.473227346,0.28673374,24073.47955,0,"",461.053009674666,16.2775330660056,478.288488623073,2185.62079745423,5532.63611609599,195.330396792068,67.0347578488204,20.9810097159091,0.0668402807052713,5727.96651288806,5660.93175503924,195.263556511362,0.0052343431798962,1.02207646530753e-06,1.22751383483434e-05,0.0122751383483434,0.355871426881408,9.99,0.00122874257741175,0.0356227654535944
"556","5","8","M","13CG",10,28,"0508M_13CG_72HR","72HR","R3","54",NA,"54","1:1","5:1",20230608,235228,39,683.2,0.6,28.7,0,2722.7,3.4,0.3,23595.6,0,NA,764.591926355438,33.4109399353524,798.576914835906,3108.57599988037,9175.10311626526,400.931279224229,24.4289815769401,27.7454545454545,-0.314456864368751,9576.03439548949,9551.60541391255,401.245736088598,0.0052343431798962,2.10025788215778e-06,2.52240971647149e-05,0.0252240971647149,0.600456531671026,9.99,0.00252493465112262,0.0601057589260287
"557","5","8","M","13CP",8,77,"0508M_13CP_48HR","48HR","R3","206","","206","1:1","5:1",20230605,174446,6,531.36,0.42,6.74,0.01,120.45,0.32,0.44,23730.81,0,NA,582.910058428106,7.33903332636767,590.954897902318,31.5439298313455,6994.92070113727,88.0683999164121,83.7209787008222,21.8485714285714,0.266522390135628,7082.98910105369,6999.26812235286,87.8018775262765,0.0052343431798962,4.59585158811746e-07,5.51961775732907e-06,0.00551961775732907,0.440005222039636,10.01,0.00055141036536754,0.0439565656383253
"558","5","8","M","13CP",10,111,"0508M_13CP_72HR","72HR","R3","210",NA,"210","1:1","5:1",20230609,203845,122,380.9,0.2,4.7,0,101.8,0.3,0.2,23625.6,0,NA,402.879408741947,4.91705293099751,408.777926772444,9.49122616858665,4834.55290490337,59.0046351719701,24.4289815769401,27.7454545454545,-0.314456864368751,4893.55754007534,4869.1285584984,59.3190920363388,0.0052343431798962,3.10496484838045e-07,3.72906278290492e-06,0.00372906278290492,0.306095145245189,10.01,0.000372533744545946,0.03057893558893
"559","5","8","M","13CP",6,93,"0508M_13CP_24HR","24HR","R3","29","","29","1:1","5:1",20221220,163105,93,834.5439418,0.896952202,10.56451225,0.010377666,124.2150197,0.744313918,0.118715895,23274.78331,0,"",945.680243305579,11.8796674887956,957.708145575067,35.995879629123,11348.1629196669,142.556009865548,424.976165308335,1.2062514755,4.58384078912491,11490.7189295325,11065.7427642242,137.972169076423,0.0052343431798962,7.22193682220658e-07,8.67354612347011e-06,0.00867354612347011,0.695641960972513,10.01,0.000866488124222788,0.0694947013958555
"560","5","8","M","13CP",12,86,"0508M_13CP_96HR","96HR","R3","80",NA,"80","1:1","5:1",20230622,93924,137,330.862393,0.250457586,4.031319499,0.004618124,78.95095008,0.342355777,0.283595892,24086.69128,0,"",343.007662783216,4.12316515443461,348.204039072951,-17.5266465853728,4116.09195339859,49.4779818532154,67.0347578488204,20.9810097159091,0.0668402807052713,4165.56993525181,4098.53517740299,49.4111415725101,0.0052343431798962,2.58634871900954e-07,3.10620481153045e-06,0.00310620481153045,0.257652207237382,10.01,0.000310310170982063,0.0257394812424957
"561","5","8","O","12CG",13,126,"0508O_12CG_96HR","96HR","R3","544",NA,"544","1:1","5:1",20230623,637,26,198.2703877,0.462575404,2.201619048,0.006701073,-16.60627406,0.617051907,0.275486595,24236.49742,0,"",184.356693373741,1.95086190849248,187.623454103584,-130.518343464475,2212.28032048489,23.4103429019098,50.4935566101421,79.34086271525,0.320981432927764,2235.6906633868,2185.19710677666,23.089361468982,0.0052343431798962,1.20857641733324e-07,1.45150027721722e-06,0.00145150027721722,0.13737123958675,2.01,0.000722139441401603,0.0683439002919153
"562","5","8","O","12CG",7,28,"0508O_12CG_48HR","48HR","R3","51","","51","1:1","5:1",20230602,220108,28,370,0.29,4.12,0,-18.27,0.27,0.5,23825.95,0,NA,389.837177706595,4.2284506617256,395.063883306405,-132.485617198033,4678.04613247914,50.7414079407072,252.991137831703,20.2071428571429,2.26109448044047,4728.78754041985,4475.79640258814,48.4803134602667,0.0052343431798962,2.53762598119977e-07,3.04768880342092e-06,0.00304768880342092,0.281368531037639,2.01,0.00151626308627907,0.13998434379982
"563","5","8","O","12CG",6,126,"0508O_12CG_24HR","24HR","R3","63","","63","1:1","5:1",20221221,4627,126,818.9998196,0.784107308,9.069534155,0.008145663,-16.62549057,0.755314637,0.122851224,23248.11139,0,"",927.08115771162,10.1047617840908,937.353183722469,-130.541066038226,11124.9738925394,121.25714140909,424.976165308335,1.2062514755,4.58384078912491,11246.2310339485,10821.2548686402,116.673300619965,0.0052343431798962,6.10708095376092e-07,7.33460422546686e-06,0.00733460422546686,0.68027236105122,2.01,0.00364905682859048,0.338443960722
"564","5","8","O","12CG",10,1,"0508O_12CG_72HR","72HR","R3","563",NA,"563","1:1","5:1",20230608,170705,12,238.4,0.6,2.7,0,17.5,1.5,0.2,23546.3,0,NA,232.373177316468,2.54256234730127,236.15778035758,-90.1893592882805,2788.47812779762,30.5107481676152,24.4289815769401,27.7454545454545,-0.314456864368751,2818.98887596523,2794.55989438829,30.8252050319839,0.0052343431798962,1.61349701728067e-07,1.93780991775409e-06,0.00193780991775409,0.175678503143273,2.01,0.000964084536196062,0.0874022403697878
"565","5","8","O","12CP",6,27,"0508O_12CP_24HR","24HR","R3","67","","67","1:1","5:1",20221220,22,27,538.2222934,0.421303409,5.933474661,0.005107349,-21.70780564,0.975692017,0.162078654,23451.70764,0,"",591.121032368948,6.38148991488371,598.189137136535,-136.550652534713,7093.45238842737,76.5778789786046,424.976165308335,1.2062514755,4.58384078912491,7170.03026740598,6745.05410209764,71.9940381894797,0.0052343431798962,3.76841502790289e-07,4.52586644851137e-06,0.00452586644851137,0.424024194527521,1.99,0.00227430474799566,0.213077484687197
"566","5","8","O","12CP",14,230,"0508O_12CP_96HR","96HR","R3","78",NA,"78","1:1","5:1",20230624,140410,109,185.3098634,0.307222532,2.055058457,0.005486876,-18.33071965,0.644445187,0.302843247,24054.38174,0,"",168.848972982925,1.77685853685725,171.965690000079,-132.557415184519,2026.1876757951,21.322302442287,6.26500140855833,27.9244593812222,-0.56970687437247,2047.50997823738,2041.24497682883,21.8920093166595,0.0052343431798962,1.14590289660881e-07,1.37622937882718e-06,0.00137622937882718,0.128321766442766,1.99,0.000691572552174461,0.0644832997199827
"567","5","8","O","12CP",9,150,"0508O_12CP_48HR","48HR","R3","230","","230","1:1","5:1",20230606,220616,30,291.33,0.26,3.22,0.01,-21.68,0.6,0.33,23812.42,0,NA,295.705772610157,3.15992989906229,300.009315484739,-136.517773739052,3548.46927132188,37.9191587887475,15.0157647633764,77.7772727272727,-0.0683732947856857,3586.38843011063,3571.37266534725,37.9875320835332,0.0052343431798962,1.9883977948253e-07,2.38806575158518e-06,0.00238806575158518,0.224512419746274,1.99,0.00120003304099758,0.112820311430289
"568","5","8","O","12CP",10,118,"0508O_12CP_72HR","72HR","R3","201",NA,"201","1:1","5:1",20230609,222351,129,206.5,0.9,2.4,0,10.4,0.6,0.2,23527.8,0,NA,194.203712176308,2.18638875974683,197.691560879665,-98.5847585379099,2330.4445461157,26.236665116962,24.4289815769401,27.7454545454545,-0.314456864368751,2356.68121123266,2332.25222965572,26.5511219813307,0.0052343431798962,1.3897768426157e-07,1.66912198798146e-06,0.00166912198798146,0.146615780710674,1.99,0.000838754767829879,0.0736762717139066
"569","5","8","O","13CG",9,139,"0508O_13CG_48HR","48HR","R3","218","","218","1:1","5:1",20230606,192107,19,371.15,0.21,6.7,0.01,595.5,1.39,0.42,23771.33,0,NA,391.213192907572,7.29154351469375,399.519752829778,593.267086667464,4694.55831489087,87.498522176325,15.0157647633764,77.7772727272727,-0.0683732947856857,4782.0568370672,4767.04107230382,87.5668954711107,0.0052343431798962,4.58355182093891e-07,5.50484573694763e-06,0.00550484573694763,0.299677470390434,1.99,0.00276625413916967,0.150591693663534
"570","5","8","O","13CG",11,228,"0508O_13CG_72HR","72HR","R3","218",NA,"218","1:1","5:1",20230617,150022,99,290.2,7.3,4.1,0,261.7,20.9,0.4,27603.7,0,NA,294.353688108326,4.20470575588863,299.710664712395,198.565076875029,3532.24425729992,50.4564690706636,735.983183544067,16.8769230769231,7.49645481794392,3582.70072637058,2846.71754282651,42.9600142527197,0.0052343431798962,2.24867457611967e-07,2.70065816591972e-06,0.00270065816591972,0.178957365630172,1.99,0.00135711465624107,0.0899283244372723
"571","5","8","O","13CG",6,128,"0508O_13CG_24HR","24HR","R3","73","","73","1:1","5:1",20221221,11628,128,788.6319689,0.66177257,21.82408486,0.027660118,1457.179796,2.393641726,0.128457798,23277.88035,0,"",890.744962768823,25.2475420582402,916.312281134331,1612.16087719693,10688.9395532259,302.970504698882,424.976165308335,1.2062514755,4.58384078912491,10991.9100579248,10566.9338926164,298.386663909757,0.0052343431798962,1.56185819920802e-06,1.87579169724883e-05,0.0187579169724883,0.664284609822301,1.99,0.00942608893089864,0.333811361719749
"572","5","8","O","13CG",12,92,"0508O_13CG_96HR","96HR","R3","245",NA,"245","1:1","5:1",20230622,110928,143,249.4271667,0.278635258,3.541362862,0.004224546,257.5320386,0.883882556,0.280490019,24082.53552,0,"",245.567567753784,3.54146644394663,250.335962438698,193.63666842291,2946.81081304541,42.4975973273595,67.0347578488204,20.9810097159091,0.0668402807052713,2989.30841037277,2922.27365252395,42.4307570466542,0.0052343431798962,2.22097143764987e-07,2.6673866966175e-06,0.0026673866966175,0.183707159786178,1.99,0.00134039532493341,0.0923151556714461
"573","5","8","O","13CP",12,94,"0508O_13CP_96HR","96HR","R3","209",NA,"209","1:1","5:1",20230622,113929,145,191.2350399,0.430389994,2.169620924,0.006500223,3.702261269,0.60834994,0.332728923,24052.99277,0,"",175.938653793773,1.91287228642551,179.180780829083,-106.504503709241,2111.26384552527,22.9544674371061,67.0347578488204,20.9810097159091,0.0668402807052713,2134.21831296238,2067.18355511356,22.8876271564008,0.0052343431798962,1.19801695110114e-07,1.43881835827247e-06,0.00143881835827247,0.12995238120106,2.01,0.000715830028991276,0.0646529259706764
"574","5","8","O","13CP",11,210,"0508O_13CP_72HR","72HR","R3","17",NA,"17","1:1","5:1",20230617,102813,81,245,9.1,2.8,0.1,6.9,0.4,0.5,27564.8,0,NA,240.270308035122,2.66128687648608,244.161621056401,-102.723335632798,2883.24369642146,31.9354425178329,735.983183544067,16.8769230769231,7.49645481794392,2915.17913893929,2179.19595539523,24.438987699889,0.0052343431798962,1.27922048590481e-07,1.53634380357168e-06,0.00153634380357168,0.136993980436232,2.01,0.000764350151030685,0.0681562091722549
"575","5","8","O","13CP",6,34,"0508O_13CP_24HR","24HR","R3","54","","54","1:1","5:1",20221220,14526,34,581.9896188,0.545561987,6.838473925,0.005646462,43.50145824,1.10819937,0.118711778,23393.61367,0,"",643.490167200714,7.45594603019373,651.554834189767,-59.4439194294966,7721.88200640857,89.4713523623247,424.976165308335,1.2062514755,4.58384078912491,7811.35335877089,7386.37719346256,84.8875115731998,0.0052343431798962,4.44330367261538e-07,5.33640771081107e-06,0.00533640771081107,0.464340625371766,2.01,0.00265492920935874,0.231015236503366
"576","5","8","O","13CP",9,233,"0508O_13CP_48HR","48HR","R3","80","","80","1:1","5:1",20230607,185231,113,319.54,0.22,3.68,0,20.47,0.29,0.23,23704.68,0,NA,329.460023757615,3.70606273331242,334.258586057155,-86.6774810106187,3953.52028509138,44.4727527997491,15.0157647633764,77.7772727272727,-0.0683732947856857,3997.99303789113,3982.97727312775,44.5411260945348,0.0052343431798962,2.33143539597825e-07,2.80005391056987e-06,0.00280005391056987,0.250387721802586,2.01,0.00139306164704969,0.124571005871933
"577","6","15","O","12CG",7,62,"0615O_12CG_48HR","48HR","R6","36","","36","1:1","5:1",20230603,63131,82,809.24,1.11,8.92,0.01,-25.49,0.24,0.34,23788.21,0,NA,915.403192382578,9.92722806259658,925.515439113024,-141.022910519487,10984.8383085909,119.126736751159,252.991137831703,20.2071428571429,2.26109448044047,11103.9650453421,10850.9739075104,116.865642270718,0.0052343431798962,6.11714877583924e-07,7.34669567978292e-06,0.00734669567978292,0.682140632428783,1.5,0.00489779711985528,0.454760421619189
"578","6","15","O","12CG",4,41,"0615O_12CG_24HR","24HR","R6",NA,"",NA,"1:1","5:1",20221216,93057,41,1244.191002,1.042328354,13.75825338,0.007965725,-20.12672157,0.808954448,0.244989849,23322.43724,0,"",1435.83727101946,15.6714216087698,1450.88904226444,-134.681098729801,17230.0472522336,188.057059305238,793.916531272768,48.7361922282857,9.27033442006797,17418.1043115388,16624.187780266,178.78672488517,0.0052343431798962,9.35831074058668e-07,1.12393311994446e-05,0.0112393311994446,1.04507061418668,1.5,0.0074928874662964,0.69671374279112
"579","6","15","O","12CG",10,14,"0615O_12CG_72HR","72HR","R6","25",NA,"25","1:1","5:1",20230608,202217,25,1026.1,1.1,11.3,0,-24.7,0.2,0.2,23570.1,0,NA,1174.88376323822,12.7528718571951,1187.42022042787,-140.088774546641,14098.6051588587,153.034462286341,24.4289815769401,27.7454545454545,-0.314456864368751,14251.639621145,14227.2106395681,153.34891915071,0.0052343431798962,8.02680869100972e-07,9.64019723790268e-06,0.00964019723790268,0.894385936791839,1.5,0.00642679815860179,0.596257291194559
"580","6","15","O","12CG",12,84,"0615O_12CG_96HR","96HR","R6","212",NA,"212","1:1","5:1",20230622,90923,135,847.4853747,0.948285047,9.342039157,0.008161925,-24.57247954,0.292989081,0.322377556,24101.15363,0,"",961.16512016891,10.4282920647204,971.707651164785,-139.937987902388,11533.9814420269,125.139504776645,67.0347578488204,20.9810097159091,0.0668402807052713,11659.1209468036,11592.0861889547,125.072664495939,0.0052343431798962,6.54673248395765e-07,7.86262571323314e-06,0.00786262571323314,0.728730256979929,1.5,0.00524175047548876,0.485820171319953
"581","6","15","O","12CP",4,70,"0615O_12CP_24HR","24HR","R6",NA,"",NA,"1:1","5:1",20221216,164617,70,1560.825843,1.066463427,17.15225271,0.009509612,-25.32927648,0.649279561,0.192587757,23326.28933,0,"",1814.70192699782,19.700931333848,1833.19648361215,-140.832862897064,21776.4231239738,236.411176006176,793.916531272768,48.7361922282857,9.27033442006797,22012.83429998,21218.9177687073,227.140841586108,0.0052343431798962,1.18893311503213e-06,1.42790867115359e-05,0.0142790867115359,1.33391584106401,1.5,0.0095193911410239,0.889277227376004
"582","6","15","O","12CP",7,38,"0615O_12CP_48HR","48HR","R6","34","","34","1:1","5:1",20230603,3115,58,858.52,1.22,9.45,0.01,-26.96,0.14,0.36,23836.59,0,NA,974.36843508186,10.5564680672761,985.018618994853,-142.76111289934,11692.4212209823,126.677616807313,252.991137831703,20.2071428571429,2.26109448044047,11819.0988377896,11566.1076999579,124.416522326873,0.0052343431798962,6.51238775108068e-07,7.8213776890479e-06,0.0078213776890479,0.727097133256208,1.5,0.0052142517926986,0.484731422170805
"583","6","15","O","12CP",14,194,"0615O_12CP_96HR","96HR","R6","7",NA,"7","1:1","5:1",20230624,50346,73,884.0169178,0.942369229,9.728085479,0.008952673,-25.97131996,0.197780998,0.308044019,24014.52805,0,"",1004.87638853479,10.8866237429502,1015.80951754063,-141.592047594278,12058.5166624175,130.639484915402,6.26500140855833,27.9244593812222,-0.56970687437247,12189.1561473329,12182.8911459244,131.209191789774,0.0052343431798962,6.86793938184498e-07,8.24839519759582e-06,0.00824839519759582,0.765870892504855,1.5,0.00549893013173054,0.510580595003237
"584","6","15","O","12CP",10,20,"0615O_12CP_72HR","72HR","R6","67",NA,"67","1:1","5:1",20230608,215221,31,1030.2,1.2,11.3,0,-25.5,0.2,0.3,23659.5,0,NA,1179.78955656345,12.7528718571951,1192.31809309431,-141.034735025473,14157.4746787614,153.034462286341,24.4289815769401,27.7454545454545,-0.314456864368751,14310.5091410477,14286.0801594708,153.34891915071,0.0052343431798962,8.02680869100972e-07,9.64019723790268e-06,0.00964019723790268,0.898086737464616,1.5,0.00642679815860179,0.598724491643078
"585","6","15","O","13CG",13,154,"0615O_13CG_96HR","96HR","R6","270",NA,"270","1:1","5:1",20230623,70702,54,762.5351421,0.768011998,8.763776729,0.00813537,16.91328917,0.162298432,0.329201846,24151.0889,0,"",859.519197226146,9.74175271962472,869.535046774637,-90.8831158603836,10314.2303667138,116.901032635497,50.4935566101421,79.34086271525,0.320981432927764,10431.1313993493,10380.6378427391,116.580051202569,0.0052343431798962,6.10219995924115e-07,7.32874215104863e-06,0.00732874215104863,0.652573208950317,1.5,0.00488582810069909,0.435048805966878
"586","6","15","O","13CG",10,133,"0615O_13CG_72HR","72HR","R6","75",NA,"75","1:1","5:1",20230610,20905,144,968.6,1,11.3,0,31.4,0.2,0.2,23542.2,0,NA,1106.08300318935,12.7528718571951,1118.73054278873,-73.7532959685836,13272.9960382722,153.034462286341,24.4289815769401,27.7454545454545,-0.314456864368751,13426.0305005585,13401.6015189816,153.34891915071,0.0052343431798962,8.02680869100972e-07,9.64019723790268e-06,0.00964019723790268,0.842484463941917,1.5,0.00642679815860179,0.561656309294611
"587","6","15","O","13CG",9,190,"0615O_13CG_48HR","48HR","R6","259","","259","1:1","5:1",20230607,80648,70,777.4,0.81,9.37,0.01,64.56,0.23,0.41,23707.67,0,NA,877.30551933986,10.4614884439282,888.016848137504,-34.5432341210187,10527.6662320783,125.537861327139,15.0157647633764,77.7772727272727,-0.0683732947856857,10653.2040934055,10638.1883286421,125.606234621924,0.0052343431798962,6.57466137545712e-07,7.896168311924e-06,0.007896168311924,0.668763981578993,1.5,0.00526411220794933,0.445842654385995
"588","6","15","O","13CG",4,56,"0615O_13CG_24HR","24HR","R6",NA,"",NA,"1:1","5:1",20221216,131608,56,1459.43156,1.240301616,22.02313853,0.014827918,338.3894553,1.111898639,0.193180046,23280.40227,0,"",1693.38012291067,25.4838675907728,1717.88933514383,289.24656919617,20320.5614749281,305.806411089273,793.916531272768,48.7361922282857,9.27033442006797,20626.3678860173,19832.4513547446,296.536076669205,0.0052343431798962,1.55217159050663e-06,1.86415808019846e-05,0.0186415808019846,1.24675637643686,1.5,0.0124277205346564,0.831170917624572
"589","6","15","O","13CP",8,100,"0615O_13CP_48HR","48HR","R6","40","","40","1:1","5:1",20230605,233000,69,813.06,0.92,9.1,0.01,-9.04,0.27,0.29,23772.43,0,NA,919.973955919738,10.1409322151292,930.293851470529,-121.571598173515,11039.6874710369,121.691186581551,83.7209787008222,21.8485714285714,0.266522390135628,11161.3786576184,11077.6576789176,121.424664191415,0.0052343431798962,6.3557836288152e-07,7.63329613820706e-06,0.00763329613820706,0.696390985669613,1.5,0.00508886409213804,0.464260657113075
"590","6","15","O","13CP",4,36,"0615O_13CP_24HR","24HR","R6",NA,"",NA,"1:1","5:1",20221216,81554,36,1429.905306,1.00704702,16.02718776,0.009246236,-6.209653708,0.762466241,0.211949563,23320.31583,0,"",1658.05092783943,18.3652032689372,1675.45439958414,-118.224853506466,19896.6111340732,220.382439227246,793.916531272768,48.7361922282857,9.27033442006797,20116.9935733005,19323.0770420277,211.112104807178,0.0052343431798962,1.10503320599098e-06,1.32714488039517e-05,0.0132714488039517,1.21473483451985,1.5,0.00884763253596781,0.809823223013235
"591","6","15","O","13CP",11,154,"0615O_13CP_72HR","72HR","R6","211",NA,"211","1:1","5:1",20230616,202154,25,1143.2,42.6,12.8,0.5,-15,0.4,0.5,27627.1,0,NA,1314.99800674646,14.5337397949673,1329.10014682789,-128.619003740809,15779.9760809575,174.404877539607,735.983183544067,16.8769230769231,7.49645481794392,15954.3809584971,15218.3977749531,166.908422721664,0.0052343431798962,8.73655964140371e-07,1.04926081293259e-05,0.0104926081293259,0.956696382393299,1.5,0.00699507208621724,0.637797588262199
"592","6","15","O","13CP",13,107,"0615O_13CP_96HR","96HR","R6","203",NA,"203","1:1","5:1",20230622,192121,7,861.0993139,0.864031102,9.686284149,0.007597203,-4.41975602,0.301991711,0.311155062,24372.08907,0,"",977.454674329245,10.8369953107147,988.382141122631,-116.108387913966,11729.4560919509,130.043943728576,50.4935566101421,79.34086271525,0.320981432927764,11859.5000356795,11809.0064790694,129.722962295648,0.0052343431798962,6.79014502968158e-07,8.15496418064758e-06,0.00815496418064758,0.742366834226052,1.5,0.00543664278709839,0.494911222817368
"593","6","5","O","12CG",9,145,"0605O_12CG_48HR","48HR","R6","225","","225","1:1","5:1",20230606,205112,25,596.95,0.45,6.58,0.01,-24.06,0.33,0.31,23829.62,0,NA,661.390786282122,7.14907407967197,669.117778040205,-139.332006163576,7936.68943538546,85.7888889560637,15.0157647633764,77.7772727272727,-0.0683732947856857,8022.47832434152,8007.46255957815,85.8572622508494,0.0052343431798962,4.49406375107293e-07,5.39737056503858e-06,0.00539737056503858,0.503384822514394,1.5,0.00359824704335906,0.335589881676263
"594","6","5","O","12CG",4,17,"0605O_12CG_24HR","24HR","R6",NA,"",NA,"1:1","",20221216,33042,17,5950.956586,3.897787549,65.77386078,0.036230029,-23.20952529,0.640796154,0.396912663,23112.83662,0,"",7067.64682842989,77.4267065970401,7135.74375517635,-138.326361833694,14135.2936568598,154.85341319408,793.916531272768,48.7361922282857,9.27033442006797,14290.1470700539,13496.2305387811,145.583078774012,0.0052343431798962,7.62031795489042e-07,9.15200186382339e-06,0.00915200186382339,0.848433266322457,1.5,0.00610133457588226,0.565622177548304
"595","6","5","O","12CG",14,181,"0605O_12CG_96HR","96HR","R6","9",NA,"9","1:1","5:1",20230624,14838,60,511.101835,0.257411094,5.72505141,0.003636577,-8.457917151,0.380578764,0.303498264,24069.52367,0,"",558.670455833401,6.13404039142228,565.541970687053,-120.883313960315,6704.04547000081,73.6084846970674,6.26500140855833,27.9244593812222,-0.56970687437247,6777.65395469788,6771.38895328932,74.1781915714399,0.0052343431798962,3.88274111149e-07,4.66317207489949e-06,0.00466317207489949,0.425679720768753,1.5,0.00310878138326633,0.283786480512502
"596","6","5","O","12CG",11,177,"0605O_12CG_72HR","72HR","R6","258",NA,"258","1:1","5:1",20230617,20918,48,652.1,11.7,7.2,0.1,-23.3,0.8,0.5,27594.6,0,NA,727.379689181176,7.88516616061781,735.740792334717,-138.433343708686,8728.55627017411,94.6219939274137,735.983183544067,16.8769230769231,7.49645481794392,8823.17826410152,8087.19508055745,87.1255391094698,0.0052343431798962,4.56044971432433e-07,5.47710010690351e-06,0.00547710010690351,0.508397164517016,1.5,0.00365140007126901,0.338931443011344
"597","6","5","O","12CP",12,23,"0605O_12CP_96HR","96HR","R6","40",NA,"40","1:1","5:1",20230621,173843,73,492.5517075,0.318515729,5.471007539,0.00480386,-16.81891434,0.306883063,0.304646639,24273.04942,0,"",536.474579815947,5.83242800165466,543.078449474096,-130.769780090834,6437.69495779136,69.989136019856,67.0347578488204,20.9810097159091,0.0668402807052713,6507.68409381122,6440.6493359624,69.9222957391507,0.0052343431798962,3.65997291824908e-07,4.39562747481715e-06,0.00439562747481715,0.404887952798831,1.51,0.00291101157272659,0.268137717085319
"598","6","5","O","12CP",4,25,"0605O_12CP_24HR","24HR","R6",NA,"",NA,"1:1","",20221216,53047,25,4870.546356,5.931744483,53.65733972,0.062743761,-26.35624403,0.575622637,0.394981088,23066.57847,0,"",5774.8982199328,63.0414240149765,5830.6079231339,-142.047201291242,11549.7964398656,126.082848029953,793.916531272768,48.7361922282857,9.27033442006797,11675.8792878956,10881.9627566228,116.812513609885,0.0052343431798962,6.11436783940433e-07,7.34335577512461e-06,0.00734335577512461,0.684088729743545,1.51,0.00486314951995007,0.453038893869897
"599","6","5","O","12CP",9,229,"0605O_12CP_48HR","48HR","R6","205","","205","1:1","5:1",20230607,175227,109,520.89,0.34,5.74,0,-22.32,0.3,0.22,23689.56,0,NA,570.382337424424,6.15178803451955,577.252800467173,-137.274542122117,6844.58804909308,73.8214564142346,15.0157647633764,77.7772727272727,-0.0683732947856857,6918.40950550732,6903.39374074394,73.8898297090203,0.0052343431798962,3.86764726201102e-07,4.64504436167523e-06,0.00464504436167523,0.433978130659464,1.51,0.00307618831899022,0.287402735536069
"600","6","5","O","12CP",10,101,"0605O_12CP_72HR","72HR","R6","51",NA,"51","1:1","5:1",20230609,180837,112,649,0.6,7.1,0,-24,0.2,0.2,23587.5,0,NA,723.670430813323,7.766441631433,731.918062448713,-139.261059127664,8684.04516975988,93.197299577196,24.4289815769401,27.7454545454545,-0.314456864368751,8777.24246933707,8752.81348776013,93.5117564415647,0.0052343431798962,4.89472624570018e-07,5.87856622108592e-06,0.00587856622108592,0.550240907310574,1.51,0.00389309021263968,0.364397951861307
"601","6","5","O","13CG",4,62,"0605O_13CG_24HR","24HR","R6",NA,"",NA,"1:1","",20221216,144612,62,5893.827328,6.963647442,103.5045944,0.124780606,552.1446024,0.889470763,0.392281724,23135.15896,0,"",6999.28967414418,122.222342445361,7112.57021802266,542.001470825432,13998.5793482884,244.444684890721,793.916531272768,48.7361922282857,9.27033442006797,14243.0240331791,13449.1075019063,235.174350470653,0.0052343431798962,1.23098325747258e-06,1.47841089222457e-05,0.0147841089222457,0.845470901980812,1.49,0.00992222075318505,0.567430135557592
"602","6","5","O","13CG",12,11,"0605O_13CG_96HR","96HR","R6","210",NA,"210","1:1","5:1",20230621,143835,61,446.7574516,0.266226891,5.307463518,0.004027983,51.33045999,0.277160946,0.318581789,24280.92805,0,"",481.680151784768,5.6382611327125,488.177119707536,-50.1865116242435,5780.16182141721,67.65913359255,67.0347578488204,20.9810097159091,0.0668402807052713,5847.82095500977,5780.78619716095,67.5922933118448,0.0052343431798962,3.53801259510398e-07,4.24915312671988e-06,0.00424915312671988,0.363406011854625,1.49,0.00285178062195965,0.243896652251426
"603","6","5","O","13CG",10,52,"0605O_13CG_72HR","72HR","R6","268",NA,"268","1:1","5:1",20230609,55249,63,515.7,0.3,6.2,0,64.5,0.2,0.2,23593.9,0,NA,564.172320995664,6.69792086876969,571.602327854424,-34.6141811569311,6770.06785194797,80.3750504252363,24.4289815769401,27.7454545454545,-0.314456864368751,6850.44290237321,6826.01392079627,80.689507289605,0.0052343431798962,4.22356572170528e-07,5.07250243176805e-06,0.00507250243176805,0.429113689940479,1.49,0.00340436404816647,0.287995765060724
"604","6","5","O","13CG",7,4,"0605O_13CG_48HR","48HR","R6","44","","44","1:1","5:1",20230602,160053,4,614.17,0.56,7.8,0.01,120.37,0.39,0.48,23872.27,0,NA,681.995118248064,8.59751333572668,691.146259008302,31.4493337834624,8183.94141897676,103.17016002872,252.991137831703,20.2071428571429,2.26109448044047,8287.11157900548,8034.12044117378,100.90906554828,0.0052343431798962,5.28192679042336e-07,6.34359407529846e-06,0.00634359407529846,0.505060655888048,1.49,0.00425744568811977,0.338966883146341
"605","6","5","O","13CP",9,132,"0605O_13CP_48HR","48HR","R6","191","","191","1:1","5:1",20230606,173601,12,559.1,0.35,6.33,0.01,1.84,0.79,0.33,23807.44,0,NA,616.1019381456,6.85226275670994,623.603400334971,-108.706535661407,7393.2232577472,82.2271530805193,15.0157647633764,77.7772727272727,-0.0683732947856857,7475.45041082771,7460.43464606434,82.295526375305,0.0052343431798962,4.30763027218545e-07,5.17346395689473e-06,0.00517346395689473,0.468996207256345,1.49,0.00347212346100317,0.314762555205601
"606","6","5","O","13CP",4,37,"0605O_13CP_24HR","24HR","R6",NA,"",NA,"1:1","",20221216,83055,37,5500.707312,6.205644583,62.55775022,0.067903513,5.071425189,0.729237159,0.396879412,23063.77745,0,"",6528.90783255762,73.6083944766171,6594.03260585579,-104.885535012539,13057.8156651152,147.216788953234,793.916531272768,48.7361922282857,9.27033442006797,13205.0324540685,12411.1159227957,137.946454533166,0.0052343431798962,7.22059083476539e-07,8.67192959255324e-06,0.00867192959255324,0.780218120224496,1.49,0.00582008697486795,0.523636322298319
"607","6","5","O","13CP",12,14,"0605O_13CP_96HR","96HR","R6","273",NA,"273","1:1","5:1",20230621,152337,64,466.7656222,0.267785755,5.293349588,0.004407801,3.618754631,0.343560924,0.316138021,24280.44838,0,"",505.620627340726,5.62150443577053,512.062081574681,-106.603246183326,6067.44752808872,67.4580532292464,67.0347578488204,20.9810097159091,0.0668402807052713,6134.90558131796,6067.87082346914,67.3912129485411,0.0052343431798962,3.52748735882128e-07,4.23651231794436e-06,0.00423651231794436,0.381453432318415,1.49,0.00284329685768078,0.256009014978802
"608","6","5","O","13CP",11,189,"0605O_13CP_72HR","72HR","R6","207",NA,"207","1:1","5:1",20230617,51043,60,623.5,10.8,7,0.1,-11.3,0.5,0.5,27586.2,0,NA,693.158789400343,7.64771710224819,701.336223360682,-124.243936526214,8317.90547280411,91.7726052269782,735.983183544067,16.8769230769231,7.49645481794392,8409.67807803109,7673.69489448702,84.2761504090343,0.0052343431798962,4.41130293121435e-07,5.29797482038843e-06,0.00529797482038843,0.482402697952105,1.49,0.00355568779891841,0.323760199967855
"609","6","7","O","12CG",4,45,"0607O_12CG_24HR","24HR","R6",NA,"",NA,"1:1","",20221216,103100,45,5677.621468,5.889753374,62.76857303,0.061037819,-22.76739995,0.642516853,0.385452091,23091.95354,0,"",6740.59180466555,73.8586928652038,6805.62665274792,-137.803570460781,13481.1836093311,147.717385730408,793.916531272768,48.7361922282857,9.27033442006797,13628.9009950615,12834.9844637887,138.44705131034,0.0052343431798962,7.24679378803015e-07,8.70339933942421e-06,0.00870339933942421,0.806864387839196,1.5,0.00580226622628281,0.537909591892797
"610","6","7","O","12CG",10,3,"0607O_12CG_72HR","72HR","R6","216",NA,"216","1:1","5:1",20230608,173707,14,532.4,0.3,5.9,0,-17.1,0.5,0.2,23671.6,0,NA,584.154454783773,6.34174728121525,591.193818520194,-131.102149997742,7009.85345740527,76.100967374583,24.4289815769401,27.7454545454545,-0.314456864368751,7085.95442477986,7061.52544320292,76.4154242389518,0.0052343431798962,3.99984554704032e-07,4.80381450199542e-06,0.00480381450199542,0.443918994994945,1.5,0.00320254300133028,0.295945996663297
"611","6","7","O","12CG",13,143,"0607O_12CG_96HR","96HR","R6","13",NA,"13","1:1","5:1",20230623,42151,43,424.833051,0.166094115,4.698431584,0.004437454,-21.39343973,0.338826335,0.327699372,24140.69268,0,"",455.446840047445,4.91519083648585,461.258611588168,-136.178930376273,5465.36208056934,58.9822900378302,50.4935566101421,79.34086271525,0.320981432927764,5524.34437060717,5473.85081399703,58.6613086049024,0.0052343431798962,3.07053420619857e-07,3.68771158164448e-06,0.00368771158164448,0.344110684248935,1.5,0.00245847438776299,0.229407122832623
"612","6","7","O","12CG",9,137,"0607O_12CG_48HR","48HR","R6","662","","662","1:1","5:1",20230606,185105,17,560.03,0.37,6.35,0,3.19,0.36,0.32,23779.17,0,NA,617.214715655955,6.87600766254691,624.738273269878,-107.110227353379,7406.57658787146,82.5120919505629,15.0157647633764,77.7772727272727,-0.0683732947856857,7489.08867982203,7474.07291505865,82.5804652453486,0.0052343431798962,4.32254495049645e-07,5.19137648554624e-06,0.00519137648554624,0.469853569693699,1.5,0.00346091765703083,0.313235713129133
"613","6","7","O","12CP",4,34,"0607O_12CP_24HR","24HR","R6",NA,"",NA,"1:1","",20221216,74553,34,4686.636038,4.861316759,51.71952538,0.049172397,-25.13097502,0.69099602,0.420599227,23136.74936,0,"",5554.84309542444,60.7407630633357,5608.59317008574,-140.598381216996,11109.6861908489,121.481526126671,793.916531272768,48.7361922282857,9.27033442006797,11231.1677169755,10437.2511857028,112.211191706604,0.0052343431798962,5.87351886017485e-07,7.05409615106999e-06,0.00705409615106999,0.656132176274569,1.5,0.00470273076737999,0.437421450849713
"614","6","7","O","12CP",12,72,"0607O_12CP_96HR","96HR","R6","254",NA,"254","1:1","5:1",20230622,55414,122,433.2770155,0.199038242,4.892612959,0.003783787,-0.879931535,0.303927399,0.329804144,24080.35201,0,"",465.550338750501,5.14573175971919,471.577767336926,-111.922720332954,5586.60406500601,61.7487811166303,67.0347578488204,20.9810097159091,0.0668402807052713,5648.35284612265,5581.31808827383,61.681940835925,0.0052343431798962,3.22864446337285e-07,3.87760200051079e-06,0.00387760200051079,0.35086655658495,1.5,0.00258506800034053,0.2339110377233
"615","6","7","O","12CP",10,130,"0607O_12CP_72HR","72HR","R6","27",NA,"27","1:1","5:1",20230610,12402,141,520.1,0.6,5.7,0,-21.8,0.3,0.2,23566.4,0,NA,569.4370748081,6.10429822284563,576.261279902991,-136.659667810877,6833.2448976972,73.2515786741475,24.4289815769401,27.7454545454545,-0.314456864368751,6906.49647637135,6882.06749479441,73.5660355385163,0.0052343431798962,3.85069876393034e-07,4.62468921548034e-06,0.00462468921548034,0.432637467690098,1.5,0.00308312614365356,0.288424978460066
"616","6","7","O","12CP",9,176,"0607O_12CP_48HR","48HR","R6","272","","272","1:1","5:1",20230607,43638,56,517.99,0.37,5.75,0.01,-22.58,0.2,0.62,23631.76,0,NA,566.912386048046,6.16366048743803,573.800397538876,-137.581979277738,6802.94863257655,73.9639258492564,15.0157647633764,77.7772727272727,-0.0683732947856857,6876.9125584258,6861.89679366243,74.0322991440421,0.0052343431798962,3.87510460116652e-07,4.65400062600099e-06,0.00465400062600099,0.431369447423533,1.5,0.00310266708400066,0.287579631615688
"617","6","7","O","13CG",4,64,"0607O_13CG_24HR","24HR","R6",NA,"",NA,"1:1","",20221216,151613,64,5510.079217,5.312717136,103.868222,0.114867145,665.9809507,0.99884081,0.395501968,23132.61394,0,"",6540.12164450729,122.654057601447,6654.57792973411,676.607329008301,13080.2432890146,245.308115202894,793.916531272768,48.7361922282857,9.27033442006797,13325.5514042175,12531.6348729447,236.037780782826,0.0052343431798962,1.23550274803842e-06,1.48383880039414e-05,0.0148383880039414,0.787794479137071,1.5,0.00989225866929425,0.525196319424714
"618","6","7","O","13CG",14,211,"0607O_13CG_96HR","96HR","R6","54",NA,"54","1:1","5:1",20230624,91858,90,405.2486735,0.201921713,4.909744681,0.004345086,72.72552216,0.24696842,0.289581722,24053.31667,0,"",432.013447750329,5.16607131600494,438.11548900166,-24.8879075555404,5184.16137300395,61.9928557920593,6.26500140855833,27.9244593812222,-0.56970687437247,5246.15422879601,5239.88922738745,62.5625626664318,0.0052343431798962,3.27473923209866e-07,3.93296181775049e-06,0.00393296181775049,0.329402815073853,1.5,0.00262197454516699,0.219601876715902
"619","6","7","O","13CG",9,243,"0607O_13CG_48HR","48HR","R6","219","","219","1:1","5:1",20230607,212241,123,535.12,0.4,7.54,0.01,248.65,0.47,0.25,23680.55,0,NA,587.409029867824,8.28882955984617,596.402287989874,183.13409656409,7048.90835841389,99.4659547181541,15.0157647633764,77.7772727272727,-0.0683732947856857,7148.37431313204,7133.35854836867,99.5343280129397,0.0052343431798962,5.20996831000082e-07,6.25717194031099e-06,0.00625717194031099,0.448434744475567,1.5,0.00417144796020732,0.298956496317045
"620","6","7","O","13CG",10,27,"0607O_13CG_72HR","72HR","R6","30",NA,"30","1:1","5:1",20230608,233728,38,533.5,0.4,6.7,0,115.8,0.3,0.3,23583.5,0,NA,585.470643236882,7.29154351469375,593.463564390009,26.0455345481375,7025.64771884258,87.498522176325,24.4289815769401,27.7454545454545,-0.314456864368751,7113.14624101891,7088.71725944197,87.8129790406937,0.0052343431798962,4.59643267948023e-07,5.52031564805576e-06,0.00552031564805576,0.445628393882482,1.5,0.00368021043203717,0.297085595921655
"621","6","7","O","13CP",10,103,"0607O_13CP_72HR","72HR","R6","272",NA,"272","1:1","5:1",20230609,183839,114,545.1,0.3,6.1,0,-8.2,0.4,0.3,23600.7,0,NA,599.350448742395,6.57919633958488,606.604198373147,-120.578339670742,7192.20538490874,78.9503560750185,24.4289815769401,27.7454545454545,-0.314456864368751,7271.15574098375,7246.72675940681,79.2648129393873,0.0052343431798962,4.1489923301503e-07,4.98293978851051e-06,0.0049829397885105,0.455561576023965,1.5,0.003321959859007,0.30370771734931
"622","6","7","O","13CP",12,35,"0607O_13CP_96HR","96HR","R6","95",NA,"95","1:1","5:1",20230621,203850,85,376.8680533,0.173583549,4.200385386,0.00485987,-13.13798459,0.435895205,0.288856361,24135.68384,0,"",398.055043569138,4.32388783278749,403.364509627042,-126.417262504765,4776.66052282965,51.8866539934499,67.0347578488204,20.9810097159091,0.0668402807052713,4828.5471768231,4761.51241897428,51.8198137127446,0.0052343431798962,2.71242688490796e-07,3.25762468877446e-06,0.00325762468877446,0.299329914575551,1.5,0.00217174979251631,0.199553276383701
"623","6","7","O","13CP",4,18,"0607O_13CP_24HR","24HR","R6",NA,"",NA,"1:1","",20221216,34543,18,4610.513778,4.471876489,52.9836891,0.044273187,15.4943561,0.855895671,0.403447438,23484.89816,0,"",5463.76015030029,62.2416354880309,5519.16745700483,-92.5609341182923,10927.5203006006,124.483270976062,793.916531272768,48.7361922282857,9.27033442006797,11052.0035715766,10258.0870403039,115.212936555994,0.0052343431798962,6.0306404869768e-07,7.24279922485914e-06,0.00724279922485914,0.644869118737736,1.5,0.00482853281657276,0.429912745825157
"624","6","7","O","13CP",7,14,"0607O_13CP_48HR","48HR","R6","54","","54","1:1","5:1",20230602,183100,14,525.73,0.35,5.96,0,-0.51,0.16,0.56,23794.66,0,NA,576.173566618103,6.41298199872614,583.297492099417,-111.485294567974,6914.08279941724,76.9557839847137,252.991137831703,20.2071428571429,2.26109448044047,6991.03858340195,6738.04744557025,74.6946895042732,0.0052343431798962,3.90977638581156e-07,4.69564143935969e-06,0.00469564143935969,0.423583724837377,1.5,0.00313042762623979,0.282389149891585
"625","7","13","O","12CG",14,165,"0713O_12CG_96HR","96HR","R2","260",NA,"260","1:1","5:1",20230623,214827,44,229.0398737,0.345328659,2.554811095,0.006244483,-11.84006504,0.671786045,0.256293961,24094.79247,0,"",221.173458993103,2.37018750341143,224.802701448192,-124.882536756012,2654.08150791724,28.4422500409372,6.26500140855833,27.9244593812222,-0.56970687437247,2682.52375795817,2676.25875654961,29.0119569153096,0.0052343431798962,1.51858538815093e-07,1.82382105116927e-06,0.00182382105116927,0.168241565807495,1.5,0.00121588070077951,0.112161043871663
"626","7","13","O","12CG",7,67,"0713O_12CG_48HR","48HR","R2","17","x","17","1:1","5:1",20230603,74634,87,362.04,0.25,4.02,0.01,-18.21,0.38,0.4,23767.76,0,NA,380.312759445916,4.10972613254078,385.435382406033,-132.414670162121,4563.75311335099,49.3167135904894,252.991137831703,20.2071428571429,2.26109448044047,4613.06982694148,4360.07868910977,47.0556191100489,0.0052343431798962,2.46305258964478e-07,2.95812616016338e-06,0.00295812616016338,0.274093999283332,1.5,0.00197208410677559,0.182729332855554
"627","7","13","O","12CG",4,12,"0713O_12CG_24HR","24HR","R2",NA,"",NA,"1:1","",20221216,21539,12,4365.419329,4.321213267,48.37855161,0.044132852,-21.35520336,0.640364411,0.440721236,23175.06992,0,"",5170.49607421402,56.7742076847152,5220.87555956791,-136.133717757681,10340.992148428,113.54841536943,793.916531272768,48.7361922282857,9.27033442006797,10454.5405637975,9660.6240325247,104.278080949362,0.0052343431798962,5.45827261829958e-07,6.5553854145778e-06,0.0065553854145778,0.607309928433425,1.5,0.00437025694305187,0.404873285622283
"628","7","13","O","12CG",10,89,"0713O_12CG_72HR","72HR","R2","229",NA,"229","1:1","5:1",20230609,150826,100,433.3,0.2,4.8,0,-16.8,0.5,0.2,23522.6,0,NA,465.577840508229,5.03577746018232,471.494588964696,-130.74741481818,5586.93408609875,60.4293295221878,24.4289815769401,27.7454545454545,-0.314456864368751,5647.36341562094,5622.934434044,60.7437863865566,0.0052343431798962,3.17953823993544e-07,3.81862542616246e-06,0.00381862542616246,0.353482745755158,1.5,0.00254575028410831,0.235655163836772
"629","7","13","O","12CP",9,237,"0713O_12CP_48HR","48HR","R2","40","","40","1:1","5:1",20230607,195234,117,343.89,0.2,3.82,0,-17.02,0.38,0.25,23721.21,0,NA,358.595649969618,3.87227707417116,363.514415715979,-131.007553949859,4303.14779963541,46.4673248900539,15.0157647633764,77.7772727272727,-0.0683732947856857,4349.61512452546,4334.59935976209,46.5356981848396,0.0052343431798962,2.43583814415523e-07,2.92544161113043e-06,0.00292544161113043,0.272492254962201,1.5,0.00195029440742029,0.181661503308134
"630","7","13","O","12CP",12,48,"0713O_12CP_96HR","96HR","R2","12",NA,"12","1:1","5:1",20230621,235358,98,233.342989,0.296042088,2.602084029,0.006030719,-12.79562144,0.589114813,0.293750577,24070.73507,0,"",226.322286875154,2.42631207173478,229.999688672514,-126.01243499313,2715.86744250185,29.1157448608173,67.0347578488204,20.9810097159091,0.0668402807052713,2744.98318736267,2677.94842951385,29.0489045801121,0.0052343431798962,1.52051935572365e-07,1.8261437462241e-06,0.0018261437462241,0.168347786188656,1.5,0.0012174291641494,0.112231857459104
"631","7","13","O","12CP",10,110,"0713O_12CP_72HR","72HR","R2","245",NA,"245","1:1","5:1",20230609,202344,121,338.1,0.2,3.8,0,-16.2,0.5,0.2,23560.8,0,NA,351.667712566435,3.8485321683342,356.573771766703,-130.037944459057,4220.01255079722,46.1823860200104,24.4289815769401,27.7454545454545,-0.314456864368751,4266.19493681723,4241.76595524029,46.4968428843791,0.0052343431798962,2.43380432438555e-07,2.92299899358704e-06,0.00292299899358704,0.26665633296932,1.5,0.0019486659957247,0.177770888646213
"632","7","13","O","12CP",4,42,"0713O_12CP_24HR","24HR","R2",NA,"",NA,"1:1","",20221216,94558,42,3128.598133,3.189275592,34.59869565,0.032327082,-22.75193858,0.566868915,0.402012334,23074.80228,0,"",3690.59627718164,40.4141385738599,3726.90367931934,-137.785288154571,7381.19255436327,80.8282771477198,793.916531272768,48.7361922282857,9.27033442006797,7462.02083151099,6668.10430023823,71.5579427276518,0.0052343431798962,3.74558829483887e-07,4.49845154210148e-06,0.00449845154210148,0.419186786664129,1.5,0.00299896769473432,0.279457857776086
"633","7","13","O","13CG",14,224,"0713O_13CG_96HR","96HR","R2","271",NA,"271","1:1","5:1",20230624,123406,103,215.5767203,0.273035069,2.728788601,0.0050852,120.4307565,0.407742961,0.309393542,24082.35739,0,"",205.064325313544,2.57674147829741,208.927410869956,31.5211753432525,2460.77190376253,30.9208977395689,6.26500140855833,27.9244593812222,-0.56970687437247,2491.6928015021,2485.42780009354,31.4906046139414,0.0052343431798962,1.64832631491792e-07,1.97963990421642e-06,0.00197963990421642,0.156245080475074,1.5,0.00131975993614428,0.104163386983383
"634","7","13","O","13CG",10,74,"0713O_13CG_72HR","72HR","R2","38",NA,"38","1:1","5:1",20230609,112311,85,391.5,0.2,5.2,0,167.9,0.3,0.2,23526.4,0,NA,415.562679290088,5.51067557692157,422.03802106452,87.6512107320377,4986.75215148106,66.1281069230588,24.4289815769401,27.7454545454545,-0.314456864368751,5052.88025840412,5028.45127682718,66.4425637874276,0.0052343431798962,3.47783180615539e-07,4.17687599919263e-06,0.00417687599919263,0.316110882152071,1.5,0.00278458399946175,0.210740588101381
"635","7","13","O","13CG",7,41,"0713O_13CG_48HR","48HR","R2","78","","78","1:1","5:1",20230603,11617,61,417.13,0.24,6.12,0.01,297.37,0.99,0.4,23824.88,0,NA,446.229870247527,6.60294124542184,453.754733087459,240.743089724927,5354.75844297033,79.2352949450621,252.991137831703,20.2071428571429,2.26109448044047,5433.99373791539,5181.00260008369,76.9742004646216,0.0052343431798962,4.02909381229955e-07,4.83894166857176e-06,0.00483894166857176,0.325700938953518,1.5,0.00322596111238117,0.217133959302345
"636","7","13","O","13CG",4,48,"0713O_13CG_24HR","24HR","R2",NA,"",NA,"1:1","",20221216,111602,48,4341.180289,4.312827561,81.10721029,0.096250632,650.583844,1.121269135,0.416250661,23087.78018,0,"",5141.49321552088,95.6311536110493,5231.01728427066,658.401010975112,10282.9864310418,191.262307222099,793.916531272768,48.7361922282857,9.27033442006797,10474.2487382639,9680.3322069911,181.991972802031,0.0052343431798962,9.52608441632163e-07,1.14408273840023e-05,0.0114408273840023,0.608548872210188,1.5,0.00762721825600152,0.405699248140126
"637","7","13","O","13CP",12,71,"0713O_13CP_96HR","96HR","R2","972",NA,"972","1:1","5:1",20230622,53913,121,220.0285241,0.39104317,2.479629413,0.006334211,-3.205479455,0.681224069,0.345618763,24025.7765,0,"",210.391064183605,2.28092840542371,213.947903107001,-114.67256586289,2524.69277020326,27.3711408650845,67.0347578488204,20.9810097159091,0.0668402807052713,2552.06391106834,2485.02915321952,27.3043005843792,0.0052343431798962,1.42920079545681e-07,1.71647015534363e-06,0.00171647015534363,0.156220019753974,1.49,0.00115199339284807,0.104845650841593
"638","7","13","O","13CP",4,54,"0713O_13CP_24HR","24HR","R2",NA,"",NA,"1:1","",20221216,124607,54,3386.781279,3.719880483,38.6388206,0.036374624,8.649009749,0.628687083,0.374781584,23056.60942,0,"",3999.52143677486,45.2107578992255,4040.15640890255,-100.655218008241,7999.04287354972,90.4215157984511,793.916531272768,48.7361922282857,9.27033442006797,8089.46438934817,7295.5478580754,81.1511813783831,0.0052343431798962,4.24773132788459e-07,5.10152532478939e-06,0.00510152532478939,0.458630688106025,1.49,0.00342384249985865,0.307805830943641
"639","7","13","O","13CP",9,164,"0713O_13CP_48HR","48HR","R2","244","","244","1:1","5:1",20230607,13628,44,376.21,0.19,4.28,0,5.1,0.34,0.47,23810.04,0,NA,397.267659791874,4.4184099084213,402.673504985732,-104.851746710168,4767.21191750249,53.0209189010556,15.0157647633764,77.7772727272727,-0.0683732947856857,4820.23283640354,4805.21707164017,53.0892921958413,0.0052343431798962,2.77887574530818e-07,3.33742977011512e-06,0.00333742977011512,0.302077384034394,1.49,0.00223988575175512,0.202736499351942
"640","7","13","O","13CP",11,200,"0713O_13CP_72HR","72HR","R2","593",NA,"593","1:1","5:1",20230617,75701,71,347.4,3.9,3.9,0,-2.2,0.5,0.5,27601.7,0,NA,362.795487669993,3.96725669751901,367.80304080684,-113.483636079506,4353.54585203991,47.6070803702281,735.983183544067,16.8769230769231,7.49645481794392,4401.15293241014,3665.16974886607,40.1106255522842,0.0052343431798962,2.09952779300969e-07,2.52153287940464e-06,0.00252153287940464,0.230408922900449,1.49,0.00169230394590915,0.154636861007013
"641","7","16","O","12CG",9,211,"0716O_12CG_48HR","48HR","R2","16","","16","1:1","5:1",20230607,132209,91,362.17,0.19,4.01,0,-20.4,0.42,0.3,23708.32,0,NA,380.468308990374,4.0978536796223,385.578734776758,-135.004236972922,4565.61970788449,49.1742441554676,15.0157647633764,77.7772727272727,-0.0683732947856857,4614.79395203996,4599.77818727658,49.2426174502533,0.0052343431798962,2.57752758810971e-07,3.09561063331976e-06,0.00309561063331976,0.289162579179113,1.5,0.00206374042221317,0.192775052786076
"642","7","16","O","12CG",12,76,"0716O_12CG_96HR","96HR","R2","401",NA,"401","1:1","5:1",20230622,65417,126,228.0392144,0.72953737,2.544955094,0.010281494,-12.08671312,0.69874857,0.297189858,24009.84726,0,"",219.976135160234,2.35848601262773,223.595536747755,-125.174185925837,2639.71362192281,28.3018321515328,67.0347578488204,20.9810097159091,0.0668402807052713,2668.01545407434,2600.98069622552,28.2349918708275,0.0052343431798962,1.47791637133491e-07,1.77497756197322e-06,0.00177497756197322,0.16350925107564,1.5,0.00118331837464881,0.10900616738376
"643","7","16","O","12CG",4,2,"0716O_12CG_24HR","24HR","R2",NA,"",NA,"1:1","5:1",20221215,234532,2,670.105752,0.727003056,7.408744249,0.00716405,-20.64787137,0.773290539,0.26547464,23448.91602,0,"",748.924200882943,8.13299678744343,757.499885825204,-135.297332622739,8987.09041059531,97.5959614493212,793.916531272768,48.7361922282857,9.27033442006797,9084.68637204463,8290.76984077186,88.3256270292532,0.0052343431798962,4.62326643450627e-07,5.55254298784203e-06,0.00555254298784203,0.521194782211321,1.5,0.00370169532522802,0.34746318814088
"644","7","16","O","12CG",12,NA,"0716O_12CG_96HR","96HR","R2","402",NA,"402","1:1","5:1",20230622,80920,131,263.2772916,0.347073086,2.920203464,0.006456408,-18.79410576,0.552787817,0.338140011,24047.03259,0,"*rerun",262.139726360599,2.80399787318391,266.139325496639,-133.105346367643,3145.67671632719,33.6479744782069,67.0347578488204,20.9810097159091,0.0668402807052713,3179.3246908054,3112.28993295658,33.5811341975017,0.0052343431798962,1.75775180759872e-07,2.11105992092606e-06,0.00211105992092606,0.195652430949015,1.5,0.00140737328061737,0.13043495396601
"645","7","16","O","12CG",10,29,"0716O_12CG_72HR","72HR","R2","214",NA,"214","1:1","5:1",20230609,729,40,415.7,0.2,4.6,0,-12.6,1.2,0.2,23620.2,0,NA,444.518825258486,4.79832840181269,450.230653973799,-125.781122304315,5334.22590310183,57.5799408217523,24.4289815769401,27.7454545454545,-0.314456864368751,5391.80584392358,5367.37686234664,57.8943976861211,0.0052343431798962,3.03039145682546e-07,3.63950013964738e-06,0.00363950013964738,0.337417256605015,1.5,0.00242633342643159,0.224944837736677
"646","7","16","O","12CP",12,6,"0716O_12CP_96HR","96HR","R2","66",NA,"66","1:1","5:1",20230621,132332,56,194.929027,0.451945999,2.168052288,0.007615332,-15.77409292,0.865873496,0.317222072,24272.08102,0,"",180.358638491003,1.91100993071989,183.591755333448,-129.534330377388,2164.30366189204,22.9321191686386,67.0347578488204,20.9810097159091,0.0668402807052713,2187.23578106067,2120.20102321185,22.8652788879334,0.0052343431798962,1.19684716603478e-07,1.43741344640778e-06,0.00143741344640778,0.133285295787953,1.5,0.000958275630938517,0.0888568638586356
"647","7","16","O","12CP",9,227,"0716O_12CP_48HR","48HR","R2","55","","55","1:1","5:1",20230607,172225,107,283.51,0.49,3.14,0.01,-17.6,0.67,0.21,23572.27,0,NA,286.348869243509,3.06495027571444,290.571951078667,-131.693375297012,3436.18643092211,36.7794033085733,15.0157647633764,77.7772727272727,-0.0683732947856857,3472.96583423068,3457.95006946731,36.847776603359,0.0052343431798962,1.92873908158131e-07,2.31641563697915e-06,0.00231641563697915,0.217382169324079,1.5,0.00154427709131943,0.144921446216052
"648","7","16","O","12CP",10,114,"0716O_12CP_72HR","72HR","R2","239",NA,"239","1:1","5:1",20230609,212348,125,329.4,0.3,3.6,0,-18.2,0.4,0.2,23647.5,0,NA,341.2578584373,3.61108310996457,345.941804271255,-132.402845656135,4095.0943012476,43.3329973195749,24.4289815769401,27.7454545454545,-0.314456864368751,4138.42729856718,4113.99831699024,43.6474541839436,0.0052343431798962,2.28465754127557e-07,2.74387370707196e-06,0.00274387370707196,0.258624289182034,1.5,0.00182924913804797,0.172416192788023
"649","7","16","O","12CP",4,8,"0716O_12CP_24HR","24HR","R2",NA,"",NA,"1:1","5:1",20221216,11536,8,453.941182,0.369996356,5.034008155,0.006309087,-17.18353821,1.079286585,0.236337559,23428.19572,0,"",490.275736332702,5.31360254046013,496.432155615175,-131.200929804157,5883.30883599243,63.7632304855216,793.916531272768,48.7361922282857,9.27033442006797,5947.07206647795,5153.15553520518,54.4928960654536,0.0052343431798962,2.85234518873e-07,3.42566657166472e-06,0.00342566657166472,0.323950348213053,1.5,0.00228377771444315,0.215966898808702
"650","7","16","O","13CG",7,25,"0716O_13CG_48HR","48HR","R2","20","","20","1:1","5:1",20230602,211607,25,351.51,0.17,4.61,0,159.27,0.61,0.45,23861.01,0,NA,367.713246344791,4.81020085473118,373.561027697633,77.4466620666431,4412.55895613749,57.7224102567741,252.991137831703,20.2071428571429,2.26109448044047,4470.28136639426,4217.29022856256,55.4613157763336,0.0052343431798962,2.90303559981921e-07,3.48654575538288e-06,0.00348654575538288,0.265117679589687,1.5,0.00232436383692192,0.176745119726458
"651","7","16","O","13CG",10,106,"0716O_13CG_72HR","72HR","R2","119",NA,"119","1:1","5:1",20230609,192341,117,371.9,0.2,4.6,0,100.6,0.3,0.2,23649.1,0,NA,392.110594125601,4.79832840181269,397.907038659121,8.07228545033942,4705.32712950722,57.5799408217523,24.4289815769401,27.7454545454545,-0.314456864368751,4762.90707032897,4738.47808875203,57.8943976861211,0.0052343431798962,3.03039145682546e-07,3.63950013964738e-06,0.00363950013964738,0.29788187380803,1.5,0.00242633342643159,0.19858791587202
"652","7","16","O","13CG",14,189,"0716O_13CG_96HR","96HR","R2","13",NA,"13","1:1","5:1",20230624,34844,68,220.4892953,0.407979001,2.654002298,0.006133927,66.42580302,0.669378686,0.257093775,24058.00182,0,"",210.942393031755,2.48795179216593,214.706648193141,-32.3370142232632,2531.30871638106,29.8554215059912,6.26500140855833,27.9244593812222,-0.56970687437247,2561.16413788705,2554.89913647849,30.4251283803637,0.0052343431798962,1.59255563235223e-07,1.91265931445502e-06,0.00191265931445502,0.16061235863289,1.5,0.00127510620963668,0.10707490575526
"653","7","16","O","13CG",4,4,"0716O_13CG_24HR","24HR","R2",NA,"",NA,"1:1","5:1",20221216,1533,4,637.7033799,0.618794525,11.36892109,0.014676115,579.9486168,1.559377653,0.238493634,23427.11644,0,"",710.153629963524,12.8346980968066,723.522751500161,574.878344294509,8521.84355956229,154.01637716168,793.916531272768,48.7361922282857,9.27033442006797,8675.85993672397,7881.9434054512,144.746042741612,0.0052343431798962,7.57650461641519e-07,9.09938204431464e-06,0.00909938204431464,0.495494128470902,1.5,0.00606625469620976,0.330329418980601
"654","7","16","O","13CP",13,110,"0716O_13CP_96HR","96HR","R2","58",NA,"58","1:1","5:1",20230622,200623,10,169.0253016,0.469097938,1.906967682,0.006875251,-2.193523257,0.902707369,0.344857277,24320.08608,0,"",149.363925523744,1.60103846147236,152.335192467338,-113.475977650869,1792.36710628492,19.2124615376684,50.4935566101421,79.34086271525,0.320981432927764,1811.57956782259,1761.08601121245,18.8914801047406,0.0052343431798962,9.88844900443937e-08,1.18760272543317e-06,0.00118760272543317,0.110709723909526,1.5,0.000791735150288779,0.0738064826063505
"655","7","16","O","13CP",10,96,"0716O_13CP_72HR","72HR","R2","234",NA,"234","1:1","5:1",20230609,165332,107,295.7,0.3,3.4,0,4.6,1.4,0.2,23561.5,0,NA,300.934630373871,3.37363405159495,305.444759541401,-105.442972009438,3611.21556448646,40.4836086191394,24.4289815769401,27.7454545454545,-0.314456864368751,3651.6991731056,3627.27019152865,40.7980654835082,0.0052343431798962,2.13551075816559e-07,2.56474842055688e-06,0.00256474842055688,0.228026387633912,1.5,0.00170983228037125,0.152017591755941
"656","7","16","O","13CP",9,153,"0716O_13CP_48HR","48HR","R2","232","","232","1:1","5:1",20230606,225119,33,275.25,0.32,3.1,0.01,-2.2,0.34,0.34,23811.03,0,NA,276.465490495618,3.01746046404051,280.656745436844,-113.483636079506,3317.58588594742,36.2095255684862,15.0157647633764,77.7772727272727,-0.0683732947856857,3353.79541151591,3338.77964675253,36.2778988632719,0.0052343431798962,1.89890972495931e-07,2.28059057967613e-06,0.00228059057967613,0.209890584862596,1.5,0.00152039371978409,0.139927056575064
"657","7","16","O","13CP",4,19,"0716O_13CP_24HR","24HR","R2",NA,"",NA,"1:1","5:1",20221216,40043,19,298.2001252,1.592553798,3.423739867,0.020007236,17.48665645,1.658954599,0.239016926,23303.74806,0,"",303.926117573477,3.4018190969198,308.459776547608,-90.2051373769647,3647.11341088173,40.8218291630376,793.916531272768,48.7361922282857,9.27033442006797,3687.93524004477,2894.018708772,31.5514947429696,0.0052343431798962,1.65151351323394e-07,1.98346772939396e-06,0.00198346772939396,0.18193092795994,1.5,0.00132231181959597,0.121287285306627
"658","7","6","O","12CG",10,30,"0706O_12CG_72HR","72HR","R2","207",NA,"207","1:1","5:1",20230609,2230,41,319,0.2,3.6,0,-11.6,0.9,0.2,23632.7,0,NA,328.813894880634,3.61108310996457,333.517932141742,-124.598671705776,3945.76673856761,43.3329973195749,24.4289815769401,27.7454545454545,-0.314456864368751,3989.09973588718,3964.67075431024,43.6474541839436,0.0052343431798962,2.28465754127557e-07,2.74387370707196e-06,0.00274387370707196,0.249236892353526,1.5,0.00182924913804797,0.166157928235684
"659","7","6","O","12CG",9,196,"0706O_12CG_48HR","48HR","R2","260","","260","1:1","5:1",20230607,93654,76,308.42,0.21,3.43,0,-16.92,0.48,0.39,23670.69,0,NA,316.15455503164,3.40925141035039,320.675948930948,-130.889308890005,3793.85466037969,40.9110169242047,15.0157647633764,77.7772727272727,-0.0683732947856857,3834.76567730389,3819.74991254051,40.9793902189904,0.0052343431798962,2.14500191709077e-07,2.57614730242602e-06,0.00257614730242602,0.240126521662423,1.5,0.00171743153495068,0.160084347774948
"660","7","6","O","12CG",4,6,"0706O_12CG_24HR","24HR","R2",NA,"",NA,"1:1","",20221216,4535,6,3268.957017,4.38015747,36.18667714,0.047833686,-21.66520603,0.603887566,0.395174494,23051.40905,0,"",3858.54058846533,42.2994621214044,3896.47384336096,-136.500280600371,7717.08117693066,84.5989242428087,793.916531272768,48.7361922282857,9.27033442006797,7801.68010117347,7007.7635699007,75.3285898227408,0.0052343431798962,3.94295690389861e-07,4.73549124158223e-06,0.00473549124158223,0.440539283775701,1.5,0.00315699416105482,0.293692855850468
"661","7","6","O","12CG",14,234,"0706O_12CG_96HR","96HR","R2","43",NA,"43","1:1","5:1",20230624,150413,113,203.1659772,0.396200221,2.260658894,0.005881938,-15.31684788,0.427739326,0.316753865,24040.10286,0,"",190.214437347433,2.02095668768742,193.54226962703,-128.993660706161,2282.5732481692,24.251480252249,6.26500140855833,27.9244593812222,-0.56970687437247,2306.82472842145,2300.55972701289,24.8211871266215,0.0052343431798962,1.29922611553159e-07,1.56037056475343e-06,0.00156037056475343,0.144623448595576,1.5,0.00104024704316896,0.0964156323970505
"662","7","6","O","12CP",14,221,"0706O_12CP_96HR","96HR","R2","244",NA,"244","1:1","5:1",20230624,114904,100,186.9567491,0.315169412,2.092261704,0.005685109,-9.564835555,0.584585882,0.313918611,24073.61333,0,"",170.81952929377,1.82102791669947,173.97750785895,-122.192190289659,2049.83435152524,21.8523350003936,6.26500140855833,27.9244593812222,-0.56970687437247,2071.68668652564,2065.42168511708,22.4220418747661,0.0052343431798962,1.17364661966529e-07,1.40954959021801e-06,0.00140954959021801,0.129841622192339,1.5,0.000939699726812006,0.086561081461559
"663","7","6","O","12CP",4,57,"0706O_12CP_24HR","24HR","R2",NA,"",NA,"1:1","",20221216,133108,57,2901.415912,2.599569057,32.06906156,0.022129837,-23.07104991,0.665338247,0.390003139,23024.3384,0,"",3418.76480806177,37.4108424104089,3452.48918756248,-138.16262153773,6837.52961612355,74.8216848208178,793.916531272768,48.7361922282857,9.27033442006797,6912.35130094437,6118.4347696716,65.5513504007498,0.0052343431798962,3.43118263903151e-07,4.12085034947684e-06,0.00412085034947684,0.384632107572326,1.5,0.00274723356631789,0.256421405048217
"664","7","6","O","12CP",9,208,"0706O_12CP_48HR","48HR","R2","6","x","6","1:1","5:1",20230607,123706,88,265.17,0.41,3,0.01,1.24,1.57,0.35,23657.73,0,NA,264.404418125311,2.8987359348557,268.495685986994,-109.41600602053,3172.85301750373,34.7848312182684,15.0157647633764,77.7772727272727,-0.0683732947856857,3207.637848722,3192.62208395862,34.8532045130541,0.0052343431798962,1.82433633340432e-07,2.19102793641859e-06,0.00219102793641859,0.200702468370169,1.5,0.00146068529094573,0.133801645580113
"665","7","6","O","12CP",11,168,"0706O_12CP_72HR","72HR","R2","58",NA,"58","1:1","5:1",20230616,235314,39,291.6,8.3,3.3,0.1,-14.8,1.2,0.5,27622.3,0,NA,296.028837048647,3.25490952241014,300.427426566021,-128.382513621102,3552.34604458376,39.0589142689217,735.983183544067,16.8769230769231,7.49645481794392,3591.40495885269,2855.42177530862,31.5624594509777,0.0052343431798962,1.65208744367976e-07,1.98415701985939e-06,0.00198415701985939,0.179504552518718,1.5,0.00132277134657292,0.119669701679145
"666","7","6","O","13CG",4,15,"0706O_13CG_24HR","24HR","R2",NA,"",NA,"1:1","",20221216,30041,15,3172.194649,3.839439477,58.68487011,0.047387311,635.1241557,1.123590187,0.390439185,23105.91713,0,"",3742.76103259526,69.0103358001274,3807.75763044015,640.120693291545,7485.52206519051,138.020671600255,793.916531272768,48.7361922282857,9.27033442006797,7623.54273679077,6829.626205518,128.750337180187,0.0052343431798962,6.73923449328446e-07,8.09382062643464e-06,0.00809382062643464,0.429340774274623,1.5,0.00539588041762309,0.286227182849748
"667","7","6","O","13CG",14,186,"0706O_13CG_96HR","96HR","R2","563",NA,"563","1:1","5:1",20230624,30341,65,206.068294,0.357046443,2.785782483,0.006490555,197.4340764,0.805859975,0.273129841,24071.34888,0,"",193.687160856001,2.64440719636606,197.636700504382,122.573797048525,2324.24593027201,31.7328863563927,6.26500140855833,27.9244593812222,-0.56970687437247,2355.9788166284,2349.71381521984,32.3025932307652,0.0052343431798962,1.69082858570417e-07,2.0306851314307e-06,0.0020306851314307,0.14771349388568,1.5,0.00135379008762047,0.0984756625904536
"668","7","6","O","13CG",11,183,"0706O_13CG_72HR","72HR","R2","222",NA,"222","1:1","5:1",20230617,34000,54,318,6.3,4.4,0,228.3,15.9,0.5,27590.1,0,NA,327.617359923262,4.56087934344307,333.279011523867,159.071226883814,3931.40831907915,54.7305521213169,735.983183544067,16.8769230769231,7.49645481794392,3986.13887120046,3250.1556876564,47.2340973033729,0.0052343431798962,2.47239475078463e-07,2.96934609569235e-06,0.00296934609569235,0.204319287389994,1.5,0.0019795640637949,0.136212858259996
"669","7","6","O","13CG",9,129,"0706O_13CG_48HR","48HR","R2","877","x","877","1:1","5:1",20230606,165058,9,263.07,0.32,4.1,0.01,376.66,0.82,0.4,23843.93,0,NA,261.89169471483,4.20470575588863,267.301082897618,334.499597683112,3142.70033657796,50.4564690706636,15.0157647633764,77.7772727272727,-0.0683732947856857,3193.15680564862,3178.14104088525,50.5248423654493,0.0052343431798962,2.6446436405092e-07,3.17621701225155e-06,0.00317621701225155,0.199792125394092,1.5,0.0021174780081677,0.133194750262728
"670","7","6","O","13CP",4,58,"0706O_13CP_24HR","24HR","R2",NA,"",NA,"1:1","",20221216,134609,58,2273.559639,2.263562892,25.78598589,0.021390162,2.815167068,0.671588144,0.369561403,23051.33716,0,"",2667.51282921211,29.9512904028759,2694.94436254627,-107.553448778174,5335.02565842422,59.9025808057518,793.916531272768,48.7361922282857,9.27033442006797,5394.92823922998,4601.01170795721,50.6322463856839,0.0052343431798962,2.65026553551728e-07,3.18296890815626e-06,0.00318296890815626,0.289240123792562,1.5,0.00212197927210417,0.192826749195041
"671","7","6","O","13CP",11,207,"0706O_13CP_72HR","72HR","R2","230",NA,"230","1:1","5:1",20230617,94251,78,260.9,8.1,3,0.1,-1.9,0.6,0.5,27586.4,0,NA,259.295213857333,2.8987359348557,263.394730795358,-113.128900899944,3111.542566288,34.7848312182684,735.983183544067,16.8769230769231,7.49645481794392,3146.32739750627,2410.3442139622,27.2883764003245,0.0052343431798962,1.42836726901479e-07,1.71546909008676e-06,0.00171546909008676,0.151524991258639,1.5,0.00114364606005784,0.101016660839093
"672","7","6","O","13CP",13,118,"0706O_13CP_96HR","96HR","R2","402",NA,"402","1:1","5:1",20230622,220630,18,167.56113,0.435797349,1.887015787,0.007110067,-2.437397146,0.748162213,0.258037857,24272.94966,0,"",147.611993020753,1.57735066807017,150.562253955195,-113.764346476885,1771.34391624903,18.928208016842,50.4935566101421,79.34086271525,0.320981432927764,1790.27212426587,1739.77856765573,18.6072265839142,0.0052343431798962,9.73966095662946e-08,1.1697332808912e-06,0.0011697332808912,0.109370242942462,1.5,0.000779822187260799,0.0729134952949744
"673","7","6","O","13CP",7,34,"0706O_13CP_48HR","48HR","R2","94","","94","1:1","5:1",20230602,233112,54,277.36,0.32,3.15,0.01,1.62,0.38,0.43,23796.8,0,NA,278.990179255673,3.07682272863292,283.237088109897,-108.966674793085,3347.88215106807,36.921872743595,252.991137831703,20.2071428571429,2.26109448044047,3384.80402381167,3131.81288597997,34.6607782631546,0.0052343431798962,1.81426408311638e-07,2.17893116382277e-06,0.00217893116382277,0.196879730879488,1.5,0.00145262077588184,0.131253153919658
"674","8","11","M","12CG",7,37,"0811M_12CG_48HR","48HR","R2","55","","55","1:1","5:1",20230603,1614,57,744.98,0.96,8.33,0.01,-12.29,0.18,0.42,23797.85,0,NA,838.513856021867,9.22675334040619,848.045428766976,-125.414562618768,10062.1662722624,110.721040084874,252.991137831703,20.2071428571429,2.26109448044047,10172.8873123473,9919.89617451558,108.459945604434,0.0052343431798962,5.6771657656648e-07,6.81827608456343e-06,0.00681827608456343,0.623608932045111,9.99,0.000682510118574918,0.0624233165210322
"675","8","11","M","12CG",6,8,"0811M_12CG_24HR","24HR","R2","52","","52","1:1","5:1",20221219,191510,8,758.2869563,0.620240712,8.727186212,0.008539281,21.85567172,1.403851556,0.132006395,23369.32629,0,"",854.436094411036,9.69831080059018,864.416439749063,-85.0389926559256,10253.2331329324,116.379729607082,424.976165308335,1.2062514755,4.58384078912491,10369.6128625395,9944.63669723118,111.795888817957,0.0052343431798962,5.85178048174708e-07,7.02798835857824e-06,0.00702798835857824,0.625164231685096,9.99,0.00070350233819602,0.0625790021706803
"676","8","11","M","12CG",14,216,"0811M_12CG_96HR","96HR","R2","73",NA,"73","1:1","5:1",20230624,103401,95,291.9543352,0.223111433,3.258550047,0.004980282,-12.06365175,0.542775939,0.30756396,24065.95433,0,"",296.452811502074,3.20569826086356,300.801200248707,-125.146916995077,3557.43373802489,38.4683791303627,6.26500140855833,27.9244593812222,-0.56970687437247,3595.90211715525,3589.6371157467,39.0380860047352,0.0052343431798962,2.04338739235087e-07,2.45410825821339e-06,0.00245410825821339,0.225660604586883,9.99,0.000245656482303643,0.0225886491077961
"677","8","11","M","12CG",11,151,"0811M_12CG_72HR","72HR","R2","808",NA,"808","1:1","5:1",20230616,193652,22,665.8,14.8,7.5,0.2,-11.2,0.5,0.5,27634.4,0,NA,743.772218097169,8.24133974817225,752.465235585984,-124.12569146636,8925.26661716603,98.896076978067,735.983183544067,16.8769230769231,7.49645481794392,9024.1626941441,8288.17951060003,91.399622160123,0.0052343431798962,4.78416988898929e-07,5.74578803667614e-06,0.00574578803667614,0.521031942499727,9.99,0.000575153957625239,0.0521553495995722
"678","8","11","M","12CP",12,70,"0811M_12CP_96HR","96HR","R2","238",NA,"238","1:1","5:1",20230622,52413,120,231.9863764,0.426893341,2.571435913,0.006689117,-19.10905712,0.578363466,0.321627212,24055.09591,0,"",224.699052475643,2.38992524030976,228.342462735411,-133.477760791786,2696.38862970772,28.6791028837172,67.0347578488204,20.9810097159091,0.0668402807052713,2725.06773259144,2658.03297474262,28.6122626030119,0.0052343431798962,1.49766401617474e-07,1.79869448342587e-06,0.00179869448342587,0.167095811847131,9.99,0.000180049497840427,0.0167263074922053
"679","8","11","M","12CP",6,71,"0811M_12CP_24HR","24HR","R2","80","x","80","1:1","5:1",20221220,110051,71,525.0912968,0.338643133,6.015668455,0.008291291,16.7331541,1.490168131,0.157176092,23260.70979,0,"",575.409335911918,6.47907410982935,582.600996991826,-91.096116681723,6904.91203094301,77.7488893179522,424.976165308335,1.2062514755,4.58384078912491,6982.66092026097,6557.68475495263,73.1650485288273,0.0052343431798962,3.82970972773641e-07,4.59948138301143e-06,0.00459948138301143,0.412245321400677,9.99,0.000460408546847991,0.0412657979380057
"680","8","11","M","12CP",10,22,"0811M_12CP_72HR","72HR","R2","94",NA,"94","1:1","5:1",20230608,222223,33,325.6,0.2,3.6,0,-18,0.5,0.3,23649.6,0,NA,336.711025599288,3.61108310996457,341.402312531625,-132.166355536427,4040.53230719145,43.3329973195749,24.4289815769401,27.7454545454545,-0.314456864368751,4083.86530451103,4059.43632293409,43.6474541839436,0.0052343431798962,2.28465754127557e-07,2.74387370707196e-06,0.00274387370707196,0.255194278802387,9.99,0.000274662032739936,0.0255449728530918
"681","8","11","M","12CP",9,154,"0811M_12CP_48HR","48HR","R2","239","","239","1:1","5:1",20230606,230620,34,370.37,0.19,4.1,0,-21.23,0.32,0.35,23779.38,0,NA,390.279895640822,4.20470575588863,395.481994387687,-135.98567096971,4683.35874768987,50.4564690706636,15.0157647633764,77.7772727272727,-0.0683732947856857,4733.81521676053,4718.79945199716,50.5248423654493,0.0052343431798962,2.6446436405092e-07,3.17621701225155e-06,0.00317621701225155,0.296644786903599,9.99,0.000317939640866021,0.0296941728632232
"682","8","11","M","13CG",6,98,"0811M_13CG_24HR","24HR","R2","30","","30","1:1","5:1",20221220,174608,98,764.1621581,0.842589919,28.0490686,0.043581989,2258.831969,3.214038792,0.134635028,23332.27495,0,"",861.465978746349,32.6381246953863,894.51695436332,2560.07496898115,10337.5917449562,391.657496344636,424.976165308335,1.2062514755,4.58384078912491,10729.2492413008,10304.2730759925,387.073655555511,0.0052343431798962,2.02607634907448e-06,2.43331769523845e-05,0.0243331769523845,0.647772579004303,10.01,0.00243088680843002,0.0647125453550752
"683","8","11","M","13CG",13,112,"0811M_13CG_96HR","96HR","R2","403",NA,"403","1:1","5:1",20230622,203625,12,303.0346994,0.20890005,9.106747375,0.010244934,1662.660021,4.169624536,0.265875918,24318.49252,0,"",309.710854607785,10.1489430043303,321.024112148751,1855.13109223618,3716.53025529342,121.787316051964,50.4935566101421,79.34086271525,0.320981432927764,3838.31757134539,3787.82401473524,121.466334619036,0.0052343431798962,6.35796480200141e-07,7.63591572720369e-06,0.00763591572720369,0.238119517286099,10.01,0.000762828743976393,0.0237881635650449
"684","8","11","M","13CG",9,122,"0811M_13CG_48HR","48HR","R2","43","","43","1:1","5:1",20230606,150553,2,821.9,0.88,35.87,0.07,2853.24,3.98,0.47,23924.78,0,NA,930.551324942905,41.9234886779034,972.833667483216,3262.9331010137,11166.6158993149,503.081864134841,15.0157647633764,77.7772727272727,-0.0683732947856857,11669.6977634497,11654.6819986863,503.150237429627,0.0052343431798962,2.63366101375292e-06,3.16302687751726e-05,0.0316302687751726,0.732665308856529,10.01,0.00315986701050675,0.0731933375481048
"685","8","11","M","13CG",11,157,"0811M_13CG_72HR","72HR","R2","94",NA,"94","1:1","5:1",20230616,210656,28,644.9,13.6,23.5,1.1,2232.7,78.9,0.5,27631.2,0,NA,718.764637488099,27.2372644177422,746.61168044804,2529.17520659609,8625.17564985718,326.847173012906,735.983183544067,16.8769230769231,7.49645481794392,8952.02282287009,8216.03963932602,319.350718194962,0.0052343431798962,1.67159125377875e-06,2.00758109578828e-05,0.0200758109578828,0.516496908332874,10.01,0.00200557552026801,0.0515980927405469
"686","8","11","M","13CP",13,148,"0811M_13CP_96HR","96HR","R2","15",NA,"15","1:1","5:1",20230623,53656,48,327.6630322,0.294999118,3.930222849,0.005201637,61.22190474,0.316436561,0.333244762,24158.88458,0,"",339.179515744771,4.0031386327005,344.261302406826,-38.4903668591871,4070.15418893726,48.037663592406,50.4935566101421,79.34086271525,0.320981432927764,4118.19185252966,4067.69829591952,47.7166821594782,0.0052343431798962,2.49765489828739e-07,2.99968353284316e-06,0.00299968353284316,0.255713663285792,10,0.000299968353284316,0.0255713663285792
"687","8","11","M","13CP",6,116,"0811M_13CP_24HR","24HR","R2","95","","95","1:1","5:1",20221220,221620,116,854.7305967,0.924547303,10.57474985,0.009881954,97.97630508,0.904330517,0.15801165,23250.42628,0,"",969.83428156583,11.8918220311955,981.835415751366,4.96989582180078,11638.01137879,142.701864374346,424.976165308335,1.2062514755,4.58384078912491,11780.7132431643,11355.737077856,138.118023585221,0.0052343431798962,7.22957134774042e-07,8.68271518863624e-06,0.00868271518863624,0.713872297363298,10,0.000868271518863624,0.0713872297363298
"688","8","11","M","13CP",9,161,"0811M_13CP_48HR","48HR","R2","241","","241","1:1","5:1",20230607,5125,41,607.2,0.43,7.51,0.01,89.2,0.22,0.61,23683.75,0,NA,673.655269595183,8.25321220109073,682.473440579431,-5.40765137300915,8083.86323514219,99.0385464130887,15.0157647633764,77.7772727272727,-0.0683732947856857,8182.90178155528,8167.8860167919,99.1069197078744,0.0052343431798962,5.18759629253432e-07,6.23030314733372e-06,0.00623030314733372,0.513469756778632,10,0.000623030314733372,0.0513469756778632
"689","8","11","M","13CP",11,202,"0811M_13CP_72HR","72HR","R2","B3",NA,"B3","1:1","5:1",20230617,82716,73,545.2,7.4,6.5,0.1,60.7,2.6,0.5,27589,0,NA,599.470102238132,7.05409445632412,607.201499917835,-39.1074934313806,7193.64122685758,84.6491334758895,735.983183544067,16.8769230769231,7.49645481794392,7278.29036033347,6542.3071767894,77.1526786579456,0.0052343431798962,4.0384359734394e-07,4.85016160410072e-06,0.00485016160410072,0.411278618228879,10,0.000485016160410072,0.0411278618228879
"690","8","11","O","12CG",9,185,"0811O_12CG_48HR","48HR","R2","258","x","258","1:1","5:1",20230607,65144,65,355.63,0.28,3.96,0.01,-16.39,0.91,0.49,23690.52,0,NA,372.642970369162,4.0384914150299,377.706300417769,-130.262610072779,4471.71564442995,48.4618969803588,15.0157647633764,77.7772727272727,-0.0683732947856857,4520.17754141031,4505.16177664693,48.5302702751445,0.0052343431798962,2.54024089233222e-07,3.05082931169099e-06,0.00305082931169099,0.28321456946725,1.26,0.00242129310451666,0.224773467831151
"691","8","11","O","12CG",10,135,"0811O_12CG_72HR","72HR","R2","93",NA,"93","1:1","5:1",20230610,23907,146,302.3,0.3,3.4,0,-17.4,0.3,0.2,23549.5,0,NA,308.831761092525,3.37363405159495,313.329139931284,-131.456885177304,3705.9811331103,40.4836086191394,24.4289815769401,27.7454545454545,-0.314456864368751,3746.46474172944,3722.0357601525,40.7980654835082,0.0052343431798962,2.13551075816559e-07,2.56474842055688e-06,0.00256474842055688,0.233983774082773,1.26,0.00203551461948959,0.185701408002201
"692","8","11","O","12CG",14,209,"0811O_12CG_96HR","96HR","R2","218",NA,"218","1:1","5:1",20230624,84856,88,284.4931593,0.307467417,3.149693165,0.00557883,-19.99825825,0.507505931,0.305324811,24043.64094,0,"",287.525253714624,3.0764584402238,291.758015700651,-134.529197200176,3450.30304457549,36.9175012826856,6.26500140855833,27.9244593812222,-0.56970687437247,3487.22054585818,3480.95554444962,37.487208157058,0.0052343431798962,1.96220912350246e-07,2.35661315732645e-06,0.00235661315732645,0.218828396122477,1.26,0.00187032790264004,0.173673330255934
"693","8","11","O","12CG",6,72,"0811O_12CG_24HR","24HR","R2","23","","23","1:1","5:1",20221220,111552,72,817.7980519,0.803805886,9.036568724,0.00655109,-18.84872422,0.881028134,0.128097714,23260.69171,0,"",925.64320064793,10.0656237313423,935.878167709621,-133.169929998361,11107.7184077752,120.787484776108,424.976165308335,1.2062514755,4.58384078912491,11228.5058925513,10803.5297272429,116.203643986983,0.0052343431798962,6.0824975138235e-07,7.30507951410202e-06,0.00730507951410202,0.679158079580664,1.26,0.00579768215404922,0.539014348873543
"694","8","11","O","12CP",6,95,"0811O_12CP_24HR","24HR","R2","2","x","2","1:1","5:1",20221220,170106,95,674.9797799,0.633686638,7.430562751,0.006500003,-22.75430248,0.889450766,0.142085173,23339.12068,0,"",754.756145648498,8.15890070121811,763.348479062145,-137.788083349541,9057.07374778197,97.9068084146173,424.976165308335,1.2062514755,4.58384078912491,9154.98055619659,8730.00439088826,93.3229676254924,0.0052343431798962,4.8848443911817e-07,5.86669811380922e-06,0.00586669811380922,0.548807025716357,1.25,0.00469335849104738,0.439045620573085
"695","8","11","O","12CP",10,67,"0811O_12CP_72HR","72HR","R2","244",NA,"244","1:1","5:1",20230609,93804,78,527.9,0.3,5.8,0,-23.2,0.3,0.2,23575.3,0,NA,578.7700474756,6.22302275203044,585.698644309063,-138.315098648832,6945.2405697072,74.6762730243653,24.4289815769401,27.7454545454545,-0.314456864368751,7019.91684273156,6995.48786115462,74.990729888734,0.0052343431798962,3.92527215548533e-07,4.71425185873788e-06,0.00471425185873788,0.439767577954737,1.25,0.0037714014869903,0.35181406236379
"696","8","11","O","12CP",12,38,"0811O_12CP_96HR","96HR","R2","239",NA,"239","1:1","5:1",20230621,212352,88,322.5963849,0.127862025,3.561564897,0.004419318,-22.51829429,0.335930818,0.291895624,24134.77263,0,"",333.117095133648,3.56545121488613,337.768269961084,-137.509015324015,3997.40514160377,42.7854145786335,67.0347578488204,20.9810097159091,0.0668402807052713,4040.19055618241,3973.15579833359,42.7185742979282,0.0052343431798962,2.2360367803125e-07,2.68548017315531e-06,0.00268548017315531,0.249770300077626,1.25,0.00214838413852425,0.199816240062101
"697","8","11","O","12CP",8,116,"0811O_12CP_48HR","48HR","R2","220","","220","1:1","5:1",20230606,33011,86,506.75,0.26,5.59,0,-23.9,0.3,0.36,23730.83,0,NA,553.463333127187,5.97370124074233,560.181922319987,-139.14281406781,6641.55999752624,71.684414888908,83.7209787008222,21.8485714285714,0.266522390135628,6713.24441241515,6629.52343371432,71.4178924987724,0.0052343431798962,3.73825758523509e-07,4.48964735986734e-06,0.00448964735986734,0.416761421262407,1.25,0.00359171788789387,0.333409137009926
"698","8","11","O","13CG",10,122,"0811O_13CG_72HR","72HR","R2","55",NA,"55","1:1","5:1",20230609,232355,133,473.2,0.3,5.7,0,71.9,0.4,0.2,23532,0,NA,513.319585307363,6.10429822284563,520.234395011246,-25.8640467277399,6159.83502368836,73.2515786741475,24.4289815769401,27.7454545454545,-0.314456864368751,6233.08660236251,6208.65762078557,73.5660355385163,0.0052343431798962,3.85069876393034e-07,4.62468921548034e-06,0.00462468921548034,0.39030391853077,1.21,0.00382205720287631,0.322565221926257
"699","8","11","O","13CG",13,111,"0811O_13CG_96HR","96HR","R2","59",NA,"59","1:1","5:1",20230622,202124,11,353.0396264,0.156432653,4.215139341,0.003680641,56.92584765,0.431029078,0.30324969,24312.42138,0,"",369.543497804109,4.34140439639738,374.91662235755,-43.5702421366168,4434.52197364931,52.0968527567686,50.4935566101421,79.34086271525,0.320981432927764,4486.61882640608,4436.12526979594,51.7758713238408,0.0052343431798962,2.71012678947129e-07,3.25486227415502e-06,0.00325486227415502,0.27887462663397,1.21,0.00268996882161572,0.230474898044603
"700","8","11","O","13CG",9,165,"0811O_13CG_48HR","48HR","R2","245","","245","1:1","5:1",20230607,15129,45,501.53,0.32,6.44,0,132.39,0.28,0.54,23732.89,0,NA,547.217420649706,6.98285973881324,554.961506819413,45.6623899779053,6566.60904779647,83.7943168657588,15.0157647633764,77.7772727272727,-0.0683732947856857,6650.40336466223,6635.38759989885,83.8626901605445,0.0052343431798962,4.38966100289594e-07,5.27198286447803e-06,0.00527198286447803,0.417130068912275,1.21,0.00435701063180002,0.344735594142376
"701","8","11","O","13CG",6,112,"0811O_13CG_24HR","24HR","R2","94","","94","1:1","5:1",20221220,211617,112,820.8157591,0.650920316,15.46912051,0.016789411,673.1245151,1.316060076,0.137339277,23321.41081,0,"",929.253992803843,17.70264055384,947.167476289702,685.054241008786,11151.0479136461,212.43168664608,424.976165308335,1.2062514755,4.58384078912491,11363.4796002922,10938.5034349839,207.847845856956,0.0052343431798962,1.08794695441747e-06,1.30662429225538e-05,0.0130662429225538,0.687643129046678,1.21,0.0107985478698792,0.568300106650147
"702","8","11","O","13CP",9,244,"0811O_13CP_48HR","48HR","R2","64","","64","1:1","5:1",20230607,213742,124,455.84,0.22,5.12,0,-6.03,0.36,0.27,23680.95,0,NA,492.547738447389,5.41569595357372,498.803215587836,-118.012421871911,5910.57286136867,64.9883514428846,15.0157647633764,77.7772727272727,-0.0683732947856857,5975.56121281155,5960.54544804818,65.0567247376703,0.0052343431798962,3.40529223437009e-07,4.08975597347848e-06,0.00408975597347848,0.374706480377572,1.2,0.00340812997789873,0.312255400314643
"703","8","11","O","13CP",14,225,"0811O_13CP_96HR","96HR","R2","81",NA,"81","1:1","5:1",20230624,124906,104,271.0511173,0.204516136,3.027952764,0.005558099,-11.42838855,0.585932566,0.314053296,24075.49494,0,"",271.441380563165,2.93192272230884,275.554679340789,-124.395749644007,3257.29656675798,35.1830726677061,6.26500140855833,27.9244593812222,-0.56970687437247,3292.47963942568,3286.21463801712,35.7527795420786,0.0052343431798962,1.87142317758411e-07,2.24757923627852e-06,0.00224757923627852,0.206586113889942,1.2,0.00187298269689877,0.172155094908285
"704","8","11","O","13CP",6,11,"0811O_13CP_24HR","24HR","R2","87","","87","1:1","5:1",20221219,200011,11,699.7739477,0.679485364,7.984858034,0.005631663,12.98421531,0.940951548,0.139341432,23408.69725,0,"",784.42323416014,8.81698516625348,793.629831372035,-95.5290515978459,9413.07880992168,105.803821995042,424.976165308335,1.2062514755,4.58384078912491,9518.88263191672,9093.90646660838,101.219981205917,0.0052343431798962,5.29820118294412e-07,6.36313962071589e-06,0.00636313962071589,0.571683533778187,1.2,0.00530261635059658,0.476402944815156
"705","8","11","O","13CP",10,88,"0811O_13CP_72HR","72HR","R2","233",NA,"233","1:1","5:1",20230609,145325,99,416.3,2,4.6,0,-10,0.3,0.2,23461.2,0,NA,445.236746232909,4.79832840181269,450.947415827425,-122.706750748113,5342.8409547949,57.5799408217523,24.4289815769401,27.7454545454545,-0.314456864368751,5400.42089561666,5375.99191403972,57.8943976861211,0.0052343431798962,3.03039145682546e-07,3.63950013964738e-06,0.00363950013964738,0.337958837191275,1.2,0.00303291678303948,0.281632364326063
"706","8","7","M","12CG",6,104,"0807M_12CG_24HR","24HR","R2","20","","20","1:1","5:1",20221220,191612,104,618.4802907,0.47372558,6.870843474,0.006347619,-13.38225065,1.012344344,0.116637143,23294.03577,0,"",687.152531747048,7.49437662484323,695.185372338158,-126.706095053615,8245.83038096458,89.9325194981187,424.976165308335,1.2062514755,4.58384078912491,8335.7629004627,7910.78673515436,85.3486787089938,0.0052343431798962,4.46744274313573e-07,5.36539873450602e-06,0.00536539873450602,0.49730734886317,10.01,0.000536003869581021,0.0496810538324845
"707","8","7","M","12CG",8,114,"0807M_12CG_48HR","48HR","R2","214","","214","1:1","5:1",20230606,30009,84,678.7,0.72,7.58,0.01,-12.08,0.25,0.37,23740.03,0,NA,759.207519047265,8.3363193715201,767.971183686087,-125.166247993075,9110.49022856718,100.035832458241,83.7209787008222,21.8485714285714,0.266522390135628,9210.52606102542,9126.8050823246,99.7693100681055,0.0052343431798962,5.22226807717937e-07,6.27194396069242e-06,0.00627194396069242,0.573751687542262,10.01,0.000626567828241001,0.0573178509033229
"708","8","7","M","12CG",11,155,"0807M_12CG_72HR","72HR","R2","1",NA,"1","1:1","5:1",20230616,203655,26,674.4,14.5,7.6,0.2,-10.9,0.4,0.5,27618.8,0,NA,754.062418730566,8.36006427735706,762.858282463557,-123.770956286798,9048.7490247668,100.320771328285,735.983183544067,16.8769230769231,7.49645481794392,9149.06979609508,8413.08661255101,92.8243165103408,0.0052343431798962,4.85874328054428e-07,5.83535067993368e-06,0.00583535067993368,0.528884160212712,10.01,0.000582952115877491,0.0528355804408303
"709","8","7","M","12CG",13,123,"0807M_12CG_96HR","96HR","R2","230",NA,"230","1:1","5:1",20230622,232134,23,299.7555355,0.215606953,3.345654293,0.004690958,-10.95848235,0.35826853,0.242220906,24250.01005,0,"",305.787220370484,3.30911236682704,310.224593229299,-123.84010877656,3669.4466444458,39.7093484019245,50.4935566101421,79.34086271525,0.320981432927764,3709.15599284773,3658.66243623759,39.3883669689967,0.0052343431798962,2.06172230011417e-07,2.47612848243712e-06,0.00247612848243712,0.229999844195658,10.01,0.000247365482760951,0.0229770074121536
"710","8","7","M","12CP",9,167,"0807M_12CP_48HR","48HR","R2","850","","850","1:1","5:1",20230607,22131,47,320.4,0.31,3.56,0.01,-20,0.44,0.47,23824.87,0,NA,330.489043820954,3.56359329829065,335.142592343294,-134.531256733506,3965.86852585145,42.7631195794878,15.0157647633764,77.7772727272727,-0.0683732947856857,4008.63164543094,3993.61588066756,42.8314928742735,0.0052343431798962,2.24194732611226e-07,2.69257873866082e-06,0.00269257873866082,0.25105651213765,10.01,0.000268988884981101,0.0250805706431219
"711","8","7","M","12CP",14,219,"0807M_12CP_96HR","96HR","R2","226",NA,"226","1:1","5:1",20230624,111902,98,194.0234247,0.337565486,2.155125465,0.006788666,-16.90574192,0.967093633,0.307939122,24073.23213,0,"",179.275053681577,1.89566262097458,182.49447760543,-130.872449414775,2151.30064417892,22.747951451695,6.26500140855833,27.9244593812222,-0.56970687437247,2174.04859563061,2167.78359422206,23.3176583260674,0.0052343431798962,1.22052625830201e-07,1.46585203622071e-06,0.00146585203622071,0.136276548495604,10.01,0.000146438764857214,0.0136140408087517
"712","8","7","M","12CP",6,117,"0807M_12CP_24HR","24HR","R2","93","","93","1:1","5:1",20221220,223121,117,505.266126,0.397102996,5.57815373,0.005370495,-19.79805377,1.111923967,0.13241716,23307.47826,0,"",551.687826013851,5.95963681245887,558.395130264602,-134.29246529297,6620.25391216622,71.5156417495065,424.976165308335,1.2062514755,4.58384078912491,6691.76955391572,6266.79338860739,66.9318009603816,0.0052343431798962,3.50344015875143e-07,4.20763163066047e-06,0.00420763163066047,0.393958592274043,10.01,0.000420342820245801,0.0393565027246796
"713","8","7","M","12CP",10,119,"0807M_12CP_72HR","72HR","R2","227",NA,"227","1:1","5:1",20230609,223852,130,320,0.2,3.5,0,-16.8,0.3,0.2,23663.6,0,NA,330.010429838006,3.49235858077976,334.593074922181,-130.74741481818,3960.12515805607,41.9083029693571,24.4289815769401,27.7454545454545,-0.314456864368751,4002.03346102543,3977.60447944849,42.2227598337259,0.0052343431798962,2.21008414972058e-07,2.65431106381442e-06,0.00265431106381442,0.250049964020702,10.01,0.000265165940441001,0.0249800163856845
"714","8","7","M","13CG",11,224,"0807M_13CG_72HR","72HR","R2","20",NA,"20","1:1","5:1",20230617,135953,95,609.9,11.3,24.6,1.1,2570.2,94.1,0.4,27593,0,NA,676.885913980086,28.5432342387751,706.114635718186,2928.25228360312,8122.63096776104,342.518810865301,735.983183544067,16.8769230769231,7.49645481794392,8465.14977862634,7729.16659508227,335.022356047357,0.0052343431798962,1.75362198448924e-06,2.10610000337158e-05,0.0210610000337158,0.485889896543537,10.01,0.00210399600736421,0.0485404492051486
"715","8","7","M","13CG",6,105,"0807M_13CG_24HR","24HR","R2","45","","45","1:1","5:1",20221220,193113,105,614.1007688,0.489628854,24.26544491,0.037247266,2509.105384,4.753262106,0.118846885,23273.33398,0,"",681.912280697123,28.1460352833088,710.733226560341,2856.01091834639,8182.94736836548,337.752423399705,424.976165308335,1.2062514755,4.58384078912491,8520.69979176518,8095.72362645685,333.168582610581,0.0052343431798962,1.74391869814337e-06,2.09444635647019e-05,0.0209444635647019,0.508933306963131,10.01,0.00209235400246773,0.050842488208105
"716","8","7","M","13CG",13,137,"0807M_13CG_96HR","96HR","R2","254",NA,"254","1:1","5:1",20230623,25147,37,330.5407865,0.227243046,11.76471911,0.014147908,2153.474717,5.3808416,0.269136829,24196.68156,0,"",342.622849363448,13.3046074325745,357.058190021169,2435.49522329329,4111.47419236138,159.655289190893,50.4935566101421,79.34086271525,0.320981432927764,4271.12948155227,4220.63592494213,159.334307757966,0.0052343431798962,8.34010447136389e-07,1.0016465470108e-05,0.010016465470108,0.265328004991234,10.01,0.00100064590110969,0.0265062942049185
"717","8","7","M","13CG",9,155,"0807M_13CG_48HR","48HR","R2","236","","236","1:1","5:1",20230606,232120,35,640.53,0.6,28.45,0.05,2929.8,4.38,0.34,23788.26,0,NA,713.535779724384,33.1141286123904,747.304550239879,3353.46151883787,8562.42935669261,397.369543348684,15.0157647633764,77.7772727272727,-0.0683732947856857,8959.79890004129,8944.78313527792,397.43791664347,0.0052343431798962,2.0803264484149e-06,2.4984720645463e-05,0.024984720645463,0.562308975843508,10.01,0.00249597608845784,0.0561747228614893
"718","8","7","M","13CP",6,54,"0807M_13CP_24HR","24HR","R2","24","","24","1:1","5:1",20221220,64540,54,693.5970173,0.693133357,8.758789861,0.009528042,121.4026019,1.009069807,0.121968283,23364.64737,0,"",777.032321007287,9.73583208407065,787.175392584834,32.6703345181702,9324.38785208745,116.829985008848,424.976165308335,1.2062514755,4.58384078912491,9441.21783709629,9016.24167178796,112.246144219723,0.0052343431798962,5.87534839466151e-07,7.05629342198848e-06,0.00705629342198848,0.56680117826726,9.98,0.000707043429056962,0.0567937052372004
"719","8","7","M","13CP",12,41,"0807M_13CP_96HR","96HR","R2","259",NA,"259","1:1","5:1",20230621,220854,91,233.9954787,0.295026978,2.849482425,0.005217679,78.11627934,0.409583094,0.297416468,24149.03672,0,"",227.103013610529,2.72003465259656,231.074697772089,-18.5136035014691,2725.23616332635,32.6404158311587,67.0347578488204,20.9810097159091,0.0668402807052713,2757.87657915751,2690.84182130869,32.5735755504534,0.0052343431798962,1.70501273027349e-07,2.04772028905846e-06,0.00204772028905846,0.169158322321915,9.98,0.000205182393693233,0.0169497316955826
"720","8","7","M","13CP",10,40,"0807M_13CP_72HR","72HR","R2","202",NA,"202","1:1","5:1",20230609,25240,51,389.6,0.2,4.8,0,98.2,0.5,0.2,23542.6,0,NA,413.289262871082,5.03577746018232,419.290433958955,5.23440401384499,4959.47115445298,60.4293295221878,24.4289815769401,27.7454545454545,-0.314456864368751,5019.90048397517,4995.47150239823,60.7437863865566,0.0052343431798962,3.17953823993544e-07,3.81862542616246e-06,0.00381862542616246,0.314037626389217,9.98,0.000382627798212671,0.0314666960309837
"721","8","7","M","13CP",8,105,"0807M_13CP_48HR","48HR","R2","13","","13","1:1","5:1",20230606,4503,75,418.49,0.24,5.32,0,125.61,0.41,0.28,23730.4,0,NA,447.857157789553,5.65314501194334,454.42371081751,37.6453749198086,5374.28589347463,67.8377401433201,83.7209787008222,21.8485714285714,0.266522390135628,5442.12363361795,5358.40265491713,67.5712177531845,0.0052343431798962,3.53690942803662e-07,4.24782822307198e-06,0.00424782822307198,0.336853097886757,9.98,0.000425634090488174,0.0337528154195147
"722","8","7","O","12CG",14,179,"0807O_12CG_96HR","96HR","R2","305",NA,"305","1:1","5:1",20230624,11836,58,161.9657221,0.469258913,1.805320909,0.007365227,-13.55606044,0.908788343,0.311012383,24055.68213,0,"",140.916891867648,1.48035880879656,143.78036943789,-126.911616543833,1691.00270241178,17.7643057055587,6.26500140855833,27.9244593812222,-0.56970687437247,1708.76700811734,1702.50200670878,18.3340125799312,0.0052343431798962,9.59665137078938e-08,1.1525578296318e-06,0.0011525578296318,0.107026872008584,1.25,0.000922046263705444,0.0856214976068672
"723","8","7","O","12CG",10,132,"0807O_12CG_72HR","72HR","R2","2",NA,"2","1:1","5:1",20230610,15404,143,210.2,1.2,2.3,0,-15.2,0.8,0.2,23568.7,0,NA,198.630891518584,2.06766423056202,201.99213200142,-128.855493860517,2383.570698223,24.8119707667442,24.4289815769401,27.7454545454545,-0.314456864368751,2408.38266898975,2383.95368741281,25.126427631113,0.0052343431798962,1.31520345106071e-07,1.57955934472392e-06,0.00157955934472392,0.14986596501602,1.25,0.00126364747577913,0.119892772012816
"724","8","7","O","12CG",6,22,"0807O_12CG_24HR","24HR","R2","63","x","63","1:1","5:1",20221219,224518,22,355.3512492,0.445180825,3.954191333,0.006852079,-12.25509118,1.21598991,0.145567107,23454.15136,0,"",372.309435292567,4.03159510248223,377.366364799379,-125.373284663664,4467.7132235108,48.3791412297868,424.976165308335,1.2062514755,4.58384078912491,4516.09236474059,4091.11619943226,43.7953004406619,0.0052343431798962,2.29239632173083e-07,2.75316798239873e-06,0.00275316798239873,0.2571858171817,1.25,0.00220253438591899,0.20574865374536
"725","8","7","O","12CG",7,35,"0807O_12CG_48HR","48HR","R2","77","","77","1:1","5:1",20230602,234613,55,242.43,0.39,2.7,0.01,-17.36,0.3,0.44,23848.43,0,NA,237.195213194676,2.54256234730127,240.972030807766,-131.409587153362,2846.34255833612,30.5107481676152,252.991137831703,20.2071428571429,2.26109448044047,2876.85330650373,2623.86216867203,28.2496536871747,0.0052343431798962,1.47868382111892e-07,1.77589926916383e-06,0.00177589926916383,0.164947682521389,1.25,0.00142071941533106,0.131958146017111
"726","8","7","O","12CP",11,191,"0807O_12CP_72HR","72HR","R2","E3",NA,"E3","1:1","5:1",20230617,54057,62,267.6,9,3,0.1,-15.7,1,0.5,27582.3,0,NA,267.311998071724,2.8987359348557,271.398571494178,-129.446719159787,3207.74397686069,34.7848312182684,735.983183544067,16.8769230769231,7.49645481794392,3242.52880807896,2506.54562453489,27.2883764003245,0.0052343431798962,1.42836726901479e-07,1.71546909008676e-06,0.00171546909008676,0.157572641138543,1.24,0.0013834428145861,0.127074710595599
"727","8","7","O","12CP",9,135,"0807O_12CP_48HR","48HR","R2","593","","593","1:1","5:1",20230606,182103,15,245.4,0.42,2.76,0.01,-5.22,1.8,0.34,23942.03,0,NA,240.74892201807,2.61379706481215,244.591678168576,-117.054636887095,2888.98706421685,31.3655647777458,15.0157647633764,77.7772727272727,-0.0683732947856857,2920.35262899459,2905.33686423122,31.4339380725315,0.0052343431798962,1.64536019367235e-07,1.97607759260049e-06,0.00197607759260049,0.182642437709082,1.24,0.00159361096177459,0.147292288475066
"728","8","7","O","12CP",12,29,"0807O_12CP_96HR","96HR","R2","207",NA,"207","1:1","5:1",20230621,190846,79,161.3070424,0.457451537,1.7937463,0.007685189,-15.64447646,1.162978334,0.293851749,24198.55402,0,"",140.128758580887,1.46661690875633,142.979681569691,-129.381065316681,1681.54510297065,17.5994029050759,67.0347578488204,20.9810097159091,0.0668402807052713,1699.14450587572,1632.1097480269,17.5325626243706,0.0052343431798962,9.17714495989774e-08,1.10217510968372e-06,0.00110217510968372,0.102601700566405,1.24,0.000888850894906225,0.0827433069083909
"729","8","7","O","12CP",6,9,"0807O_12CP_24HR","24HR","R2","96","x","96","1:1","5:1",20221219,193010,9,292.8592194,0.416399515,3.316122736,0.008390836,4.899872626,1.626668063,0.157866236,23422.88837,0,"",297.535537079748,3.27405116481785,301.950954221698,-105.088387443339,3570.42644495697,39.2886139778142,424.976165308335,1.2062514755,4.58384078912491,3609.71505893479,3184.73889362645,34.7047731886893,0.0052343431798962,1.8165669285006e-07,2.18169688112922e-06,0.00218169688112922,0.200206895854321,1.24,0.0017594329686526,0.161457174076066
"730","8","7","O","13CG",6,73,"0807O_13CG_24HR","24HR","R2","86","","86","1:1","5:1",20221220,113052,73,407.8507118,0.321894378,11.09043269,0.012080353,1413.75235,3.524013936,0.145595821,23269.44761,0,"",435.1268775367,12.5040640550723,448.607360983537,1560.81006768119,5221.5225304404,150.048768660868,424.976165308335,1.2062514755,4.58384078912491,5371.57129910126,4946.59513379293,145.464927871743,0.0052343431798962,7.6141335311955e-07,9.1445743709658e-06,0.0091445743709658,0.310965039792343,1.25,0.00731565949677264,0.248772031833875
"731","8","7","O","13CG",9,158,"0807O_13CG_48HR","48HR","R2","235","","235","1:1","5:1",20230607,623,38,214.48,0.41,4.33,0,788.95,2.69,0.32,23778.44,0,NA,203.752061136135,4.4777721730137,209.530077495384,822.012154954901,2445.02473363362,53.7332660761644,15.0157647633764,77.7772727272727,-0.0683732947856857,2498.75799970978,2483.74223494641,53.8016393709501,0.0052343431798962,2.81616244108567e-07,3.3822110917439e-06,0.0033822110917439,0.156139118329623,1.25,0.00270576887339512,0.124911294663699
"732","8","7","O","13CG",12,45,"0807O_13CG_96HR","96HR","R2","46",NA,"46","1:1","5:1",20230621,230856,95,148.6425713,0.460570739,2.127613777,0.005948002,267.5515868,1.511917005,0.287937125,24099.4567,0,"",124.975276193112,1.86299949892579,128.249504387782,205.484289189094,1499.70331431735,22.3559939871094,67.0347578488204,20.9810097159091,0.0668402807052713,1522.05930830446,1455.02455045564,22.2891537064042,0.0052343431798962,1.16669079688775e-07,1.40119564706218e-06,0.00140119564706218,0.0914693349654306,1.25,0.00112095651764975,0.0731754679723444
"733","8","7","O","13CG",11,147,"0807O_13CG_72HR","72HR","R2","248",NA,"248","1:1","5:1",20230616,183650,18,248.1,9.3,3.8,0.1,352.5,30.8,0.5,27646.6,0,NA,243.979566402974,3.8485321683342,249.059493722843,305.931591222402,2927.75479683569,46.1823860200104,735.983183544067,16.8769230769231,7.49645481794392,2973.9371828557,2237.95399931164,38.6859312020665,0.0052343431798962,2.0249544014547e-07,2.4319702361471e-06,0.0024319702361471,0.140687773231151,1.25,0.00194557618891768,0.112550218584921
"734","8","7","O","13CP",13,132,"0807O_13CP_96HR","96HR","R2","240",NA,"240","1:1","5:1",20230623,13643,32,153.7911349,0.44519367,1.756564672,0.007333046,11.78344497,0.60268325,0.259952993,24198.09001,0,"",131.135712520764,1.42247319597008,133.956737963048,-96.9489032050872,1573.62855024917,17.0696783516409,50.4935566101421,79.34086271525,0.320981432927764,1590.69822860081,1540.20467199067,16.7486969187132,0.0052343431798962,8.76684274886148e-08,1.05289781413826e-06,0.00105289781413826,0.0968241374439483,1.26,0.000835633185824018,0.0768445535269431
"735","8","7","O","13CP",10,58,"0807O_13CP_72HR","72HR","R2","230",NA,"230","1:1","5:1",20230609,72256,69,224.4,0.3,2.6,0,10.9,0.6,0.2,23576.4,0,NA,215.621687913263,2.42383781811645,219.313876797375,-97.9935332386403,2587.46025495916,29.0860538173974,24.4289815769401,27.7454545454545,-0.314456864368751,2616.54630877655,2592.11732719961,29.4005106817662,0.0052343431798962,1.53892362572568e-07,1.84824727449654e-06,0.00184824727449654,0.162952060153948,1.26,0.0014668629162671,0.129327031868213
"736","8","7","O","13CP",7,64,"0807O_13CP_48HR","48HR","R2","74","","74","1:1","5:1",20230603,70132,84,213.57,0.65,2.45,0.01,14.82,0.58,0.41,23759.98,0,NA,202.663214324927,2.24575102433924,206.197134876024,-93.358326892366,2431.95857189912,26.9490122920708,252.991137831703,20.2071428571429,2.26109448044047,2458.90758419119,2205.91644635949,24.6879178116304,0.0052343431798962,1.29225034223145e-07,1.55199266101997e-06,0.00155199266101997,0.138673749714136,1.26,0.00123174020715871,0.110058531519155
"737","8","7","O","13CP",6,63,"0807O_13CP_24HR","24HR","R2","35","x","35","1:1","5:1",20221220,90046,63,291.9549261,0.304516303,3.372200122,0.00505958,25.59926545,1.397161077,0.127687607,23267.46828,0,"",296.453518534581,3.3406287773255,300.937672870376,-80.612378009199,3557.44222241497,40.087545327906,424.976165308335,1.2062514755,4.58384078912491,3597.52976774287,3172.55360243454,35.5037045387811,0.0052343431798962,1.85838573713618e-07,2.23192127030056e-06,0.00223192127030056,0.199440874084218,1.26,0.00177136608754012,0.158286408003347
"738","8","8","M","12CG",10,50,"0808M_12CG_72HR","72HR","R2","95",NA,"95","1:1","5:1",20230609,52248,61,704.8,0.6,7.9,0,-11.3,0.2,0.2,23585.7,0,NA,790.437081434669,8.71623786491149,799.532597307407,-124.243936526214,9485.24497721603,104.594854378938,24.4289815769401,27.7454545454545,-0.314456864368751,9589.83983159496,9565.41085001802,104.909311243307,0.0052343431798962,5.4913133781401e-07,6.59506736714626e-06,0.00659506736714626,0.60132440297882,10,0.000659506736714626,0.060132440297882
"739","8","8","M","12CG",6,76,"0808M_12CG_24HR","24HR","R2","66","","66","1:1","5:1",20221220,121554,76,702.7950688,0.543214358,7.809940364,0.006003532,-13.80018656,0.881626311,0.158881852,23194.69757,0,"",788.038111166743,8.60931498608494,797.029914782507,-127.200283620546,9456.45733400092,103.311779833019,424.976165308335,1.2062514755,4.58384078912491,9559.76911383394,9134.7929485256,98.7279390438943,0.0052343431798962,5.16775914399616e-07,6.20647873193939e-06,0.00620647873193939,0.574253840450245,10,0.000620647873193939,0.0574253840450245
"740","8","8","M","12CG",14,192,"0808M_12CG_96HR","96HR","R2","274",NA,"274","1:1","5:1",20230624,43346,71,255.8454948,0.328791878,2.857446001,0.006105321,-11.47598827,0.449767268,0.309525482,24056.89096,0,"",253.247321693316,2.72948937070883,257.186307820561,-124.452033961411,3038.96786031979,32.753872448506,6.26500140855833,27.9244593812222,-0.56970687437247,3071.72173276829,3065.45673135974,33.3235793228784,0.0052343431798962,1.74427050158439e-07,2.09486887240285e-06,0.00209486887240285,0.192708286946067,10,0.000209486887240285,0.0192708286946067
"741","8","8","M","12CG",8,115,"0808M_12CG_48HR","48HR","R2","211","x","211","1:1","5:1",20230606,31510,85,732.61,0.72,8.19,0.01,-11.99,0.24,0.39,23760.31,0,NA,823.712718599178,9.06053899954745,833.100944118879,-125.059827439206,9884.55262319014,108.726467994569,83.7209787008222,21.8485714285714,0.266522390135628,9993.27909118471,9909.55811248388,108.459945604434,0.0052343431798962,5.6771657656648e-07,6.81827608456343e-06,0.00681827608456343,0.622959035341599,10,0.000681827608456343,0.0622959035341599
"742","8","8","M","12CP",10,31,"0808M_12CP_72HR","72HR","R2","280",NA,"280","1:1","5:1",20230609,3731,42,311.8,0.2,3.5,0,-16.5,0.4,0.3,23598.4,0,NA,320.198843187557,3.49235858077976,324.797329589296,-130.392679638618,3842.38611825069,41.9083029693571,24.4289815769401,27.7454545454545,-0.314456864368751,3884.29442122004,3859.8654396431,42.2227598337259,0.0052343431798962,2.21008414972058e-07,2.65431106381442e-06,0.00265431106381442,0.242648362675148,10,0.000265431106381442,0.0242648362675148
"743","8","8","M","12CP",14,237,"0808M_12CP_96HR","96HR","R2","74",NA,"74","1:1","5:1",20230624,154915,116,189.0399776,0.349598148,2.096943536,0.005508198,-18.54347366,0.546045181,0.325127738,24043.01699,0,"",173.312185018214,1.82658639969869,176.471731991898,-132.808986290985,2079.74622021856,21.9190367963843,6.26500140855833,27.9244593812222,-0.56970687437247,2101.66525701495,2095.40025560639,22.4887436707567,0.0052343431798962,1.17713802057459e-07,1.41374276271009e-06,0.00141374276271009,0.131726208885403,10,0.000141374276271009,0.0131726208885403
"744","8","8","M","12CP",7,47,"0808M_12CP_48HR","48HR","R2","2","x","2","1:1","5:1",20230603,24621,67,227.79,0.51,2.52,0.01,-21.56,0.56,0.39,23795.29,0,NA,219.677941418753,2.3288581947686,223.26801302321,-136.375879667228,2636.13529702504,27.9462983372232,252.991137831703,20.2071428571429,2.26109448044047,2664.08159536226,2411.09045753056,25.6852038567828,0.0052343431798962,1.34445171631994e-07,1.61468651130025e-06,0.00161468651130025,0.15157190345878,10,0.000161468651130025,0.015157190345878
"745","8","8","M","12CP",6,85,"0808M_12CP_24HR","24HR","R2","7","x","7","1:1","5:1",20221220,143100,85,477.8482594,0.340064996,5.281406254,0.005367503,-18.84084525,1.116998687,0.141089196,23320.93862,0,"",518.881390170395,5.60732476871006,525.287166668543,-133.160613505569,6226.57668204474,67.2878972245207,424.976165308335,1.2062514755,4.58384078912491,6293.86457926927,5868.88841396093,62.7040564353958,0.0052343431798962,3.2821455015444e-07,3.94185674735483e-06,0.00394185674735483,0.36894451027869,10,0.000394185674735483,0.036894451027869
"746","8","8","M","13CG",8,97,"0808M_13CG_48HR","48HR","R2","59","","59","1:1","5:1",20230605,224458,66,753.83,0.71,33.91,0.06,2983.81,4.33,0.29,23845.75,0,NA,849.103190394607,39.5964879058811,889.175613134199,3417.32567566498,10189.2382847353,475.157854870573,83.7209787008222,21.8485714285714,0.266522390135628,10664.3961396059,10580.675160905,474.891332480438,0.0052343431798962,2.4857442073608e-06,2.98537879304032e-05,0.0298537879304032,0.665148447254836,9.98,0.00299136151607246,0.0666481410074986
"747","8","8","M","13CG",13,134,"0808M_13CG_96HR","96HR","R2","32",NA,"32","1:1","5:1",20230623,20645,34,275.9697185,0.282426172,8.049079717,0.007694301,1584.581873,4.564065849,0.258408423,24185.51356,0,"",277.326658840335,8.89323205702979,287.428709299923,1762.80753940074,3327.91990608403,106.718784684358,50.4935566101421,79.34086271525,0.320981432927764,3434.63869076838,3384.14513415824,106.39780325143,0.0052343431798962,5.56922615805059e-07,6.68864061581876e-06,0.00668864061581876,0.212742461803149,9.98,0.000670204470522921,0.0213168799401953
"748","8","8","M","13CG",10,95,"0808M_13CG_72HR","72HR","R2","57",NA,"57","1:1","5:1",20230609,163831,106,618.1,0.3,24.6,0,2527.8,3.8,0.2,23606.3,0,NA,686.697500630535,28.5432342387751,715.910381051072,2878.11637822505,8240.37000756642,342.518810865301,24.4289815769401,27.7454545454545,-0.314456864368751,8582.88881843172,8558.45983685478,342.83326772967,0.0052343431798962,1.79450697678233e-06,2.15520287911557e-05,0.0215520287911557,0.538022969688251,9.98,0.0021595219229615,0.0539101172032315
"749","8","8","M","13CG",6,44,"0808M_13CG_24HR","24HR","R2","73","x","73","1:1","5:1",20221220,41533,44,614.7771731,0.478872475,23.69246154,0.035992241,2420.381384,4.552928506,0.153984089,23523.11405,0,"",682.72162208739,27.465763474969,710.856773522825,2751.09917144158,8192.65946504867,329.589161699628,424.976165308335,1.2062514755,4.58384078912491,8522.2486267483,8097.27246143997,325.005320910503,0.0052343431798962,1.70118938493787e-06,2.04312845131038e-05,0.0204312845131038,0.509030673640438,9.98,0.00204722289710459,0.051005077519082
"750","8","8","M","13CP",6,91,"0808M_13CP_24HR","24HR","R2","28","x","28","1:1","5:1",20221220,160104,91,654.8154923,0.475618604,8.439459544,0.00587204,144.2445493,0.878141367,0.13536585,23311.86777,0,"",730.628870644599,9.35670866866803,740.465390025893,59.6798088931046,8767.54644773519,112.280504024016,424.976165308335,1.2062514755,4.58384078912491,8879.82695175921,8454.85078645088,107.696663234891,0.0052343431798962,5.63721294701132e-07,6.77029274936059e-06,0.00677029274936059,0.531509642518701,9.98,0.000678386047030119,0.0532574792102906
"751","8","8","M","13CP",14,163,"0808M_13CP_96HR","96HR","R2","72",NA,"72","1:1","5:1",20230623,211826,42,240.4658971,0.28084708,2.941290958,0.005853961,83.73529639,0.43580358,0.249959337,24115.02053,0,"",234.845095414951,2.82903390115229,238.913954339439,-11.8693934274938,2818.14114497941,33.9484068138275,6.26500140855833,27.9244593812222,-0.56970687437247,2852.08955179324,2845.82455038468,34.5181136881999,0.0052343431798962,1.80679652966711e-07,2.1699626321302e-06,0.0021699626321302,0.178901228141112,9.98,0.000217431125463948,0.0179259747636384
"752","8","8","M","13CP",8,85,"0808M_13CP_48HR","48HR","R2","25","","25","1:1","5:1",20230605,194451,54,408.87,0.17,5.18,0,121.77,0.35,0.28,23740.47,0,NA,436.346491499636,5.4869306710846,442.764384665198,33.1047646214175,5236.15789799563,65.8431680530153,83.7209787008222,21.8485714285714,0.266522390135628,5302.00106604865,5218.28008734783,65.5766456628796,0.0052343431798962,3.43250667985963e-07,4.12244052251142e-06,0.00412244052251142,0.328044368119827,9.98,0.000413070192636415,0.0328701771663153
"753","8","8","M","13CP",11,223,"0808M_13CP_72HR","72HR","R2","238",NA,"238","1:1","5:1",20230617,134446,94,420.3,0.6,5.2,0,88.9,4.9,0.4,27592.7,0,NA,450.022886062396,5.51067557692157,456.442590038556,-5.76238655257096,5400.27463274875,66.1281069230588,735.983183544067,16.8769230769231,7.49645481794392,5466.40273967181,4730.41955612774,58.6316521051149,0.0052343431798962,3.06898188322455e-07,3.68584724175268e-06,0.00368584724175268,0.297375278493395,9.98,0.000369323370917102,0.0297971220935265
"754","8","8","O","12CG",6,6,"0808O_12CG_24HR","24HR","R2","50","x","50","1:1","5:1",20221219,184508,6,1056.922443,1.234591399,11.66453517,0.010214603,-20.50913882,0.786059544,0.154893583,23374.61871,0,"",1211.76389375932,13.1856645214907,1224.67628089806,-135.133288235955,14541.1667251119,158.227974257888,424.976165308335,1.2062514755,4.58384078912491,14699.3946993698,14274.4185340614,153.644133468763,0.0052343431798962,8.04226122153281e-07,9.6587557270609e-06,0.0096587557270609,0.897353635661987,2.02,0.00478156224111926,0.444234473099994
"755","8","8","O","12CG",10,129,"0808O_12CG_72HR","72HR","R2","32",NA,"32","1:1","5:1",20230610,10901,140,777.8,0.6,8.6,0,-23.5,0.3,0.2,23541.8,0,NA,877.784133322809,9.54730956920518,887.574844994435,-138.669833828394,10533.4095998737,114.567714830462,24.4289815769401,27.7454545454545,-0.314456864368751,10647.9773147042,10623.5483331272,114.882171694831,0.0052343431798962,6.01332711902502e-07,7.22200586994905e-06,0.00722200586994905,0.667843646143264,2.02,0.00357525043066785,0.330615666407556
"756","8","8","O","12CG",9,133,"0808O_12CG_48HR","48HR","R2","305","x","305","1:1","5:1",20230606,175101,13,278.4,0.35,3.1,0.01,-14.37,0.92,0.36,23841.43,0,NA,280.234575611339,3.01746046404051,284.419745168379,-127.87405986373,3362.81490733607,36.2095255684862,15.0157647633764,77.7772727272727,-0.0683732947856857,3399.02443290456,3384.00866814118,36.2778988632719,0.0052343431798962,1.89890972495931e-07,2.28059057967613e-06,0.00228059057967613,0.212733882940461,2.02,0.00112900523746343,0.105313803435872
"757","8","8","O","12CG",12,69,"0808O_12CG_96HR","96HR","R2","563",NA,"563","1:1","5:1",20230622,50912,119,537.7943423,0.31559452,5.927598229,0.004031603,-24.03224846,0.228195878,0.287054285,24063.02638,0,"",590.608973917752,6.37451314865885,597.670885426551,-139.299191338493,7087.30768701303,76.4941577839062,67.0347578488204,20.9810097159091,0.0668402807052713,7163.80184479693,7096.76708694811,76.4273175032009,0.0052343431798962,4.00046808130641e-07,4.804562165649e-06,0.004804562165649,0.446134441954552,2.02,0.00237849612160841,0.220858634630967
"758","8","8","O","12CP",12,24,"0808O_12CP_96HR","96HR","R2","58",NA,"58","1:1","5:1",20230621,175343,74,575.4357476,0.441332282,6.340365702,0.004602282,-24.42605313,0.259044714,0.289383997,24284.55437,0,"",635.648231203802,6.86456938760614,643.130517784834,-139.764845906242,7627.77877444562,82.3748326512737,67.0347578488204,20.9810097159091,0.0668402807052713,7710.1536070969,7643.11884924808,82.3079923705685,0.0052343431798962,4.30828278515833e-07,5.17424762497516e-06,0.00517424762497516,0.48048055133059,1.99,0.00260012443466088,0.241447513231452
"759","8","8","O","12CP",11,169,"0808O_12CP_72HR","72HR","R2","5",NA,"5","1:1","5:1",20230617,821,40,925.7,28,10.2,0.3,-24.3,0.6,0.5,27604.1,0,NA,1054.7516535181,11.4469020361622,1066.16800685618,-139.615794307225,12657.0198422172,137.362824433946,735.983183544067,16.8769230769231,7.49645481794392,12794.3826666511,12058.399483107,129.866369616002,0.0052343431798962,6.797651460974e-07,8.16397940462977e-06,0.00816397940462977,0.75804479114933,1.99,0.00410250221338179,0.380927030728307
"760","8","8","O","12CP",7,46,"0808O_12CP_48HR","48HR","R2","6","","6","1:1","5:1",20230603,23120,66,792.92,1.13,8.74,0.01,-24.99,0.2,0.34,23801.37,0,NA,895.87574187827,9.71352391006392,905.804488138316,-140.431685220218,10750.5089025392,116.562286920767,252.991137831703,20.2071428571429,2.26109448044047,10867.07118946,10614.0800516283,114.301192440327,0.0052343431798962,5.98291667104026e-07,7.18548292191935e-06,0.00718548292191935,0.667248427724646,1.99,0.00361079543815043,0.335300717449571
"761","8","8","O","12CP",6,38,"0808O_12CP_24HR","24HR","R2","76","x","76","1:1","5:1",20221220,24529,38,852.9477478,0.756927648,9.386096519,0.008107056,-23.17119137,0.768202433,0.144275291,23337.30667,0,"",967.701040533268,10.4805989603261,978.285650006125,-138.281033867045,11612.4124863992,125.767187523914,424.976165308335,1.2062514755,4.58384078912491,11738.1796739231,11313.2035086148,121.183346734789,0.0052343431798962,6.34315224498237e-07,7.61812584622382e-06,0.00761812584622382,0.711198447433428,1.99,0.00382820394282604,0.35738615448916
"762","8","8","O","13CG",9,209,"0808O_13CG_48HR","48HR","R2","57","","57","1:1","5:1",20230607,125207,89,657.35,0.55,8.51,0.01,145.13,0.25,0.32,23651,0,NA,733.661497707378,9.44045749293885,743.577388601025,60.7268106032967,8803.93797248853,113.285489915266,15.0157647633764,77.7772727272727,-0.0683732947856857,8917.2234624038,8902.20769764042,113.353863210052,0.0052343431798962,5.93333020808421e-07,7.12592957990914e-06,0.00712592957990914,0.559632493879444,1.98,0.00359895433328744,0.282642673676487
"763","8","8","O","13CG",6,90,"0808O_13CG_24HR","24HR","R2","4","x","4","1:1","5:1",20221220,154603,90,1052.746918,1.299855393,20.09337049,0.026213517,694.5870596,1.519475307,0.133831803,23288.58384,0,"",1206.76773213144,23.1927595709238,1229.75729854641,710.432639598988,14481.2127855773,278.313114851086,424.976165308335,1.2062514755,4.58384078912491,14759.5259004284,14334.5497351201,273.729274061961,0.0052343431798962,1.43279295882416e-06,1.72078434354782e-05,0.0172078434354782,0.901133751241331,1.98,0.00869083001791827,0.455118056182491
"764","8","8","O","13CG",12,58,"0808O_13CG_96HR","96HR","R2","53",NA,"53","1:1","5:1",20230622,22405,108,460.9800307,0.229720898,5.556837151,0.004354021,66.85163919,0.254431513,0.315098977,24054.96009,0,"",498.697964861903,5.93432880440281,505.465359151684,-31.833483989167,5984.37557834284,71.2119456528338,67.0347578488204,20.9810097159091,0.0668402807052713,6055.58752399567,5988.55276614685,71.1451053721285,0.0052343431798962,3.72397897087597e-07,4.47249874402204e-06,0.00447249874402204,0.376467145350441,1.98,0.00225883774950608,0.190134921894162
"765","8","8","O","13CG",11,172,"0808O_13CG_72HR","72HR","R2","71",NA,"71","1:1","5:1",20230617,5343,43,711.6,16.5,8.8,0.2,86.2,2.9,0.5,27613.5,0,NA,798.573519144797,9.7847586275748,808.731041095604,-8.9550031686272,9582.88222973756,117.417103530898,735.983183544067,16.8769230769231,7.49645481794392,9700.29933326846,8964.31614972439,109.920648712954,0.0052343431798962,5.75362397920415e-07,6.91010239902418e-06,0.00691010239902418,0.563536908279926,1.98,0.00348995070657787,0.284614600141377
"766","8","8","O","13CP",7,11,"0808O_13CP_48HR","48HR","R2","72","x","72","1:1","5:1",20230602,174558,11,616.37,0.62,6.93,0.01,-11.38,0.2,0.64,23853.53,0,NA,684.627495154282,7.56460993181882,692.735081117173,-124.338532574097,8215.52994185138,90.7753191818258,252.991137831703,20.2071428571429,2.26109448044047,8306.30526103321,8053.3141232015,88.5142247013853,0.0052343431798962,4.63313828389496e-07,5.56439907895784e-06,0.00556439907895784,0.506267256374662,2.02,0.00275465300938507,0.250627354640922
"767","8","8","O","13CP",14,210,"0808O_13CP_96HR","96HR","R2","267",NA,"267","1:1","5:1",20230624,90357,89,484.9910581,0.312157229,5.418440622,0.004341067,-10.78494888,0.287502212,0.288282936,24051.28055,0,"",527.427998508415,5.77001817693944,533.983677741719,-123.634914021091,6329.13598210098,69.2402181232733,6.26500140855833,27.9244593812222,-0.56970687437247,6398.37620022425,6392.11119881569,69.8099249976458,0.0052343431798962,3.65409104800492e-07,4.38856334865391e-06,0.00438856334865391,0.401836628940495,2.02,0.002172556113195,0.198929024227968
"768","8","8","O","13CP",11,176,"0808O_13CP_72HR","72HR","R2","78",NA,"78","1:1","5:1",20230617,15411,47,795,20.4,8.9,0.2,-13.3,0.3,0.5,27601.8,0,NA,898.364534589604,9.90348315675962,908.480399058519,-126.608837723293,10780.3744150752,118.841797881115,735.983183544067,16.8769230769231,7.49645481794392,10899.2162129564,10163.2330294123,111.345343063171,0.0052343431798962,5.82819737075914e-07,6.99966504228173e-06,0.00699966504228173,0.638906172413332,2.02,0.00346518071400085,0.316290184363036
"769","8","8","O","13CP",6,120,"0808O_13CP_24HR","24HR","R2","77","","77","1:1","5:1",20221220,231623,120,1048.354338,1.235747656,11.88879726,0.011873598,7.107007245,0.875446509,0.119176574,23386.02317,0,"",1201.51185660839,13.4519186319832,1214.7087003805,-102.478559792045,14418.1422793007,161.423023583798,424.976165308335,1.2062514755,4.58384078912491,14579.5653028845,14154.5891375762,156.839182794673,0.0052343431798962,8.20950106801791e-07,9.85961078268951e-06,0.00985961078268951,0.889820625169219,2.02,0.004880995436975,0.440505259984762
"770","9","12","M","12CG",11,206,"0912M_12CG_72HR","72HR","R1","31",NA,"31","1:1","5:1",20230617,92744,77,397.5,0.6,4.4,0,-16.5,0.8,0.5,27584.4,0,NA,422.741889034319,4.56087934344307,428.249957129277,-130.392679638618,5072.90266841183,54.7305521213169,735.983183544067,16.8769230769231,7.49645481794392,5127.63322053314,4391.65003698908,47.2340973033729,0.0052343431798962,2.47239475078463e-07,2.96934609569235e-06,0.00296934609569235,0.276078715069452,10.01,0.000296637971597637,0.0275802912157295
"771","9","12","M","12CG",12,36,"0912M_12CG_96HR","96HR","R1","H3",NA,"H3","1:1","5:1",20230621,205351,86,344.9427056,0.207772362,3.833141855,0.00456764,-17.83653955,0.392597603,0.389203382,24132.03053,0,"",359.855249019839,3.88787967964606,364.787680378526,-131.973071629487,4318.26298823806,46.6545561557527,67.0347578488204,20.9810097159091,0.0668402807052713,4364.91754439382,4297.882786545,46.5877158750475,0.0052343431798962,2.43856092857496e-07,2.92871167521853e-06,0.00292871167521853,0.270184087355458,10.01,0.00029257858893292,0.0269914173182276
"772","9","12","M","12CG",9,136,"0912M_12CG_48HR","48HR","R1","290","","290","1:1","5:1",20230606,183605,16,558.18,0.41,6.21,0,-15.8,0.46,0.35,23783.33,0,NA,615.001125984817,6.70979332168817,622.361013122019,-129.564964219641,7380.01351181781,80.517519860258,15.0157647633764,77.7772727272727,-0.0683732947856857,7460.53103167807,7445.51526691469,80.5858931550437,0.0052343431798962,4.21814220231947e-07,5.06598878498568e-06,0.00506598878498568,0.468058308518837,10.01,0.000506092785712855,0.0467590717801036
"773","9","12","M","12CG",5,3,"0912M_12CG_24HR","24HR","R1",NA,"",NA,"1:1","5:1",20221216,223753,3,3690.935038,4.770216365,41.10193027,0.05025309,-13.3064786,0.603300848,0.249896583,23319.97554,0,"",4363.45204183439,48.1350732582386,4406.44186747059,-126.61649834774,52361.4245020127,577.620879098863,400.209713110068,73.092049715,4.7193759072836,52939.0453811116,52538.8356680015,572.90150319158,0.0052343431798962,2.99876307598312e-06,3.60151445425573e-05,0.0360151445425573,3.30282561686347,10.01,0.00359791653771801,0.32995260907727
"774","9","12","M","12CP",11,159,"0912M_12CP_72HR","72HR","R1","214",NA,"214","1:1","5:1",20230616,213710,30,365.6,2.9,4.1,0,-16.7,1.5,0.5,27620.9,0,NA,384.572423894159,4.20470575588863,389.783737651362,-130.629169758326,4614.86908672991,50.4564690706636,735.983183544067,16.8769230769231,7.49645481794392,4665.32555580057,3929.34237225651,42.9600142527197,0.0052343431798962,2.24867457611967e-07,2.70065816591972e-06,0.00270065816591972,0.247015992636853,10.01,0.000269796020571401,0.0246769223413439
"775","9","12","M","12CP",13,131,"0912M_12CP_96HR","96HR","R1","I3",NA,"I3","1:1","5:1",20230623,12142,31,89.38346277,0.65277067,1.011816632,0.008530934,1.82455223,1.075622128,0.307244345,24202.4789,0,"",54.0696812942788,0.538274591866962,56.1254555476284,-108.724801886289,648.836175531346,6.45929510240354,50.4935566101421,79.34086271525,0.320981432927764,655.29547063375,604.801914023608,6.13831366947578,0.0052343431798962,3.21300402918841e-08,3.85881783905528e-07,0.000385881783905528,0.0380205466940302,10.01,3.85496287617911e-05,0.00379825641299003
"776","9","12","M","12CP",5,23,"0912M_12CP_24HR","24HR","R1",NA,"",NA,"1:1","5:1",20221217,33808,23,757.0988329,0.457061832,8.363549545,0.006079398,-19.45640059,0.824506653,0.147892214,23241.74271,0,"",853.014463229264,9.26658487975108,862.562702379054,-133.888477285786,10236.1735587512,111.199018557013,400.209713110068,73.092049715,4.7193759072836,10347.3725773082,9947.16286419812,106.479642649729,0.0052343431798962,5.57350991301395e-07,6.69378540552976e-06,0.00669378540552976,0.625323037811361,10.01,0.000668709830722253,0.0624698339471889
"777","9","12","M","12CP",9,168,"0912M_12CP_48HR","48HR","R1","253","","253","1:1","5:1",20230607,23631,48,411.6,0.2,4.56,0,-22.77,0.4,0.48,23773.5,0,NA,439.613031933261,4.75083859013877,445.284997183782,-137.80664489146,5275.35638319914,57.0100630816652,15.0157647633764,77.7772727272727,-0.0683732947856857,5332.3664462808,5317.35068151742,57.0784363764509,0.0052343431798962,2.98768124166215e-07,3.58820517123624e-06,0.00358820517123624,0.334272387681755,10.01,0.000358462055068555,0.0333938449232522
"778","9","12","M","13CG",9,126,"0912M_13CG_48HR","48HR","R1","563","","563","1:1","5:1",20230606,160555,6,609.35,0.38,16.41,0.02,1381.47,1.6,0.38,23789.18,0,NA,676.227819753532,18.819695298539,695.673804717038,1522.63778360144,8114.73383704238,225.836343582468,15.0157647633764,77.7772727272727,-0.0683732947856857,8340.57018062485,8325.55441586147,225.904716877254,0.0052343431798962,1.18246281409283e-06,1.42013783972549e-05,0.0142013783972549,0.523381495795985,9.99,0.00142155939912462,0.0523905401197182
"779","9","12","M","13CG",13,109,"0912M_13CG_96HR","96HR","R1","C3",NA,"C3","1:1","5:1",20230622,195123,9,322.6982532,0.240765559,6.146339381,0.00534638,686.4769431,1.790579453,0.296515254,24336.72621,0,"",333.238984115646,6.63421255150428,340.977741730901,700.842827489339,3998.86780938775,79.6105506180514,50.4935566101421,79.34086271525,0.320981432927764,4078.4783600058,4027.98480339566,79.2895691851236,0.0052343431798962,4.15028815701059e-07,4.98449607656972e-06,0.00498449607656972,0.253217095960399,9.99,0.000498948556213185,0.0253470566526926
"780","9","12","M","13CG",10,2,"0912M_13CG_72HR","72HR","R1","224",NA,"224","1:1","5:1",20230608,172206,13,405,0.2,8.6,0,886,1.6,0.2,23647.7,0,NA,431.715901214607,9.54730956920518,442.226813274978,936.768985543145,5180.59081457529,114.567714830462,24.4289815769401,27.7454545454545,-0.314456864368751,5295.15852940575,5270.72954782881,114.882171694831,0.0052343431798962,6.01332711902502e-07,7.22200586994905e-06,0.00722200586994905,0.331341575213679,9.99,0.00072292351050541,0.0331673248462141
"781","9","12","M","13CG",5,19,"0912M_13CG_24HR","24HR","R1",NA,"",NA,"1:1","5:1",20221217,23805,19,1984.045881,2.365021563,86.66259085,0.137557577,2875.612298,3.164319971,0.170199797,23210.1325,0,"",2321.09949712504,102.226753025334,2421.8137131785,3289.3872381745,27853.1939655004,1226.72103630401,400.209713110068,73.092049715,4.7193759072836,29079.9150018044,28679.7052886944,1222.00166039672,0.0052343431798962,6.39637605691942e-06,7.68204764436022e-05,0.0768204764436022,1.80293423154952,9.99,0.00768973738174196,0.180473897052004
"782","9","12","M","13CP",5,17,"0912M_13CP_24HR","24HR","R1",NA,"",NA,"1:1","5:1",20221217,20803,17,1142.496856,1.284590618,14.43409299,0.015053827,120.7305335,0.958867902,0.182564719,23244.34168,0,"",1314.15667037039,16.4738090037868,1330.21226136739,31.8756468363309,15769.8800444447,197.685708045442,400.209713110068,73.092049715,4.7193759072836,15967.5657524902,15567.3560393801,192.966332138158,0.0052343431798962,1.01005200457695e-06,1.21307245749692e-05,0.0121307245749692,0.978633455804078,9.99,0.00121428674424116,0.0979613068872951
"783","9","12","M","13CP",7,22,"0912M_13CP_48HR","48HR","R1","89","","89","1:1","5:1",20230602,203105,22,521.66,0.41,6.3,0.01,66.74,0.27,0.44,23842.71,0,NA,571.3036693416,6.8166453979545,578.841622576043,-31.965491816203,6855.6440320992,81.799744775454,252.991137831703,20.2071428571429,2.26109448044047,6937.44377687465,6684.45263904295,79.5386502950135,0.0052343431798962,4.16332591709853e-07,5.00015442643533e-06,0.00500015442643533,0.420214516180988,9.99,0.000500515958602135,0.0420635151332321
"784","9","12","M","13CP",13,151,"0912M_13CP_96HR","96HR","R1","25",NA,"25","1:1","5:1",20230623,62159,51,326.6434506,0.216686432,3.939181124,0.004430827,67.24336816,0.513000708,0.318433773,24124.25207,0,"",337.959550718478,4.01377430251733,343.054008660585,-31.3702838341253,4055.51460862174,48.1652916302079,50.4935566101421,79.34086271525,0.320981432927764,4103.67990025195,4053.18634364181,47.8443101972802,0.0052343431798962,2.50433538777972e-07,3.00770680072344e-06,0.00300770680072344,0.254801377219226,9.99,0.000301071751824168,0.0255056433652878
"785","9","12","M","13CP",10,80,"0912M_13CP_72HR","72HR","R1","253",NA,"253","1:1","5:1",20230609,125317,91,396,0.2,4.7,0,59.9,0.3,0.2,23565.3,0,NA,420.947086598261,4.91705293099751,426.816433422025,-40.0534539102121,5051.36503917914,59.0046351719701,24.4289815769401,27.7454545454545,-0.314456864368751,5110.36967435111,5085.94069277417,59.3190920363388,0.0052343431798962,3.10496484838045e-07,3.72906278290492e-06,0.00372906278290492,0.319724923332734,9.99,0.00037327955784834,0.0320044968301035
"786","9","12","O","12CG",10,53,"0912O_12CG_72HR","72HR","R1","248",NA,"248","1:1","5:1",20230609,60751,64,510.8,0.2,5.6,0,-20.8,0.3,0.2,23602.5,0,NA,558.309299704542,5.98557369366082,565.032010862854,-135.477217212338,6699.71159645451,71.8268843239298,24.4289815769401,27.7454545454545,-0.314456864368751,6771.53848077844,6747.1094992015,72.1413411882985,0.0052343431798962,3.77612537237535e-07,4.5351265722228e-06,0.0045351265722228,0.42415340595981,2.01,0.00225628187672776,0.211021595004881
"787","9","12","O","12CG",8,111,"0912O_12CG_48HR","48HR","R1","14","","14","1:1","5:1",20230606,21508,81,605.93,0.52,6.7,0.01,-21.55,0.3,0.29,23775.95,0,NA,672.13567019932,7.29154351469375,679.988666153528,-136.364055161242,8065.62804239184,87.498522176325,83.7209787008222,21.8485714285714,0.266522390135628,8153.12656456817,8069.40558586735,87.2319997861893,0.0052343431798962,4.56602223149547e-07,5.48379270002606e-06,0.00548379270002606,0.507278837511354,2.01,0.00272825507463983,0.252377531100176
"788","9","12","O","12CG",5,6,"0912O_12CG_24HR","24HR","R1",NA,"",NA,"1:1","5:1",20221216,232255,6,1228.842053,1.434505525,13.65063497,0.01371076,-14.9950632,0.759592419,0.207057789,23352.94283,0,"",1417.47171698205,15.5436521581812,1432.4245790853,-128.613166218695,17009.6606037846,186.523825898174,400.209713110068,73.092049715,4.7193759072836,17196.1844296827,16795.9747165727,181.80444999089,0.0052343431798962,9.51626882884596e-07,1.1429038863444e-05,0.011429038863444,1.05586990744589,2.01,0.00568608898678806,0.525308411664621
"789","9","12","O","12CG",12,82,"0912O_12CG_96HR","96HR","R1","202",NA,"202","1:1","5:1",20230622,83921,133,440.3962288,0.236786406,4.871491513,0.004964976,-21.27709506,0.541493288,0.3278948,24091.04096,0,"",474.068726332937,5.12065542239867,480.057169794391,-136.041358551595,5688.82471599525,61.447865068784,67.0347578488204,20.9810097159091,0.0668402807052713,5750.27258106403,5683.23782321521,61.3810247880787,0.0052343431798962,3.21289348474519e-07,3.85868507517898e-06,0.00385868507517898,0.357273685847493,2.01,0.001919743818497,0.177748102411688
"790","9","12","O","12CP",5,15,"0912O_12CP_24HR","24HR","R1",NA,"",NA,"1:1","5:1",20221217,13801,15,810.9898326,0.700829125,9.274279667,0.009655639,14.50817019,1.516664256,0.179395222,23257.74129,0,"",917.496928258027,10.3478449292398,928.029018127576,-93.7270502378429,11009.9631390963,124.174139150878,400.209713110068,73.092049715,4.7193759072836,11134.1372782472,10733.9275651371,119.454763243595,0.0052343431798962,6.25267225290224e-07,7.50945937573559e-06,0.00750945937573559,0.674782577134345,1.99,0.00377359767624904,0.339086722178063
"791","9","12","O","12CP",11,188,"0912O_12CP_72HR","72HR","R1","9",NA,"9","1:1","5:1",20230617,45536,59,322.6,5.8,3.6,0.1,-15.7,0.9,0.5,27589.9,0,NA,333.121420727172,3.61108310996457,337.818503263497,-129.446719159787,3997.45704872607,43.3329973195749,735.983183544067,16.8769230769231,7.49645481794392,4040.79004604564,3304.80686250158,35.836542501631,0.0052343431798962,1.87580761834472e-07,2.25284494963201e-06,0.00225284494963201,0.207754904071927,1.99,0.00113208288926232,0.104399449282376
"792","9","12","O","12CP",12,91,"0912O_12CP_96HR","96HR","R1","4",NA,"4","1:1","5:1",20230622,105427,142,290.616064,0.212258683,3.225221546,0.00495951,-18.74557523,0.5482155,0.368792378,24082.60928,0,"",294.85152322883,3.16612915496696,299.162683008505,-133.047961413397,3538.21827874596,37.9935498596035,67.0347578488204,20.9810097159091,0.0668402807052713,3576.21182860557,3509.17707075675,37.9267095788982,0.0052343431798962,1.9852141362021e-07,2.38424217757872e-06,0.00238424217757872,0.220602527179038,1.99,0.00119811164702448,0.110855541295999
"793","9","12","O","12CP",7,7,"0912O_12CP_48HR","48HR","R1","19","","19","1:1","5:1",20230602,164555,7,523.24,0.36,5.78,0,-23.68,0.21,0.42,23900.19,0,NA,573.194194574247,6.19927784619348,580.107901850782,-138.882674936131,6878.33033489097,74.3913341543217,252.991137831703,20.2071428571429,2.26109448044047,6952.72166904529,6699.73053121359,72.1302396738813,0.0052343431798962,3.77554428101258e-07,4.53442868149611e-06,0.00453442868149611,0.421174952646534,1.99,0.00227860737763624,0.211645704847505
"794","9","12","O","13CG",14,177,"0912O_13CG_96HR","96HR","R1","402",NA,"402","1:1","5:1",20230624,4835,56,317.0595793,0.247864313,3.914611739,0.005007005,92.14525839,0.37742956,0.344346816,24024.04112,0,"",326.492113681076,3.98460441585247,331.575735734196,-1.92502882690062,3917.90536417291,47.8152529902297,6.26500140855833,27.9244593812222,-0.56970687437247,3965.72061716314,3959.45561575458,48.3849598646022,0.0052343431798962,2.53263484676832e-07,3.04169445096875e-06,0.00304169445096875,0.248909045476105,2,0.00152084722548437,0.124454522738052
"795","9","12","O","13CG",9,198,"0912O_13CG_48HR","48HR","R1","255","x","255","1:1","5:1",20230607,100656,78,474.34,0.26,6.6,0.01,226.95,0.31,0.5,23666.53,0,NA,514.683635158767,7.17281898550894,522.671385313573,157.474918575786,6176.2036219052,86.0738278261072,15.0157647633764,77.7772727272727,-0.0683732947856857,6262.27744973131,6247.26168496793,86.1422011208929,0.0052343431798962,4.50897842938392e-07,5.41528309369009e-06,0.00541528309369009,0.392730742240802,2,0.00270764154684505,0.196365371120401
"796","9","12","O","13CG",10,92,"0912O_13CG_72HR","72HR","R1","972",NA,"972","1:1","5:1",20230609,155328,103,529.2,0.3,6.8,0,134.4,0.3,0.2,23625.9,0,NA,580.325542920183,7.41026804387856,588.446231414628,48.0391156809695,6963.9065150422,88.9232165265427,24.4289815769401,27.7454545454545,-0.314456864368751,7052.82973156874,7028.4007499918,89.2376733909115,0.0052343431798962,4.67100607103522e-07,5.6098782913133e-06,0.0056098782913133,0.441836628990876,2,0.00280493914565665,0.220918314495438
"797","9","12","O","13CG",5,12,"0912O_13CG_24HR","24HR","R1",NA,"",NA,"1:1","5:1",20221217,5259,12,1273.528836,1.396149908,27.66204766,0.036568265,926.8389301,1.627508654,0.182137573,23248.18968,0,"",1470.94101497403,32.1786359065247,1502.54562499739,985.059002883596,17651.2921796884,386.143630878296,400.209713110068,73.092049715,4.7193759072836,18037.4358105667,17637.2260974566,381.424254971012,0.0052343431798962,1.99650544765451e-06,2.39780304263306e-05,0.0239780304263306,1.10875472256747,2,0.0119890152131653,0.554377361283734
"798","9","12","O","13CP",12,100,"0912O_13CP_96HR","96HR","R1","35",NA,"35","1:1","5:1",20230622,130933,21,501.202475,0.325947181,5.602214977,0.004847425,-11.23739205,0.362049849,0.340084584,24051.90375,0,"",546.825525537793,5.98820341467562,553.569423865856,-124.169905718263,6561.90630645351,71.8584409761074,67.0347578488204,20.9810097159091,0.0668402807052713,6633.76474742962,6566.7299895808,71.7916006954022,0.0052343431798962,3.75781875473809e-07,4.51314032444045e-06,0.00451314032444045,0.412813945205537,1.99,0.0022679097107741,0.207444193570622
"799","9","12","O","13CP",5,10,"0912O_13CP_24HR","24HR","R1",NA,"",NA,"1:1","5:1",20221217,2258,10,1067.907241,0.974859205,12.62669366,0.007571328,48.77004888,0.993919922,0.188190335,23266.46663,0,"",1224.90758856599,14.3279826587549,1238.94815202966,-53.2140712737698,14698.8910627919,171.935791905058,400.209713110068,73.092049715,4.7193759072836,14870.8268546969,14470.6171415869,167.216415997775,0.0052343431798962,8.75268106644637e-07,1.05119699608021e-05,0.0105119699608021,0.909687555488891,1.99,0.00528239696522718,0.457129424868789
"800","9","12","O","13CP",7,50,"0912O_13CP_48HR","48HR","R1","3","","3","1:1","5:1",20230603,33123,70,587.88,0.47,6.59,0.01,-8.16,0.22,0.34,23814.2,0,NA,650.53821421876,7.16094653259046,658.294674050456,-120.5310416468,7806.45857062511,85.9313583910855,252.991137831703,20.2071428571429,2.26109448044047,7892.3899290162,7639.3987911845,83.670263910645,0.0052343431798962,4.379588752608e-07,5.2598860918822e-06,0.0052598860918822,0.480246691883337,1.99,0.00264315884014181,0.241329995921275
"801","9","12","O","13CP",10,38,"0912O_13CP_72HR","72HR","R1","17",NA,"17","1:1","5:1",20230609,22238,49,556.9,0.3,6.2,0,-5.6,0.8,0.2,23556.7,0,NA,613.469561239382,6.69792086876969,620.819975136724,-117.50396811454,7361.63473487258,80.3750504252363,24.4289815769401,27.7454545454545,-0.314456864368751,7442.00978529782,7417.58080372088,80.689507289605,0.0052343431798962,4.22356572170528e-07,5.07250243176805e-06,0.00507250243176805,0.466302223530337,1.99,0.00254899619686836,0.234322725392129
"802","9","16","M","12CG",14,232,"0916M_12CG_96HR","96HR","R1","211",NA,"211","1:1","5:1",20230624,143411,111,302.8135289,0.141830671,3.415188223,0.003837614,-1.42992662,0.376052716,0.291462796,24081.99626,0,"",309.446216372996,3.39166619784324,313.960747039826,-112.573062350406,3713.35459647595,40.6999943741189,6.26500140855833,27.9244593812222,-0.56970687437247,3754.05459085007,3747.78958944151,41.2697012484914,0.0052343431798962,2.16019779266394e-07,2.5943975489894e-06,0.0025943975489894,0.235602774694921,9.99,0.000259699454353293,0.023583861330823
"803","9","16","M","12CG",7,1,"0916M_12CG_48HR","48HR","R1","83","","83","1:1","5:1",20230602,151551,1,950.92,1.55,10.69,0.01,-11.79,0.18,0.68,23872.59,0,NA,1084.92826514301,12.0286522291678,1096.88125228404,-124.823337319498,13019.1391817162,144.343826750013,252.991137831703,20.2071428571429,2.26109448044047,13163.4830084662,12910.4918706345,142.082732269573,0.0052343431798962,7.43709780636254e-07,8.93195446544141e-06,0.00893195446544141,0.811611120316651,9.99,0.000894089536080222,0.0812423543860512
"804","9","16","M","12CG",5,16,"0916M_12CG_24HR","24HR","R1",NA,"",NA,"1:1","5:1",20221217,15302,16,834.2999486,0.651386702,9.340421627,0.005861432,-6.970960612,0.921716586,0.189010548,23235.29853,0,"",945.388296912418,10.4263716598435,955.954368104648,-119.125061310773,11344.659562949,125.116459918121,400.209713110068,73.092049715,4.7193759072836,11469.7760228671,11069.5663097571,120.397084010838,0.0052343431798962,6.30199655571518e-07,7.56869786341394e-06,0.00756869786341394,0.695882326103807,9.99,0.000757627413755149,0.0696578905008815
"805","9","16","M","12CG",10,9,"0916M_12CG_72HR","72HR","R1","69",NA,"69","1:1","5:1",20230608,190712,20,428.5,0.2,4.8,0,-9.1,0.4,0.2,23561.2,0,NA,459.834472712844,5.03577746018232,465.76049413569,-121.642545209427,5518.01367255413,60.4293295221878,24.4289815769401,27.7454545454545,-0.314456864368751,5578.44300207632,5554.01402049938,60.7437863865566,0.0052343431798962,3.17953823993544e-07,3.81862542616246e-06,0.00381862542616246,0.349150101065078,9.99,0.00038224478740365,0.0349499600665744
"806","9","16","M","12CP",1,3,"0916M_12CP_24HR","24HR","R1",NA,"",NA,"1:1","1:1",20221212,222902,3,3467.4,16.5,38.4,0.2,-23.3,0.6,0.5,24572.71935,0,"",4095.98455466996,44.9272192662792,4136.17848624414,-138.433343708686,16383.9382186799,179.708877065117,2257.42722379298,35.4888888888889,26.264018900924,16563.647095745,14306.219871952,153.444858164193,0.0052343431798962,8.03183046821881e-07,9.64622839233079e-06,0.00964622839233079,0.899352809646337,10,0.000964622839233079,0.0899352809646337
"807","9","16","M","12CP",9,197,"0916M_12CP_48HR","48HR","R1","248","","248","1:1","5:1",20230607,95155,77,376.49,0.18,4.17,0,-21.63,0.36,0.41,23694.58,0,NA,397.602689579938,4.287812926318,402.876587510926,-136.458651209125,4771.23227495925,51.453755115816,15.0157647633764,77.7772727272727,-0.0683732947856857,4822.68603007507,4807.67026531169,51.5221284106017,0.0052343431798962,2.69684501459769e-07,3.23891086253183e-06,0.00323891086253183,0.302231602733732,10,0.000323891086253183,0.0302231602733732
"808","9","16","M","12CP",14,178,"0916M_12CP_96HR","96HR","R1","290",NA,"290","1:1","5:1",20230624,10336,57,219.8250859,0.333280721,2.438753459,0.006063311,-17.82027694,0.565681185,0.29049699,24092.54653,0,"",210.14764326564,2.23239862148741,213.656044663854,-131.953841896559,2521.77171918768,26.7887834578489,6.26500140855833,27.9244593812222,-0.56970687437247,2548.56050264553,2542.29550123697,27.3584903322214,0.0052343431798962,1.43203727282719e-07,1.71987676466545e-06,0.00171987676466545,0.159820037889348,10,0.000171987676466545,0.0159820037889348
"809","9","16","M","12CP",10,10,"0916M_12CP_72HR","72HR","R1","222",NA,"222","1:1","5:1",20230608,192213,21,261.3,1.3,2.9,0,-15,0.8,0.2,23621.5,0,NA,259.773827840282,2.78001140567089,263.753111722171,-128.619003740809,3117.28593408338,33.3601368680507,24.4289815769401,27.7454545454545,-0.314456864368751,3150.64607095143,3126.21708937449,33.6745937324194,0.0052343431798962,1.76264380039065e-07,2.11693520426917e-06,0.00211693520426917,0.196527954138714,10,0.000211693520426917,0.0196527954138714
"810","9","16","M","13CG",14,199,"0916M_13CG_96HR","96HR","R1","219",NA,"219","1:1","5:1",20230624,61850,78,258.1778341,0.286517575,6.345266061,0.006091242,1175.858014,3.453813003,0.310586466,24038.02921,0,"",256.038047198218,6.87038731575726,264.139088172679,1279.51176768887,3072.45656637861,82.4446477890871,6.26500140855833,27.9244593812222,-0.56970687437247,3154.9012141677,3148.63621275914,83.0143546634596,0.0052343431798962,4.34525621166164e-07,5.21865271020563e-06,0.00521865271020563,0.197937320259622,10.01,0.000521343927093469,0.0197739580678943
"811","9","16","M","13CG",9,207,"0916M_13CG_48HR","48HR","R1","81","","81","1:1","5:1",20230607,122205,87,776.22,0.68,32.15,0.06,2666.2,3.85,0.31,23714.52,0,NA,875.893608090162,37.5069361922284,913.820274868031,3041.7675410629,10510.7232970819,450.083234306741,15.0157647633764,77.7772727272727,-0.0683732947856857,10960.8065313887,10945.7907666253,450.151607601527,0.0052343431798962,2.35624799716836e-06,2.8298538445992e-05,0.028298538445992,0.68810124322675,10.01,0.00282702681778142,0.0687413829397352
"812","9","16","M","13CG",5,14,"0916M_13CG_24HR","24HR","R1",NA,"",NA,"1:1","5:1",20221217,12300,14,1301.731982,1.539848815,57.75105538,0.094784326,2934.730302,3.614538287,0.194463219,23281.63422,0,"",1504.68706507089,67.9016686584764,1572.18161191769,3359.29135738875,18056.2447808507,814.820023901717,400.209713110068,73.092049715,4.7193759072836,18871.0648047524,18470.8550916424,810.100647994434,0.0052343431798962,4.24034480185915e-06,5.09265410703284e-05,0.0509265410703284,1.16116036045323,10.01,0.00508756654049235,0.116000036009314
"813","9","16","M","13CG",11,235,"0916M_13CG_72HR","72HR","R1","264",NA,"264","1:1","5:1",20230617,164611,106,361.2,3.1,9.4,0.3,1301.3,92.1,0.5,27644.4,0,NA,379.307670081723,10.4971058026837,390.858880431801,1427.84071911654,4551.69204098068,125.965269632204,735.983183544067,16.8769230769231,7.49645481794392,4677.65731061288,3941.67412706882,118.46881481426,0.0052343431798962,6.20106432853408e-07,7.44747825856943e-06,0.00744747825856943,0.247791221763595,10.01,0.000744003822034909,0.024754367808551
"814","9","16","M","13CP",1,4,"0916M_13CP_24HR","24HR","R1",NA,"",NA,"1:1","1:1",20221212,224403,4,4998.9,21.1,65.2,0.3,150.1,0.7,0.5,24488.72678,0,"",5928.47784188485,76.7453930878088,5997.72848041911,66.6035900780372,23713.9113675394,306.981572351235,2257.42722379298,35.4888888888889,26.264018900924,24020.8929398906,21763.4657160977,280.717553450311,0.0052343431798962,1.46937201137978e-06,1.76471578566712e-05,0.0176471578566712,1.36814855458695,10,0.00176471578566712,0.136814855458695
"815","9","16","M","13CP",10,120,"0916M_13CP_72HR","72HR","R1","300",NA,"300","1:1","5:1",20230609,225353,131,337.2,0.2,4.2,0,110.5,0.4,0.3,23629.2,0,NA,350.5908311048,4.32343028507345,355.976470222015,19.778546375879,4207.08997325761,51.8811634208814,24.4289815769401,27.7454545454545,-0.314456864368751,4258.97113667849,4234.54215510155,52.1956202852501,0.0052343431798962,2.73209789060551e-07,3.28124956661721e-06,0.00328124956661721,0.26620221266296,10,0.000328124956661721,0.026620221266296
"816","9","16","M","13CP",12,2,"0916M_13CP_96HR","96HR","R1","206",NA,"206","1:1","5:1",20230621,122329,52,280.0529563,0.276536481,3.491113359,0.008856675,102.7321693,1.392434631,0.336430692,24288.53455,0,"",282.212395607297,3.48180795809217,286.861597097921,10.5934703153117,3386.54874728757,41.781695497106,67.0347578488204,20.9810097159091,0.0668402807052713,3428.33044278467,3361.29568493585,41.7148552164007,0.0052343431798962,2.18349867902324e-07,2.62238191350692e-06,0.00262238191350692,0.211306043480143,10,0.000262238191350692,0.0211306043480143
"817","9","16","M","13CP",7,48,"0916M_13CP_48HR","48HR","R1","27","","27","1:1","5:1",20230603,30121,68,425.28,0.22,5.34,0,111.34,0.35,0.33,23768.88,0,NA,455.981630150107,5.6768899177803,462.558957856162,20.7718048786521,5471.77956180129,68.1226790133637,252.991137831703,20.2071428571429,2.26109448044047,5539.90224081465,5286.91110298295,65.8615845329232,0.0052343431798962,3.44742135817063e-07,4.14035305116293e-06,0.00414035305116293,0.332358819966141,10,0.000414035305116293,0.0332358819966141
"818","9","16","O","12CG",7,19,"0916O_12CG_48HR","48HR","R1","73","","73","1:1","5:1",20230602,194603,19,639.52,0.71,7.09,0.01,-22.35,0.29,0.51,23850.65,0,NA,712.327279417438,7.75456917851452,720.581279130532,-137.310015640074,8547.92735300926,93.0548301421742,252.991137831703,20.2071428571429,2.26109448044047,8640.98218315144,8387.99104531973,90.7937356617337,0.0052343431798962,4.75245571038294e-07,5.70769930816991e-06,0.00570769930816991,0.527306540890408,2.02,0.0028255937169158,0.261042842024954
"819","9","16","O","12CG",11,166,"0916O_12CG_72HR","72HR","R1","67",NA,"67","1:1","5:1",20230616,232300,37,462.4,1.6,5.1,0,-18.8,1,0.5,27616.7,0,NA,500.397007767748,5.39195104773675,506.615919792357,-133.112316015259,6004.76409321297,64.7034125728411,735.983183544067,16.8769230769231,7.49645481794392,6069.46750578582,5333.48432224175,57.2069577548971,0.0052343431798962,2.99440849166956e-07,3.59628459849514e-06,0.00359628459849514,0.335286620319385,2.02,0.00178033891014611,0.165983475405636
"820","9","16","O","12CG",5,22,"0916O_12CG_24HR","24HR","R1",NA,"",NA,"1:1","5:1",20221217,32307,22,1201.112364,0.989981345,13.29906303,0.007749287,-17.68367021,0.728846638,0.176320001,23238.68782,0,"",1384.2921747365,15.1262500276702,1398.8786180128,-131.792311186906,16611.506096838,181.515000332043,400.209713110068,73.092049715,4.7193759072836,16793.02109717,16392.81138406,176.795624424759,0.0052343431798962,9.25408970943228e-07,1.11141617410282e-05,0.0111141617410282,1.03052526161442,2.02,0.00550206026783573,0.510161020601199
"821","9","16","O","12CG",12,32,"0916O_12CG_96HR","96HR","R1","11",NA,"11","1:1","5:1",20230621,195348,82,394.2164157,0.209441487,4.368476175,0.004224663,-18.96008522,0.427177201,0.296270864,24146.82949,0,"",418.812965633892,4.52345283063078,424.289718721535,-133.301608879465,5025.7555876067,54.2814339675693,67.0347578488204,20.9810097159091,0.0668402807052713,5080.03702157427,5013.00226372545,54.214593686864,0.0052343431798962,2.8377778871568e-07,3.40817124247532e-06,0.00340817124247532,0.315139688261326,2.02,0.00168721348637392,0.156009746664023
"822","9","16","O","12CP",9,232,"0916O_12CP_48HR","48HR","R1","11","","11","1:1","5:1",20230607,183730,112,563.21,0.44,6.21,0.01,-22.88,0.31,0.22,23657.3,0,NA,621.019696820398,6.70979332168817,628.369866661582,-137.936714457299,7452.23636184477,80.517519860258,15.0157647633764,77.7772727272727,-0.0683732947856857,7532.75388170503,7517.73811694165,80.5858931550437,0.0052343431798962,4.21814220231947e-07,5.06598878498568e-06,0.00506598878498568,0.472598559100317,2.01,0.00252039243034113,0.235123661243939
"823","9","16","O","12CP",1,11,"0916O_12CP_24HR","24HR","R1",NA,"",NA,"1:1","1:1",20221213,2907,11,5451.4,18.5,60.3,0.2,-24.4,0.6,0.5,24013.21102,0,"",6469.90991009558,70.927891157753,6532.43282322391,-139.734039367079,25879.6396403823,283.711564631012,2257.42722379298,35.4888888888889,26.264018900924,26163.3512050134,23905.9239812204,257.447545730088,0.0052343431798962,1.3475688051733e-06,1.61843013501313e-05,0.0161843013501313,1.50283303990412,2.01,0.00805189121897082,0.74767812930553
"824","9","16","O","12CP",11,141,"0916O_12CP_72HR","72HR","R1","216",NA,"216","1:1","5:1",20230616,170647,12,473.9,3.7,5.3,0,-11,2.7,0.5,27681.9,0,NA,514.157159777523,5.62940010610638,520.592775938059,-123.889201346652,6169.88591733028,67.5528012732765,735.983183544067,16.8769230769231,7.49645481794392,6237.43871860356,5501.45553505949,60.0563464553326,0.0052343431798962,3.14355527477953e-07,3.77540988501022e-06,0.00377540988501022,0.345846040175884,2.01,0.00187831337562698,0.172062706555166
"825","9","16","O","12CP",14,169,"0916O_12CP_96HR","96HR","R1","I3",NA,"I3","1:1","5:1",20230623,224830,48,374.3419012,0.192916837,4.142500782,0.005056931,-20.2027518,0.549695039,0.28712657,24095.63415,0,"",395.032414273849,4.255164609218,400.277611397382,-134.771000720771,4740.38897128619,51.061975310616,6.26500140855833,27.9244593812222,-0.56970687437247,4791.45094659681,4785.18594518825,51.6316821849884,0.0052343431798962,2.70257943511562e-07,3.24579790157386e-06,0.00324579790157386,0.300818138054942,2.01,0.00161482482665366,0.149660765201464
"826","9","16","O","13CG",13,116,"0916O_13CG_96HR","96HR","R1","28",NA,"28","1:1","5:1",20230622,213628,16,367.3899017,0.160411747,4.533792254,0.00397483,93.06196715,0.396300806,0.26883705,24264.4129,0,"",386.714103848468,4.71972356709032,392.440169318638,-0.84106600495235,4640.56924618162,56.6366828050838,50.4935566101421,79.34086271525,0.320981432927764,4697.2059289867,4646.71237237656,56.3157013721561,0.0052343431798962,2.94775707398416e-07,3.54025624585498e-06,0.00354025624585498,0.292113071455615,2.01,0.00176132151535073,0.145329886296326
"827","9","16","O","13CG",5,4,"0916O_13CG_24HR","24HR","R1",NA,"",NA,"1:1","5:1",20221216,225254,4,1101.657025,0.832389781,22.78358679,0.026805116,833.3006909,1.791875635,0.223277167,23371.92513,0,"",1265.29038492574,26.3867062071519,1291.3992041734,874.45465595524,15183.4846191089,316.640474485823,400.209713110068,73.092049715,4.7193759072836,15500.1250935947,15099.9153804846,311.921098578539,0.0052343431798962,1.6327020750103e-06,1.96087519208738e-05,0.0196087519208738,0.94924805045708,2.01,0.00975559797058396,0.472262711670189
"828","9","16","O","13CG",10,35,"0916O_13CG_72HR","72HR","R1","29",NA,"29","1:1","5:1",20230609,13735,46,483.8,0.2,6.2,0,129,0.4,0.3,23555.8,0,NA,526.002855855504,6.69792086876969,533.494489303322,41.653882448857,6312.03427026605,80.3750504252363,24.4289815769401,27.7454545454545,-0.314456864368751,6392.40932069129,6367.98033911435,80.689507289605,0.0052343431798962,4.22356572170528e-07,5.07250243176805e-06,0.00507250243176805,0.400319655437653,2.01,0.00252363305063087,0.199164007680424
"829","9","16","O","13CG",7,36,"0916O_13CG_48HR","48HR","R1","32","","32","1:1","5:1",20230603,113,56,617.03,0.73,8.46,0.01,213.11,0.46,0.36,23835.91,0,NA,685.417208226147,9.38109522834644,695.351261882907,141.109802292002,8225.00649871376,112.573142740157,252.991137831703,20.2071428571429,2.26109448044047,8337.57964145392,8084.58850362222,110.312048259717,0.0052343431798962,5.77411117468629e-07,6.93470752079823e-06,0.00693470752079823,0.508233303461388,2.01,0.00345010324417823,0.252852389781785
"830","9","16","O","13CP",12,10,"0916O_13CP_96HR","96HR","R1","262",NA,"262","1:1","5:1",20230621,142334,60,396.7301428,0.155574081,4.442193417,0.005275693,-8.997939853,0.791659112,0.308443038,24280.88102,0,"",421.820727982335,4.61097327912331,427.380687726078,-121.52186412752,5061.84873578802,55.3316793494797,67.0347578488204,20.9810097159091,0.0668402807052713,5117.1804151375,5050.14565728868,55.2648390687744,0.0052343431798962,2.892751334677e-07,3.47419435294708e-06,0.00347419435294708,0.317474687699324,2.01,0.00172845490196372,0.157947605820559
"831","9","16","O","13CP",9,147,"0916O_13CP_48HR","48HR","R1","227","","227","1:1","5:1",20230606,212113,27,631.39,0.58,7.11,0.01,-3.66,0.25,0.34,23765.74,0,NA,702.599450214006,7.77831408435148,710.893048075691,-115.210013953373,8431.19340256807,93.3397690122177,15.0157647633764,77.7772727272727,-0.0683732947856857,8524.53317158029,8509.51740681691,93.4081423070034,0.0052343431798962,4.88930272631437e-07,5.87205257430356e-06,0.00587205257430356,0.534946230174987,2.01,0.0029214191911958,0.266142403072133
"832","9","16","O","13CP",11,148,"0916O_13CP_72HR","72HR","R1","54",NA,"54","1:1","5:1",20230616,185151,19,454.2,2.7,5.1,0,-6,0.5,0.5,27648.6,0,NA,490.585421117299,5.39195104773675,496.820174459472,-117.976948353955,5887.02505340759,64.7034125728411,735.983183544067,16.8769230769231,7.49645481794392,5951.72846598043,5215.74528243637,57.2069577548971,0.0052343431798962,2.99440849166956e-07,3.59628459849514e-06,0.00359628459849514,0.327885018973831,2.01,0.00178919631765927,0.163126875111359
"833","9","16","O","13CP",1,12,"0916O_13CP_24HR","24HR","R1",NA,"",NA,"1:1","1:1",20221213,4407,12,6272.4,19.9,72.4,0.2,19,0.6,0.5,23977.05014,0,"",7452.26511009782,85.2935591891153,7527.65665698324,-88.4156833904715,29809.0604403913,341.174236756461,2257.42722379298,35.4888888888889,26.264018900924,30150.2346771477,27892.8074533548,314.910217855537,0.0052343431798962,1.64834815111176e-06,1.97966612948522e-05,0.0197966612948522,1.75346632280412,2.01,0.0098490852213195,0.872371304877672
"834","9","5","M","12CG",5,2,"0905M_12CG_24HR","24HR","R1",NA,"",NA,"1:1","5:1",20221216,222252,2,1358.938127,1.690448557,15.11945455,0.017032667,-13.98036891,0.730200817,0.237714356,23450.40706,0,"",1573.13621733987,17.2875012891105,1589.59240740942,-127.41334034815,18877.6346080785,207.450015469326,400.209713110068,73.092049715,4.7193759072836,19085.0846235478,18684.8749104377,202.730639562042,0.0052343431798962,1.06116174054757e-06,1.27445525039763e-05,0.0127445525039763,1.17461460113151,9.99,0.00127573098137901,0.117579039152303
"835","9","5","M","12CG",10,34,"0905M_12CG_72HR","72HR","R1","59",NA,"59","1:1","5:1",20230609,12235,45,454.4,0.2,5.1,0,-14.5,0.2,0.2,23588,0,NA,490.824728108774,5.39195104773675,497.059095077347,-128.02777844154,5889.89673730528,64.7034125728411,24.4289815769401,27.7454545454545,-0.314456864368751,5954.60014987812,5930.17116830118,65.0178694372098,0.0052343431798962,3.40325841460041e-07,4.08731335593509e-06,0.00408731335593509,0.372797017635076,9.99,0.000409140476069578,0.0373170187822899
"836","9","5","M","12CG",13,117,"0905M_12CG_96HR","96HR","R1","259",NA,"259","1:1","5:1",20230622,215129,17,336.4714806,0.171531525,3.732398489,0.004903087,-17.86433539,0.50371836,0.291508717,24279.06764,0,"",349.719132175577,3.76827259267763,354.547580486467,-132.005938837132,4196.62958610692,45.2192711121316,50.4935566101421,79.34086271525,0.320981432927764,4241.84885721905,4191.35530060891,44.8982896792038,0.0052343431798962,2.35013056371344e-07,2.82250680701984e-06,0.00282250680701984,0.263487294307491,9.99,0.0002825332139159,0.0263751045352844
"837","9","5","M","12CG",7,49,"0905M_12CG_48HR","48HR","R1","57","","57","1:1","5:1",20230603,31622,69,681.96,0.75,7.6,0.01,-14.72,0.23,0.38,23741.97,0,NA,763.108223008297,8.36006427735706,771.889481819241,-128.287917573218,9157.29867609957,100.320771328285,252.991137831703,20.2071428571429,2.26109448044047,9257.61944742785,9004.62830959615,98.0596768478442,0.0052343431798962,5.13278000731338e-07,6.16446878878337e-06,0.00616446878878337,0.566071110505816,9.99,0.000617063942821158,0.056663774825407
"838","9","5","M","12CP",10,71,"0905M_12CP_72HR","72HR","R1","22",NA,"22","1:1","5:1",20230609,103808,82,339.5,0.2,3.8,0,-19.6,0.4,0.2,23539.8,0,NA,353.342861506755,3.8485321683342,358.24621609183,-134.05827649409,4240.11433808107,46.1823860200104,24.4289815769401,27.7454545454545,-0.314456864368751,4286.29672410108,4261.86774252414,46.4968428843791,0.0052343431798962,2.43380432438555e-07,2.92299899358704e-06,0.00292299899358704,0.267920021003927,10.01,0.000292007891467237,0.0267652368635291
"839","9","5","M","12CP",5,7,"0905M_12CP_24HR","24HR","R1",NA,"",NA,"1:1","5:1",20221216,233756,7,216.8460848,0.643711281,2.42354515,0.00848465,-8.926628071,1.998425361,0.203333553,23322.31163,0,"",206.583164311441,2.21434262823019,210.079152853624,-121.437541468211,2478.99797173729,26.5721115387622,400.209713110068,73.092049715,4.7193759072836,2505.57008327605,2105.36037016598,21.8527356314786,0.0052343431798962,1.14384717714705e-07,1.37376045975361e-06,0.00137376045975361,0.132352346124573,10.01,0.000137238807168192,0.0132220125998574
"840","9","5","M","12CP",12,97,"0905M_12CP_96HR","96HR","R1","31",NA,"31","1:1","5:1",20230622,122431,148,271.7893892,0.238083376,3.014756269,0.004653058,-18.43585047,0.38980152,0.318343088,24054.29822,0,"",272.32474869956,2.9162552457512,276.420856659633,-132.681727185553,3267.89698439472,34.9950629490144,67.0347578488204,20.9810097159091,0.0668402807052713,3302.89204734373,3235.85728949491,34.9282226683091,0.0052343431798962,1.82826304109759e-07,2.19574391235821e-06,0.00219574391235821,0.203420426287965,10.01,0.000219355036199621,0.0203217209078886
"841","9","5","M","12CP",9,170,"0905M_12CP_48HR","48HR","R1","66","x","66","1:1","5:1",20230607,30633,50,408.42,0.2,4.52,0,-22.39,0.35,0.47,23799.29,0,NA,435.808050768819,4.70334877846484,441.43837523599,-137.357313664015,5229.69660922583,56.4401853415781,15.0157647633764,77.7772727272727,-0.0683732947856857,5286.13679456741,5271.12102980403,56.5085586363638,0.0052343431798962,2.95785188504015e-07,3.55238011393322e-06,0.00355238011393322,0.331366185517273,10.01,0.000354883128265057,0.0331035150366906
"842","9","5","M","13CG",9,238,"0905M_13CG_48HR","48HR","R1","201","","201","1:1","5:1",20230607,200735,118,489.87,2.01,15.82,0.05,1863.39,3,0.22,23479.95,0,NA,533.265823046751,18.1192205763486,552.237811775635,2092.48437604952,6399.18987656101,217.430646916183,15.0157647633764,77.7772727272727,-0.0683732947856857,6616.62052347719,6601.60475871382,217.499020210969,0.0052343431798962,1.13846451307539e-06,1.36729588020354e-05,0.0136729588020354,0.415006328790179,10.02,0.00136456674671012,0.041417797284449
"843","9","5","M","13CG",5,9,"0905M_13CG_24HR","24HR","R1",NA,"",NA,"1:1","5:1",20221217,757,9,1331.647626,1.346705115,54.79470165,0.088326297,2649.9468,3.480072886,0.186425507,23281.49212,0,"",1540.48217888918,64.3917516114963,1604.38726336162,3022.54893499472,18485.7861466702,772.701019337956,400.209713110068,73.092049715,4.7193759072836,19258.4871660082,18858.2774528981,767.981643430672,0.0052343431798962,4.01987947757681e-06,4.82787525256975e-05,0.0482787525256975,1.18551545860171,10.02,0.00481823877501971,0.118314916028115
"844","9","5","M","13CG",12,47,"0905M_13CG_96HR","96HR","R1","264",NA,"264","1:1","5:1",20230621,233858,97,288.4705291,0.196889512,5.878816029,0.005300641,804.6112301,2.067451912,0.292978022,24124.03048,0,"",292.284315718719,6.31659671138286,299.769612555944,840.530785860508,3507.41178862463,75.7991605365943,67.0347578488204,20.9810097159091,0.0668402807052713,3583.21094916123,3516.17619131241,75.732320255889,0.0052343431798962,3.96408954029127e-07,4.76087153788982e-06,0.00476087153788982,0.221042523124377,10.02,0.000475136880028924,0.022060132048341
"845","9","5","M","13CG",10,55,"0905M_13CG_72HR","72HR","R1","264",NA,"264","1:1","5:1",20230609,63753,66,348.8,0.2,7.9,0,1009.5,2.2,0.2,23593.9,0,NA,364.470636610313,8.71623786491149,374.253897489471,1082.80163446275,4373.64763932376,104.594854378938,24.4289815769401,27.7454545454545,-0.314456864368751,4478.2424937027,4453.81351212576,104.909311243307,0.0052343431798962,5.4913133781401e-07,6.59506736714626e-06,0.00659506736714626,0.279986588464517,10.02,0.000658190356002621,0.027942773299852
"846","9","5","M","13CP",8,103,"0905M_13CP_48HR","48HR","R1","80","","80","1:1","5:1",20230606,1502,73,480.02,0.25,5.83,0,74.62,0.33,0.29,23758.65,0,NA,521.479953716639,6.25864011078588,528.536886482411,-22.6477810997129,6257.75944459967,75.1036813294306,83.7209787008222,21.8485714285714,0.266522390135628,6332.8631259291,6249.14214722827,74.837158939295,0.0052343431798962,3.91723372496706e-07,4.70459770368544e-06,0.00470459770368544,0.39284895648834,10.01,0.000469989780587956,0.0392456499988351
"847","9","5","M","13CP",5,8,"0905M_13CP_24HR","24HR","R1",NA,"",NA,"1:1","5:1",20221216,235256,8,954.9432281,0.932944418,12.08048494,0.012100396,122.0826653,0.789862283,0.188973344,23279.95543,0,"",1089.74219820614,13.6794989275685,1103.34849060662,33.474475892545,13076.9063784737,164.153987130822,400.209713110068,73.092049715,4.7193759072836,13241.0603656045,12840.8506524945,159.434611223538,0.0052343431798962,8.34535469897328e-07,1.00227709934669e-05,0.0100227709934669,0.80723316263377,10.01,0.00100127582352317,0.0806426735897872
"848","9","5","M","13CP",14,205,"0905M_13CP_96HR","96HR","R1","36",NA,"36","1:1","5:1",20230624,74853,84,313.1358248,0.192551207,3.697564682,0.004063605,45.09244638,0.419884591,0.31246249,24032.90542,0,"",321.797204257681,3.72691631931973,326.62912140171,-57.5626545510846,3861.56645109217,44.7229958318368,6.26500140855833,27.9244593812222,-0.56970687437247,3906.28944692401,3900.02444551545,45.2927027062093,0.0052343431798962,2.37077549509313e-07,2.84730136960684e-06,0.00284730136960684,0.245172936957325,10.01,0.000284445691269415,0.0244928008948377
"849","9","5","M","13CP",10,44,"0905M_13CP_72HR","72HR","R1","261",NA,"261","1:1","5:1",20230609,35243,55,353.7,0.2,4.2,0,54.3,0.4,0.2,23593,0,NA,370.333657901435,4.32343028507345,375.687421196723,-46.6751772620325,4444.00389481722,51.8811634208814,24.4289815769401,27.7454545454545,-0.314456864368751,4495.8850582381,4471.45607666116,52.1956202852501,0.0052343431798962,2.73209789060551e-07,3.28124956661721e-06,0.00328124956661721,0.281095678785112,10.01,0.000327797159502219,0.0280814863921191
"850","9","5","O","12CG",5,20,"0905O_12CG_24HR","24HR","R1",NA,"",NA,"1:1","5:1",20221217,25306,20,1869.324698,2.002814945,20.9730337,0.012512676,-4.614493523,1.041839344,0.176272899,23218.95046,0,"",2183.83159131449,24.2371355754083,2206.29448563866,-116.338655390946,26205.9790957739,290.8456269049,400.209713110068,73.092049715,4.7193759072836,26496.8247226788,26096.6150095687,286.126250997616,0.0052343431798962,1.49768299049864e-06,1.79871727158887e-05,0.0179871727158887,1.64054965191249,1.98,0.00908443066459023,0.828560430258833
"851","9","5","O","12CG",11,160,"0905O_12CG_72HR","72HR","R1","65",NA,"65","1:1","5:1",20230616,215217,31,1025.1,34.5,11.4,0.4,-22,0.6,0.5,27608.4,0,NA,1173.68722828085,12.8715963863799,1186.34507764743,-136.896157930585,14084.2467393702,154.459156636559,735.983183544067,16.8769230769231,7.49645481794392,14238.7058960068,13502.7227124627,146.962701818615,0.0052343431798962,7.69253215963386e-07,9.23873112372027e-06,0.00923873112372027,0.848841393325504,1.98,0.00466602582006074,0.42870777440682
"852","9","5","O","12CG",13,136,"0905O_12CG_96HR","96HR","R1","30",NA,"30","1:1","5:1",20230623,23646,36,782.6447618,0.694993399,8.641383452,0.006842258,-22.713626,0.229166054,0.308708774,24177.1531,0,"",883.581060176648,9.5964418777526,893.411849207615,-137.739985421418,10602.9727221198,115.157302533031,50.4935566101421,79.34086271525,0.320981432927764,10718.1300246528,10667.6364680427,114.836321100103,0.0052343431798962,6.01092714154696e-07,7.2191234969979e-06,0.0072191234969979,0.670615223007254,1.98,0.00364602196818076,0.338694557074371
"853","9","5","O","12CG",7,8,"0905O_12CG_48HR","48HR","R1","4","","4","1:1","5:1",20230602,170056,8,1149.05,2,12.7,0.02,-24.53,0.18,0.49,23812.92,0,NA,1321.99773624708,14.4150152657825,1335.9691145918,-139.887757944889,15863.972834965,172.98018318939,252.991137831703,20.2071428571429,2.26109448044047,16036.9530181544,15783.9618803227,170.719088708949,0.0052343431798962,8.93602297661782e-07,1.0732163594918e-05,0.010732163594918,0.992250265372304,1.98,0.00542028464389798,0.50113649766278
"854","9","5","O","12CP",11,215,"0905O_12CP_72HR","72HR","R1","256",NA,"256","1:1","5:1",20230617,114348,86,874.4,25,9.7,0.3,-23.3,0.6,0.5,27567.6,0,NA,993.369410204923,10.8532793902381,1004.28756682649,-138.433343708686,11920.4329224591,130.239352682857,735.983183544067,16.8769230769231,7.49645481794392,12050.6722751419,11314.6890915979,122.742897864913,0.0052343431798962,6.42478450319905e-07,7.71616618834206e-06,0.00771616618834206,0.711291837807807,2.01,0.00383888865091645,0.35387653622279
"855","9","5","O","12CP",5,21,"0905O_12CP_24HR","24HR","R1",NA,"",NA,"1:1","5:1",20221217,30806,21,1592.826559,1.780800031,17.56814791,0.011091535,-21.42362013,0.826132893,0.173286138,23188.86269,0,"",1852.99190235275,20.1947009519502,1871.92146749878,-136.214617208317,22235.902828233,242.336411423403,400.209713110068,73.092049715,4.7193759072836,22478.2392396564,22078.0295265463,237.617035516119,0.0052343431798962,1.24376910928095e-06,1.49376670024642e-05,0.0149376670024642,1.38792343916667,2.01,0.0074316751256041,0.690509173714762
"856","9","5","O","12CP",13,144,"0905O_12CP_96HR","96HR","R1","228",NA,"228","1:1","5:1",20230623,43652,44,541.2180779,0.28212731,6.006186778,0.004967832,-19.03898958,0.344426495,0.388721894,24143.49682,0,"",594.70559324795,6.46781703345227,601.854772674944,-133.394909387175,7136.46711897541,77.6138044014273,50.4935566101421,79.34086271525,0.320981432927764,7214.08092337683,7163.58736676669,77.2928229684995,0.0052343431798962,4.0457716076009e-07,4.85897170072868e-06,0.00485897170072868,0.450335062868678,2.01,0.00241739885608392,0.224047294959541
"857","9","5","O","12CP",8,96,"0905O_12CP_48HR","48HR","R1","77","","77","1:1","5:1",20230605,222957,65,1157.6,1.75,12.75,0.02,-25.02,0.19,0.29,23814.35,0,NA,1332.22811013261,14.4743775303749,1346.24270116044,-140.467158738174,15986.7373215914,173.692530364499,83.7209787008222,21.8485714285714,0.266522390135628,16160.4298519559,16076.708873255,173.426007974363,0.0052343431798962,9.0777124205723e-07,1.09023326171073e-05,0.0109023326171073,1.01065364746525,2.01,0.00542404607816285,0.50281275993296
"858","9","5","O","13CG",5,18,"0905O_13CG_24HR","24HR","R1",NA,"",NA,"1:1","5:1",20221217,22304,18,1700.627183,1.876372516,27.25297539,0.032504023,421.8171646,0.935217,0.173034162,23241.59311,0,"",1981.97911739524,31.6929667799415,2012.26995079355,387.895713992722,23783.7494087429,380.315601359299,400.209713110068,73.092049715,4.7193759072836,24164.0650101022,23763.8552969921,375.596225452015,0.0052343431798962,1.96599954108951e-06,2.3611654488485e-05,0.023611654488485,1.49390196856123,2.01,0.0117470917853159,0.743234810229466
"859","9","5","O","13CG",9,166,"0905O_13CG_48HR","48HR","R1","305","","305","1:1","5:1",20230607,20630,46,1145.32,1.57,13.96,0.02,75.79,0.15,0.46,23788.4,0,NA,1317.53466085609,15.9109443335111,1333.01844496104,-21.2643138994218,15810.4159302731,190.931332002133,15.0157647633764,77.7772727272727,-0.0683732947856857,16001.3472622752,15986.3314975118,190.999705296919,0.0052343431798962,9.99758004783111e-07,1.20070936374452e-05,0.0120070936374452,1.00497212239918,2.01,0.00597367842658964,0.499986130546858
"860","9","5","O","13CG",11,209,"0905O_13CG_72HR","72HR","R1","73",NA,"73","1:1","5:1",20230617,101305,80,872.5,24.9,10.3,0.3,41.3,0.7,0.5,27582.1,0,NA,991.095993785917,11.565626565347,1002.7345828103,-62.047035043044,11893.151925431,138.787518784164,735.983183544067,16.8769230769231,7.49645481794392,12031.9394442152,11295.9562606711,131.29106396622,0.0052343431798962,6.87222485252898e-07,8.25354204788731e-06,0.00825354204788731,0.710114208477529,2.01,0.00410623982481956,0.353290650983845
"861","9","5","O","13CG",14,180,"0905O_13CG_96HR","96HR","R1","265",NA,"265","1:1","5:1",20230624,13337,59,866.3686222,0.905004486,10.05808504,0.009818568,27.45739877,0.284416471,0.316082266,24050.1273,0,"",983.759585911364,11.2784141680594,995.121027589708,-78.4152271527991,11805.1150309364,135.340970016712,6.26500140855833,27.9244593812222,-0.56970687437247,11940.4560009531,11934.1909995445,135.910676891085,0.0052343431798962,7.11403124659925e-07,8.5439515271657e-06,0.0085439515271657,0.750236491705194,2.01,0.00425072215281876,0.373251985922982
"862","9","5","O","13CP",14,212,"0905O_13CP_96HR","96HR","R1","204",NA,"204","1:1","5:1",20230624,93358,91,715.3627077,0.691279571,7.922910585,0.007379022,-19.35645425,0.218347065,0.287836748,24058.14788,0,"",803.075730442219,8.74343834908623,812.178209613626,-133.770295676231,9636.90876530663,104.921260189035,6.26500140855833,27.9244593812222,-0.56970687437247,9741.83002549566,9735.5650240871,105.490967063407,0.0052343431798962,5.52175923989e-07,6.63163284710789e-06,0.00663163284710789,0.612021053519058,1.61,0.00411902661311049,0.380137300322396
"863","9","5","O","13CP",9,218,"0905O_13CP_48HR","48HR","R1","41","x","41","1:1","5:1",20230607,150716,98,860.21,0.84,9.58,0.01,-13.86,0.15,0.32,23711.26,0,NA,976.390579159818,10.7108099552163,987.192796617518,-127.271010058475,11716.6869499178,128.529719462596,15.0157647633764,77.7772727272727,-0.0683732947856857,11845.2166693804,11830.200904617,128.598092757382,0.0052343431798962,6.7312654977226e-07,8.08424986276484e-06,0.00808424986276484,0.743699210376827,1.61,0.00502127320668623,0.461924975389333
"864","9","5","O","13CP",11,193,"0905O_13CP_72HR","72HR","R1","228",NA,"228","1:1","5:1",20230617,61111,64,757.9,17.8,8.4,0.2,-17,0.5,0.5,27588.3,0,NA,853.973087671111,9.30986051083556,863.563322897973,-130.983904937888,10247.6770520533,111.718326130027,735.983183544067,16.8769230769231,7.49645481794392,10359.3953781834,9623.41219463929,104.221871312083,0.0052343431798962,5.45533041298419e-07,6.55185182599402e-06,0.00655185182599402,0.604970626279964,1.61,0.00406947318384721,0.375758152968922
"865","9","5","O","13CP",5,11,"0905O_13CP_24HR","24HR","R1",NA,"",NA,"1:1","5:1",20221217,3759,11,1375.471082,1.497614251,15.50227221,0.013339408,-0.196257534,0.729375962,0.182036391,23273.06459,0,"",1592.91847594603,17.7419997535818,1609.80004168825,-111.114309601265,19115.0217113523,212.903997042982,400.209713110068,73.092049715,4.7193759072836,19327.9257083953,18927.7159952853,208.184621135698,0.0052343431798962,1.08970975180091e-06,1.3087414119129e-05,0.013087414119129,1.18988067518251,1.61,0.00812882864542173,0.739056319989137
